[0.297s] [34mcolcon[0m [1;30mDEBUG[0m [32mCommand line arguments: ['/usr/bin/colcon', 'build'][0m
[0.298s] [34mcolcon[0m [1;30mDEBUG[0m [32mParsed command line arguments: Namespace(log_base=None, log_level=None, verb_name='build', build_base='build', install_base='install', merge_install=False, symlink_install=False, test_result_base=None, continue_on_error=False, executor='parallel', parallel_workers=6, event_handlers=None, ignore_user_meta=False, metas=['./colcon.meta'], base_paths=['.'], packages_ignore=None, packages_ignore_regex=None, paths=None, packages_up_to=None, packages_up_to_regex=None, packages_above=None, packages_above_and_dependencies=None, packages_above_depth=None, packages_select_by_dep=None, packages_skip_by_dep=None, packages_skip_up_to=None, packages_select_build_failed=False, packages_skip_build_finished=False, packages_select_test_failures=False, packages_skip_test_passed=False, packages_select=None, packages_skip=None, packages_select_regex=None, packages_skip_regex=None, packages_start=None, packages_end=None, allow_overriding=[], cmake_args=None, cmake_target=None, cmake_target_skip_unavailable=False, cmake_clean_cache=False, cmake_clean_first=False, cmake_force_configure=False, ament_cmake_args=None, catkin_cmake_args=None, catkin_skip_building_tests=False, verb_parser=<colcon_defaults.argument_parser.defaults.DefaultArgumentsDecorator object at 0xffff87ec5c30>, verb_extension=<colcon_core.verb.build.BuildVerb object at 0xffff87ec56f0>, main=<bound method BuildVerb.main of <colcon_core.verb.build.BuildVerb object at 0xffff87ec56f0>>)[0m
[0.663s] [34mcolcon.colcon_core.package_discovery[0m [1;30mLevel 1[0m discover_packages(colcon_meta) check parameters
[0.664s] [34mcolcon.colcon_core.package_discovery[0m [1;30mLevel 1[0m discover_packages(recursive) check parameters
[0.664s] [34mcolcon.colcon_core.package_discovery[0m [1;30mLevel 1[0m discover_packages(ignore) check parameters
[0.664s] [34mcolcon.colcon_core.package_discovery[0m [1;30mLevel 1[0m discover_packages(path) check parameters
[0.664s] [34mcolcon.colcon_core.package_discovery[0m [1;30mLevel 1[0m discover_packages(colcon_meta) discover
[0.664s] [34mcolcon.colcon_core.package_discovery[0m [1;30mLevel 1[0m discover_packages(recursive) discover
[0.664s] [34mcolcon.colcon_core.package_discovery[0m [1;30mINFO[0m Crawling recursively for packages in '/home/jetson/projects/bishe/edge'
[0.664s] [34mcolcon.colcon_core.package_identification[0m [1;30mLevel 1[0m _identify(.) by extensions ['ignore', 'ignore_ament_install']
[0.665s] [34mcolcon.colcon_core.package_identification[0m [1;30mLevel 1[0m _identify(.) by extension 'ignore'
[0.665s] [34mcolcon.colcon_core.package_identification[0m [1;30mLevel 1[0m _identify(.) by extension 'ignore_ament_install'
[0.665s] [34mcolcon.colcon_core.package_identification[0m [1;30mLevel 1[0m _identify(.) by extensions ['colcon_pkg']
[0.665s] [34mcolcon.colcon_core.package_identification[0m [1;30mLevel 1[0m _identify(.) by extension 'colcon_pkg'
[0.665s] [34mcolcon.colcon_core.package_identification[0m [1;30mLevel 1[0m _identify(.) by extensions ['colcon_meta']
[0.665s] [34mcolcon.colcon_core.package_identification[0m [1;30mLevel 1[0m _identify(.) by extension 'colcon_meta'
[0.665s] [34mcolcon.colcon_core.package_identification[0m [1;30mLevel 1[0m _identify(.) by extensions ['ros']
[0.665s] [34mcolcon.colcon_core.package_identification[0m [1;30mLevel 1[0m _identify(.) by extension 'ros'
[0.686s] [34mcolcon.colcon_core.package_identification[0m [1;30mLevel 1[0m _identify(.) by extensions ['cmake', 'python']
[0.686s] [34mcolcon.colcon_core.package_identification[0m [1;30mLevel 1[0m _identify(.) by extension 'cmake'
[0.687s] [34mcolcon.colcon_core.package_identification[0m [1;30mLevel 1[0m _identify(.) by extension 'python'
[0.687s] [34mcolcon.colcon_core.package_identification[0m [1;30mLevel 1[0m _identify(.) by extensions ['python_setup_py']
[0.687s] [34mcolcon.colcon_core.package_identification[0m [1;30mLevel 1[0m _identify(.) by extension 'python_setup_py'
[0.687s] [34mcolcon.colcon_core.package_identification[0m [1;30mLevel 1[0m _identify(assets) by extensions ['ignore', 'ignore_ament_install']
[0.687s] [34mcolcon.colcon_core.package_identification[0m [1;30mLevel 1[0m _identify(assets) by extension 'ignore'
[0.687s] [34mcolcon.colcon_core.package_identification[0m [1;30mLevel 1[0m _identify(assets) by extension 'ignore_ament_install'
[0.688s] [34mcolcon.colcon_core.package_identification[0m [1;30mLevel 1[0m _identify(assets) by extensions ['colcon_pkg']
[0.688s] [34mcolcon.colcon_core.package_identification[0m [1;30mLevel 1[0m _identify(assets) by extension 'colcon_pkg'
[0.688s] [34mcolcon.colcon_core.package_identification[0m [1;30mLevel 1[0m _identify(assets) by extensions ['colcon_meta']
[0.688s] [34mcolcon.colcon_core.package_identification[0m [1;30mLevel 1[0m _identify(assets) by extension 'colcon_meta'
[0.688s] [34mcolcon.colcon_core.package_identification[0m [1;30mLevel 1[0m _identify(assets) by extensions ['ros']
[0.688s] [34mcolcon.colcon_core.package_identification[0m [1;30mLevel 1[0m _identify(assets) by extension 'ros'
[0.688s] [34mcolcon.colcon_core.package_identification[0m [1;30mLevel 1[0m _identify(assets) by extensions ['cmake', 'python']
[0.688s] [34mcolcon.colcon_core.package_identification[0m [1;30mLevel 1[0m _identify(assets) by extension 'cmake'
[0.688s] [34mcolcon.colcon_core.package_identification[0m [1;30mLevel 1[0m _identify(assets) by extension 'python'
[0.688s] [34mcolcon.colcon_core.package_identification[0m [1;30mLevel 1[0m _identify(assets) by extensions ['python_setup_py']
[0.688s] [34mcolcon.colcon_core.package_identification[0m [1;30mLevel 1[0m _identify(assets) by extension 'python_setup_py'
[0.689s] [34mcolcon.colcon_core.package_identification[0m [1;30mLevel 1[0m _identify(build) by extensions ['ignore', 'ignore_ament_install']
[0.689s] [34mcolcon.colcon_core.package_identification[0m [1;30mLevel 1[0m _identify(build) by extension 'ignore'
[0.689s] [34mcolcon.colcon_core.package_identification[0m [1;30mLevel 1[0m _identify(build) ignored
[0.689s] [34mcolcon.colcon_core.package_identification[0m [1;30mLevel 1[0m _identify(docs) by extensions ['ignore', 'ignore_ament_install']
[0.689s] [34mcolcon.colcon_core.package_identification[0m [1;30mLevel 1[0m _identify(docs) by extension 'ignore'
[0.689s] [34mcolcon.colcon_core.package_identification[0m [1;30mLevel 1[0m _identify(docs) by extension 'ignore_ament_install'
[0.690s] [34mcolcon.colcon_core.package_identification[0m [1;30mLevel 1[0m _identify(docs) by extensions ['colcon_pkg']
[0.690s] [34mcolcon.colcon_core.package_identification[0m [1;30mLevel 1[0m _identify(docs) by extension 'colcon_pkg'
[0.690s] [34mcolcon.colcon_core.package_identification[0m [1;30mLevel 1[0m _identify(docs) by extensions ['colcon_meta']
[0.690s] [34mcolcon.colcon_core.package_identification[0m [1;30mLevel 1[0m _identify(docs) by extension 'colcon_meta'
[0.690s] [34mcolcon.colcon_core.package_identification[0m [1;30mLevel 1[0m _identify(docs) by extensions ['ros']
[0.690s] [34mcolcon.colcon_core.package_identification[0m [1;30mLevel 1[0m _identify(docs) by extension 'ros'
[0.690s] [34mcolcon.colcon_core.package_identification[0m [1;30mLevel 1[0m _identify(docs) by extensions ['cmake', 'python']
[0.690s] [34mcolcon.colcon_core.package_identification[0m [1;30mLevel 1[0m _identify(docs) by extension 'cmake'
[0.690s] [34mcolcon.colcon_core.package_identification[0m [1;30mLevel 1[0m _identify(docs) by extension 'python'
[0.690s] [34mcolcon.colcon_core.package_identification[0m [1;30mLevel 1[0m _identify(docs) by extensions ['python_setup_py']
[0.690s] [34mcolcon.colcon_core.package_identification[0m [1;30mLevel 1[0m _identify(docs) by extension 'python_setup_py'
[0.691s] [34mcolcon.colcon_core.package_identification[0m [1;30mLevel 1[0m _identify(docs/superpowers) by extensions ['ignore', 'ignore_ament_install']
[0.691s] [34mcolcon.colcon_core.package_identification[0m [1;30mLevel 1[0m _identify(docs/superpowers) by extension 'ignore'
[0.691s] [34mcolcon.colcon_core.package_identification[0m [1;30mLevel 1[0m _identify(docs/superpowers) by extension 'ignore_ament_install'
[0.691s] [34mcolcon.colcon_core.package_identification[0m [1;30mLevel 1[0m _identify(docs/superpowers) by extensions ['colcon_pkg']
[0.691s] [34mcolcon.colcon_core.package_identification[0m [1;30mLevel 1[0m _identify(docs/superpowers) by extension 'colcon_pkg'
[0.691s] [34mcolcon.colcon_core.package_identification[0m [1;30mLevel 1[0m _identify(docs/superpowers) by extensions ['colcon_meta']
[0.691s] [34mcolcon.colcon_core.package_identification[0m [1;30mLevel 1[0m _identify(docs/superpowers) by extension 'colcon_meta'
[0.691s] [34mcolcon.colcon_core.package_identification[0m [1;30mLevel 1[0m _identify(docs/superpowers) by extensions ['ros']
[0.691s] [34mcolcon.colcon_core.package_identification[0m [1;30mLevel 1[0m _identify(docs/superpowers) by extension 'ros'
[0.692s] [34mcolcon.colcon_core.package_identification[0m [1;30mLevel 1[0m _identify(docs/superpowers) by extensions ['cmake', 'python']
[0.692s] [34mcolcon.colcon_core.package_identification[0m [1;30mLevel 1[0m _identify(docs/superpowers) by extension 'cmake'
[0.692s] [34mcolcon.colcon_core.package_identification[0m [1;30mLevel 1[0m _identify(docs/superpowers) by extension 'python'
[0.692s] [34mcolcon.colcon_core.package_identification[0m [1;30mLevel 1[0m _identify(docs/superpowers) by extensions ['python_setup_py']
[0.692s] [34mcolcon.colcon_core.package_identification[0m [1;30mLevel 1[0m _identify(docs/superpowers) by extension 'python_setup_py'
[0.692s] [34mcolcon.colcon_core.package_identification[0m [1;30mLevel 1[0m _identify(docs/superpowers/plans) by extensions ['ignore', 'ignore_ament_install']
[0.692s] [34mcolcon.colcon_core.package_identification[0m [1;30mLevel 1[0m _identify(docs/superpowers/plans) by extension 'ignore'
[0.692s] [34mcolcon.colcon_core.package_identification[0m [1;30mLevel 1[0m _identify(docs/superpowers/plans) by extension 'ignore_ament_install'
[0.692s] [34mcolcon.colcon_core.package_identification[0m [1;30mLevel 1[0m _identify(docs/superpowers/plans) by extensions ['colcon_pkg']
[0.692s] [34mcolcon.colcon_core.package_identification[0m [1;30mLevel 1[0m _identify(docs/superpowers/plans) by extension 'colcon_pkg'
[0.693s] [34mcolcon.colcon_core.package_identification[0m [1;30mLevel 1[0m _identify(docs/superpowers/plans) by extensions ['colcon_meta']
[0.693s] [34mcolcon.colcon_core.package_identification[0m [1;30mLevel 1[0m _identify(docs/superpowers/plans) by extension 'colcon_meta'
[0.693s] [34mcolcon.colcon_core.package_identification[0m [1;30mLevel 1[0m _identify(docs/superpowers/plans) by extensions ['ros']
[0.693s] [34mcolcon.colcon_core.package_identification[0m [1;30mLevel 1[0m _identify(docs/superpowers/plans) by extension 'ros'
[0.693s] [34mcolcon.colcon_core.package_identification[0m [1;30mLevel 1[0m _identify(docs/superpowers/plans) by extensions ['cmake', 'python']
[0.693s] [34mcolcon.colcon_core.package_identification[0m [1;30mLevel 1[0m _identify(docs/superpowers/plans) by extension 'cmake'
[0.693s] [34mcolcon.colcon_core.package_identification[0m [1;30mLevel 1[0m _identify(docs/superpowers/plans) by extension 'python'
[0.693s] [34mcolcon.colcon_core.package_identification[0m [1;30mLevel 1[0m _identify(docs/superpowers/plans) by extensions ['python_setup_py']
[0.693s] [34mcolcon.colcon_core.package_identification[0m [1;30mLevel 1[0m _identify(docs/superpowers/plans) by extension 'python_setup_py'
[0.694s] [34mcolcon.colcon_core.package_identification[0m [1;30mLevel 1[0m _identify(docs/superpowers/specs) by extensions ['ignore', 'ignore_ament_install']
[0.694s] [34mcolcon.colcon_core.package_identification[0m [1;30mLevel 1[0m _identify(docs/superpowers/specs) by extension 'ignore'
[0.694s] [34mcolcon.colcon_core.package_identification[0m [1;30mLevel 1[0m _identify(docs/superpowers/specs) by extension 'ignore_ament_install'
[0.694s] [34mcolcon.colcon_core.package_identification[0m [1;30mLevel 1[0m _identify(docs/superpowers/specs) by extensions ['colcon_pkg']
[0.694s] [34mcolcon.colcon_core.package_identification[0m [1;30mLevel 1[0m _identify(docs/superpowers/specs) by extension 'colcon_pkg'
[0.694s] [34mcolcon.colcon_core.package_identification[0m [1;30mLevel 1[0m _identify(docs/superpowers/specs) by extensions ['colcon_meta']
[0.694s] [34mcolcon.colcon_core.package_identification[0m [1;30mLevel 1[0m _identify(docs/superpowers/specs) by extension 'colcon_meta'
[0.694s] [34mcolcon.colcon_core.package_identification[0m [1;30mLevel 1[0m _identify(docs/superpowers/specs) by extensions ['ros']
[0.694s] [34mcolcon.colcon_core.package_identification[0m [1;30mLevel 1[0m _identify(docs/superpowers/specs) by extension 'ros'
[0.694s] [34mcolcon.colcon_core.package_identification[0m [1;30mLevel 1[0m _identify(docs/superpowers/specs) by extensions ['cmake', 'python']
[0.695s] [34mcolcon.colcon_core.package_identification[0m [1;30mLevel 1[0m _identify(docs/superpowers/specs) by extension 'cmake'
[0.695s] [34mcolcon.colcon_core.package_identification[0m [1;30mLevel 1[0m _identify(docs/superpowers/specs) by extension 'python'
[0.695s] [34mcolcon.colcon_core.package_identification[0m [1;30mLevel 1[0m _identify(docs/superpowers/specs) by extensions ['python_setup_py']
[0.695s] [34mcolcon.colcon_core.package_identification[0m [1;30mLevel 1[0m _identify(docs/superpowers/specs) by extension 'python_setup_py'
[0.695s] [34mcolcon.colcon_core.package_identification[0m [1;30mLevel 1[0m _identify(install) by extensions ['ignore', 'ignore_ament_install']
[0.695s] [34mcolcon.colcon_core.package_identification[0m [1;30mLevel 1[0m _identify(install) by extension 'ignore'
[0.695s] [34mcolcon.colcon_core.package_identification[0m [1;30mLevel 1[0m _identify(install) ignored
[0.696s] [34mcolcon.colcon_core.package_identification[0m [1;30mLevel 1[0m _identify(log) by extensions ['ignore', 'ignore_ament_install']
[0.696s] [34mcolcon.colcon_core.package_identification[0m [1;30mLevel 1[0m _identify(log) by extension 'ignore'
[0.696s] [34mcolcon.colcon_core.package_identification[0m [1;30mLevel 1[0m _identify(log) ignored
[0.696s] [34mcolcon.colcon_core.package_identification[0m [1;30mLevel 1[0m _identify(models) by extensions ['ignore', 'ignore_ament_install']
[0.697s] [34mcolcon.colcon_core.package_identification[0m [1;30mLevel 1[0m _identify(models) by extension 'ignore'
[0.697s] [34mcolcon.colcon_core.package_identification[0m [1;30mLevel 1[0m _identify(models) by extension 'ignore_ament_install'
[0.697s] [34mcolcon.colcon_core.package_identification[0m [1;30mLevel 1[0m _identify(models) by extensions ['colcon_pkg']
[0.697s] [34mcolcon.colcon_core.package_identification[0m [1;30mLevel 1[0m _identify(models) by extension 'colcon_pkg'
[0.697s] [34mcolcon.colcon_core.package_identification[0m [1;30mLevel 1[0m _identify(models) by extensions ['colcon_meta']
[0.697s] [34mcolcon.colcon_core.package_identification[0m [1;30mLevel 1[0m _identify(models) by extension 'colcon_meta'
[0.697s] [34mcolcon.colcon_core.package_identification[0m [1;30mLevel 1[0m _identify(models) by extensions ['ros']
[0.697s] [34mcolcon.colcon_core.package_identification[0m [1;30mLevel 1[0m _identify(models) by extension 'ros'
[0.697s] [34mcolcon.colcon_core.package_identification[0m [1;30mLevel 1[0m _identify(models) by extensions ['cmake', 'python']
[0.697s] [34mcolcon.colcon_core.package_identification[0m [1;30mLevel 1[0m _identify(models) by extension 'cmake'
[0.698s] [34mcolcon.colcon_core.package_identification[0m [1;30mLevel 1[0m _identify(models) by extension 'python'
[0.698s] [34mcolcon.colcon_core.package_identification[0m [1;30mLevel 1[0m _identify(models) by extensions ['python_setup_py']
[0.698s] [34mcolcon.colcon_core.package_identification[0m [1;30mLevel 1[0m _identify(models) by extension 'python_setup_py'
[0.698s] [34mcolcon.colcon_core.package_identification[0m [1;30mLevel 1[0m _identify(models/charts) by extensions ['ignore', 'ignore_ament_install']
[0.698s] [34mcolcon.colcon_core.package_identification[0m [1;30mLevel 1[0m _identify(models/charts) by extension 'ignore'
[0.698s] [34mcolcon.colcon_core.package_identification[0m [1;30mLevel 1[0m _identify(models/charts) by extension 'ignore_ament_install'
[0.698s] [34mcolcon.colcon_core.package_identification[0m [1;30mLevel 1[0m _identify(models/charts) by extensions ['colcon_pkg']
[0.698s] [34mcolcon.colcon_core.package_identification[0m [1;30mLevel 1[0m _identify(models/charts) by extension 'colcon_pkg'
[0.698s] [34mcolcon.colcon_core.package_identification[0m [1;30mLevel 1[0m _identify(models/charts) by extensions ['colcon_meta']
[0.698s] [34mcolcon.colcon_core.package_identification[0m [1;30mLevel 1[0m _identify(models/charts) by extension 'colcon_meta'
[0.699s] [34mcolcon.colcon_core.package_identification[0m [1;30mLevel 1[0m _identify(models/charts) by extensions ['ros']
[0.699s] [34mcolcon.colcon_core.package_identification[0m [1;30mLevel 1[0m _identify(models/charts) by extension 'ros'
[0.699s] [34mcolcon.colcon_core.package_identification[0m [1;30mLevel 1[0m _identify(models/charts) by extensions ['cmake', 'python']
[0.699s] [34mcolcon.colcon_core.package_identification[0m [1;30mLevel 1[0m _identify(models/charts) by extension 'cmake'
[0.699s] [34mcolcon.colcon_core.package_identification[0m [1;30mLevel 1[0m _identify(models/charts) by extension 'python'
[0.699s] [34mcolcon.colcon_core.package_identification[0m [1;30mLevel 1[0m _identify(models/charts) by extensions ['python_setup_py']
[0.699s] [34mcolcon.colcon_core.package_identification[0m [1;30mLevel 1[0m _identify(models/charts) by extension 'python_setup_py'
[0.699s] [34mcolcon.colcon_core.package_identification[0m [1;30mLevel 1[0m _identify(src) by extensions ['ignore', 'ignore_ament_install']
[0.699s] [34mcolcon.colcon_core.package_identification[0m [1;30mLevel 1[0m _identify(src) by extension 'ignore'
[0.700s] [34mcolcon.colcon_core.package_identification[0m [1;30mLevel 1[0m _identify(src) by extension 'ignore_ament_install'
[0.700s] [34mcolcon.colcon_core.package_identification[0m [1;30mLevel 1[0m _identify(src) by extensions ['colcon_pkg']
[0.700s] [34mcolcon.colcon_core.package_identification[0m [1;30mLevel 1[0m _identify(src) by extension 'colcon_pkg'
[0.700s] [34mcolcon.colcon_core.package_identification[0m [1;30mLevel 1[0m _identify(src) by extensions ['colcon_meta']
[0.700s] [34mcolcon.colcon_core.package_identification[0m [1;30mLevel 1[0m _identify(src) by extension 'colcon_meta'
[0.700s] [34mcolcon.colcon_core.package_identification[0m [1;30mLevel 1[0m _identify(src) by extensions ['ros']
[0.700s] [34mcolcon.colcon_core.package_identification[0m [1;30mLevel 1[0m _identify(src) by extension 'ros'
[0.700s] [34mcolcon.colcon_core.package_identification[0m [1;30mLevel 1[0m _identify(src) by extensions ['cmake', 'python']
[0.700s] [34mcolcon.colcon_core.package_identification[0m [1;30mLevel 1[0m _identify(src) by extension 'cmake'
[0.700s] [34mcolcon.colcon_core.package_identification[0m [1;30mLevel 1[0m _identify(src) by extension 'python'
[0.700s] [34mcolcon.colcon_core.package_identification[0m [1;30mLevel 1[0m _identify(src) by extensions ['python_setup_py']
[0.700s] [34mcolcon.colcon_core.package_identification[0m [1;30mLevel 1[0m _identify(src) by extension 'python_setup_py'
[0.701s] [34mcolcon.colcon_core.package_identification[0m [1;30mLevel 1[0m _identify(src/bishe_camera) by extensions ['ignore', 'ignore_ament_install']
[0.701s] [34mcolcon.colcon_core.package_identification[0m [1;30mLevel 1[0m _identify(src/bishe_camera) by extension 'ignore'
[0.701s] [34mcolcon.colcon_core.package_identification[0m [1;30mLevel 1[0m _identify(src/bishe_camera) by extension 'ignore_ament_install'
[0.701s] [34mcolcon.colcon_core.package_identification[0m [1;30mLevel 1[0m _identify(src/bishe_camera) by extensions ['colcon_pkg']
[0.701s] [34mcolcon.colcon_core.package_identification[0m [1;30mLevel 1[0m _identify(src/bishe_camera) by extension 'colcon_pkg'
[0.701s] [34mcolcon.colcon_core.package_identification[0m [1;30mLevel 1[0m _identify(src/bishe_camera) by extensions ['colcon_meta']
[0.701s] [34mcolcon.colcon_core.package_identification[0m [1;30mLevel 1[0m _identify(src/bishe_camera) by extension 'colcon_meta'
[0.701s] [34mcolcon.colcon_core.package_identification[0m [1;30mLevel 1[0m _identify(src/bishe_camera) by extensions ['ros']
[0.701s] [34mcolcon.colcon_core.package_identification[0m [1;30mLevel 1[0m _identify(src/bishe_camera) by extension 'ros'
[0.707s] [34mcolcon.colcon_core.package_identification[0m [1;30mDEBUG[0m [32mPackage 'src/bishe_camera' with type 'ros.ament_cmake' and name 'bishe_camera'[0m
[0.708s] [34mcolcon.colcon_core.package_identification[0m [1;30mLevel 1[0m _identify(src/bishe_detector) by extensions ['ignore', 'ignore_ament_install']
[0.708s] [34mcolcon.colcon_core.package_identification[0m [1;30mLevel 1[0m _identify(src/bishe_detector) by extension 'ignore'
[0.708s] [34mcolcon.colcon_core.package_identification[0m [1;30mLevel 1[0m _identify(src/bishe_detector) by extension 'ignore_ament_install'
[0.708s] [34mcolcon.colcon_core.package_identification[0m [1;30mLevel 1[0m _identify(src/bishe_detector) by extensions ['colcon_pkg']
[0.708s] [34mcolcon.colcon_core.package_identification[0m [1;30mLevel 1[0m _identify(src/bishe_detector) by extension 'colcon_pkg'
[0.708s] [34mcolcon.colcon_core.package_identification[0m [1;30mLevel 1[0m _identify(src/bishe_detector) by extensions ['colcon_meta']
[0.708s] [34mcolcon.colcon_core.package_identification[0m [1;30mLevel 1[0m _identify(src/bishe_detector) by extension 'colcon_meta'
[0.709s] [34mcolcon.colcon_core.package_identification[0m [1;30mLevel 1[0m _identify(src/bishe_detector) by extensions ['ros']
[0.709s] [34mcolcon.colcon_core.package_identification[0m [1;30mLevel 1[0m _identify(src/bishe_detector) by extension 'ros'
[0.710s] [34mcolcon.colcon_core.package_identification[0m [1;30mDEBUG[0m [32mPackage 'src/bishe_detector' with type 'ros.ament_cmake' and name 'bishe_detector'[0m
[0.711s] [34mcolcon.colcon_core.package_identification[0m [1;30mLevel 1[0m _identify(src/bishe_launch) by extensions ['ignore', 'ignore_ament_install']
[0.711s] [34mcolcon.colcon_core.package_identification[0m [1;30mLevel 1[0m _identify(src/bishe_launch) by extension 'ignore'
[0.711s] [34mcolcon.colcon_core.package_identification[0m [1;30mLevel 1[0m _identify(src/bishe_launch) by extension 'ignore_ament_install'
[0.711s] [34mcolcon.colcon_core.package_identification[0m [1;30mLevel 1[0m _identify(src/bishe_launch) by extensions ['colcon_pkg']
[0.711s] [34mcolcon.colcon_core.package_identification[0m [1;30mLevel 1[0m _identify(src/bishe_launch) by extension 'colcon_pkg'
[0.711s] [34mcolcon.colcon_core.package_identification[0m [1;30mLevel 1[0m _identify(src/bishe_launch) by extensions ['colcon_meta']
[0.711s] [34mcolcon.colcon_core.package_identification[0m [1;30mLevel 1[0m _identify(src/bishe_launch) by extension 'colcon_meta'
[0.711s] [34mcolcon.colcon_core.package_identification[0m [1;30mLevel 1[0m _identify(src/bishe_launch) by extensions ['ros']
[0.712s] [34mcolcon.colcon_core.package_identification[0m [1;30mLevel 1[0m _identify(src/bishe_launch) by extension 'ros'
[0.713s] [34mcolcon.colcon_core.package_identification[0m [1;30mDEBUG[0m [32mPackage 'src/bishe_launch' with type 'ros.ament_python' and name 'bishe_launch'[0m
[0.713s] [34mcolcon.colcon_core.package_identification[0m [1;30mLevel 1[0m _identify(src/bishe_monitor) by extensions ['ignore', 'ignore_ament_install']
[0.713s] [34mcolcon.colcon_core.package_identification[0m [1;30mLevel 1[0m _identify(src/bishe_monitor) by extension 'ignore'
[0.713s] [34mcolcon.colcon_core.package_identification[0m [1;30mLevel 1[0m _identify(src/bishe_monitor) by extension 'ignore_ament_install'
[0.714s] [34mcolcon.colcon_core.package_identification[0m [1;30mLevel 1[0m _identify(src/bishe_monitor) by extensions ['colcon_pkg']
[0.714s] [34mcolcon.colcon_core.package_identification[0m [1;30mLevel 1[0m _identify(src/bishe_monitor) by extension 'colcon_pkg'
[0.714s] [34mcolcon.colcon_core.package_identification[0m [1;30mLevel 1[0m _identify(src/bishe_monitor) by extensions ['colcon_meta']
[0.714s] [34mcolcon.colcon_core.package_identification[0m [1;30mLevel 1[0m _identify(src/bishe_monitor) by extension 'colcon_meta'
[0.714s] [34mcolcon.colcon_core.package_identification[0m [1;30mLevel 1[0m _identify(src/bishe_monitor) by extensions ['ros']
[0.714s] [34mcolcon.colcon_core.package_identification[0m [1;30mLevel 1[0m _identify(src/bishe_monitor) by extension 'ros'
[0.716s] [34mcolcon.colcon_core.package_identification[0m [1;30mDEBUG[0m [32mPackage 'src/bishe_monitor' with type 'ros.ament_cmake' and name 'bishe_monitor'[0m
[0.716s] [34mcolcon.colcon_core.package_identification[0m [1;30mLevel 1[0m _identify(src/bishe_mqtt) by extensions ['ignore', 'ignore_ament_install']
[0.716s] [34mcolcon.colcon_core.package_identification[0m [1;30mLevel 1[0m _identify(src/bishe_mqtt) by extension 'ignore'
[0.716s] [34mcolcon.colcon_core.package_identification[0m [1;30mLevel 1[0m _identify(src/bishe_mqtt) by extension 'ignore_ament_install'
[0.716s] [34mcolcon.colcon_core.package_identification[0m [1;30mLevel 1[0m _identify(src/bishe_mqtt) by extensions ['colcon_pkg']
[0.716s] [34mcolcon.colcon_core.package_identification[0m [1;30mLevel 1[0m _identify(src/bishe_mqtt) by extension 'colcon_pkg'
[0.716s] [34mcolcon.colcon_core.package_identification[0m [1;30mLevel 1[0m _identify(src/bishe_mqtt) by extensions ['colcon_meta']
[0.717s] [34mcolcon.colcon_core.package_identification[0m [1;30mLevel 1[0m _identify(src/bishe_mqtt) by extension 'colcon_meta'
[0.717s] [34mcolcon.colcon_core.package_identification[0m [1;30mLevel 1[0m _identify(src/bishe_mqtt) by extensions ['ros']
[0.717s] [34mcolcon.colcon_core.package_identification[0m [1;30mLevel 1[0m _identify(src/bishe_mqtt) by extension 'ros'
[0.718s] [34mcolcon.colcon_core.package_identification[0m [1;30mDEBUG[0m [32mPackage 'src/bishe_mqtt' with type 'ros.ament_cmake' and name 'bishe_mqtt'[0m
[0.718s] [34mcolcon.colcon_core.package_identification[0m [1;30mLevel 1[0m _identify(src/bishe_msgs) by extensions ['ignore', 'ignore_ament_install']
[0.719s] [34mcolcon.colcon_core.package_identification[0m [1;30mLevel 1[0m _identify(src/bishe_msgs) by extension 'ignore'
[0.719s] [34mcolcon.colcon_core.package_identification[0m [1;30mLevel 1[0m _identify(src/bishe_msgs) by extension 'ignore_ament_install'
[0.719s] [34mcolcon.colcon_core.package_identification[0m [1;30mLevel 1[0m _identify(src/bishe_msgs) by extensions ['colcon_pkg']
[0.719s] [34mcolcon.colcon_core.package_identification[0m [1;30mLevel 1[0m _identify(src/bishe_msgs) by extension 'colcon_pkg'
[0.719s] [34mcolcon.colcon_core.package_identification[0m [1;30mLevel 1[0m _identify(src/bishe_msgs) by extensions ['colcon_meta']
[0.719s] [34mcolcon.colcon_core.package_identification[0m [1;30mLevel 1[0m _identify(src/bishe_msgs) by extension 'colcon_meta'
[0.719s] [34mcolcon.colcon_core.package_identification[0m [1;30mLevel 1[0m _identify(src/bishe_msgs) by extensions ['ros']
[0.719s] [34mcolcon.colcon_core.package_identification[0m [1;30mLevel 1[0m _identify(src/bishe_msgs) by extension 'ros'
[0.720s] [34mcolcon.colcon_core.package_identification[0m [1;30mDEBUG[0m [32mPackage 'src/bishe_msgs' with type 'ros.ament_cmake' and name 'bishe_msgs'[0m
[0.721s] [34mcolcon.colcon_core.package_identification[0m [1;30mLevel 1[0m _identify(src/bishe_streamer) by extensions ['ignore', 'ignore_ament_install']
[0.721s] [34mcolcon.colcon_core.package_identification[0m [1;30mLevel 1[0m _identify(src/bishe_streamer) by extension 'ignore'
[0.721s] [34mcolcon.colcon_core.package_identification[0m [1;30mLevel 1[0m _identify(src/bishe_streamer) by extension 'ignore_ament_install'
[0.721s] [34mcolcon.colcon_core.package_identification[0m [1;30mLevel 1[0m _identify(src/bishe_streamer) by extensions ['colcon_pkg']
[0.721s] [34mcolcon.colcon_core.package_identification[0m [1;30mLevel 1[0m _identify(src/bishe_streamer) by extension 'colcon_pkg'
[0.721s] [34mcolcon.colcon_core.package_identification[0m [1;30mLevel 1[0m _identify(src/bishe_streamer) by extensions ['colcon_meta']
[0.721s] [34mcolcon.colcon_core.package_identification[0m [1;30mLevel 1[0m _identify(src/bishe_streamer) by extension 'colcon_meta'
[0.721s] [34mcolcon.colcon_core.package_identification[0m [1;30mLevel 1[0m _identify(src/bishe_streamer) by extensions ['ros']
[0.722s] [34mcolcon.colcon_core.package_identification[0m [1;30mLevel 1[0m _identify(src/bishe_streamer) by extension 'ros'
[0.723s] [34mcolcon.colcon_core.package_identification[0m [1;30mDEBUG[0m [32mPackage 'src/bishe_streamer' with type 'ros.ament_cmake' and name 'bishe_streamer'[0m
[0.723s] [34mcolcon.colcon_core.package_identification[0m [1;30mLevel 1[0m _identify(video) by extensions ['ignore', 'ignore_ament_install']
[0.724s] [34mcolcon.colcon_core.package_identification[0m [1;30mLevel 1[0m _identify(video) by extension 'ignore'
[0.724s] [34mcolcon.colcon_core.package_identification[0m [1;30mLevel 1[0m _identify(video) by extension 'ignore_ament_install'
[0.724s] [34mcolcon.colcon_core.package_identification[0m [1;30mLevel 1[0m _identify(video) by extensions ['colcon_pkg']
[0.724s] [34mcolcon.colcon_core.package_identification[0m [1;30mLevel 1[0m _identify(video) by extension 'colcon_pkg'
[0.724s] [34mcolcon.colcon_core.package_identification[0m [1;30mLevel 1[0m _identify(video) by extensions ['colcon_meta']
[0.724s] [34mcolcon.colcon_core.package_identification[0m [1;30mLevel 1[0m _identify(video) by extension 'colcon_meta'
[0.724s] [34mcolcon.colcon_core.package_identification[0m [1;30mLevel 1[0m _identify(video) by extensions ['ros']
[0.724s] [34mcolcon.colcon_core.package_identification[0m [1;30mLevel 1[0m _identify(video) by extension 'ros'
[0.724s] [34mcolcon.colcon_core.package_identification[0m [1;30mLevel 1[0m _identify(video) by extensions ['cmake', 'python']
[0.724s] [34mcolcon.colcon_core.package_identification[0m [1;30mLevel 1[0m _identify(video) by extension 'cmake'
[0.725s] [34mcolcon.colcon_core.package_identification[0m [1;30mLevel 1[0m _identify(video) by extension 'python'
[0.725s] [34mcolcon.colcon_core.package_identification[0m [1;30mLevel 1[0m _identify(video) by extensions ['python_setup_py']
[0.725s] [34mcolcon.colcon_core.package_identification[0m [1;30mLevel 1[0m _identify(video) by extension 'python_setup_py'
[0.725s] [34mcolcon.colcon_core.package_discovery[0m [1;30mLevel 1[0m discover_packages(recursive) using defaults
[0.725s] [34mcolcon.colcon_core.package_discovery[0m [1;30mLevel 1[0m discover_packages(ignore) discover
[0.725s] [34mcolcon.colcon_core.package_discovery[0m [1;30mLevel 1[0m discover_packages(ignore) using defaults
[0.725s] [34mcolcon.colcon_core.package_discovery[0m [1;30mLevel 1[0m discover_packages(path) discover
[0.725s] [34mcolcon.colcon_core.package_discovery[0m [1;30mLevel 1[0m discover_packages(path) using defaults
[0.785s] [34mcolcon.colcon_core.package_discovery[0m [1;30mLevel 1[0m discover_packages(prefix_path) check parameters
[0.785s] [34mcolcon.colcon_core.package_discovery[0m [1;30mLevel 1[0m discover_packages(prefix_path) discover
[0.790s] [34mcolcon.colcon_installed_package_information.package_discovery[0m [1;30mDEBUG[0m [32mFound 271 installed packages in /opt/ros/humble[0m
[0.792s] [34mcolcon.colcon_core.package_discovery[0m [1;30mLevel 1[0m discover_packages(prefix_path) using defaults
[0.856s] [34mcolcon.colcon_core.verb[0m [1;30mLevel 5[0m set package 'bishe_mqtt' build argument 'cmake_args' from command line to 'None'
[0.856s] [34mcolcon.colcon_core.verb[0m [1;30mLevel 5[0m set package 'bishe_mqtt' build argument 'cmake_target' from command line to 'None'
[0.856s] [34mcolcon.colcon_core.verb[0m [1;30mLevel 5[0m set package 'bishe_mqtt' build argument 'cmake_target_skip_unavailable' from command line to 'False'
[0.856s] [34mcolcon.colcon_core.verb[0m [1;30mLevel 5[0m set package 'bishe_mqtt' build argument 'cmake_clean_cache' from command line to 'False'
[0.856s] [34mcolcon.colcon_core.verb[0m [1;30mLevel 5[0m set package 'bishe_mqtt' build argument 'cmake_clean_first' from command line to 'False'
[0.856s] [34mcolcon.colcon_core.verb[0m [1;30mLevel 5[0m set package 'bishe_mqtt' build argument 'cmake_force_configure' from command line to 'False'
[0.856s] [34mcolcon.colcon_core.verb[0m [1;30mLevel 5[0m set package 'bishe_mqtt' build argument 'ament_cmake_args' from command line to 'None'
[0.856s] [34mcolcon.colcon_core.verb[0m [1;30mLevel 5[0m set package 'bishe_mqtt' build argument 'catkin_cmake_args' from command line to 'None'
[0.857s] [34mcolcon.colcon_core.verb[0m [1;30mLevel 5[0m set package 'bishe_mqtt' build argument 'catkin_skip_building_tests' from command line to 'False'
[0.857s] [34mcolcon.colcon_core.verb[0m [1;30mDEBUG[0m [32mBuilding package 'bishe_mqtt' with the following arguments: {'ament_cmake_args': None, 'build_base': '/home/jetson/projects/bishe/edge/build/bishe_mqtt', 'catkin_cmake_args': None, 'catkin_skip_building_tests': False, 'cmake_args': None, 'cmake_clean_cache': False, 'cmake_clean_first': False, 'cmake_force_configure': False, 'cmake_target': None, 'cmake_target_skip_unavailable': False, 'install_base': '/home/jetson/projects/bishe/edge/install/bishe_mqtt', 'merge_install': False, 'path': '/home/jetson/projects/bishe/edge/src/bishe_mqtt', 'symlink_install': False, 'test_result_base': None}[0m
[0.857s] [34mcolcon.colcon_core.verb[0m [1;30mLevel 5[0m set package 'bishe_msgs' build argument 'cmake_args' from command line to 'None'
[0.857s] [34mcolcon.colcon_core.verb[0m [1;30mLevel 5[0m set package 'bishe_msgs' build argument 'cmake_target' from command line to 'None'
[0.857s] [34mcolcon.colcon_core.verb[0m [1;30mLevel 5[0m set package 'bishe_msgs' build argument 'cmake_target_skip_unavailable' from command line to 'False'
[0.857s] [34mcolcon.colcon_core.verb[0m [1;30mLevel 5[0m set package 'bishe_msgs' build argument 'cmake_clean_cache' from command line to 'False'
[0.858s] [34mcolcon.colcon_core.verb[0m [1;30mLevel 5[0m set package 'bishe_msgs' build argument 'cmake_clean_first' from command line to 'False'
[0.858s] [34mcolcon.colcon_core.verb[0m [1;30mLevel 5[0m set package 'bishe_msgs' build argument 'cmake_force_configure' from command line to 'False'
[0.858s] [34mcolcon.colcon_core.verb[0m [1;30mLevel 5[0m set package 'bishe_msgs' build argument 'ament_cmake_args' from command line to 'None'
[0.858s] [34mcolcon.colcon_core.verb[0m [1;30mLevel 5[0m set package 'bishe_msgs' build argument 'catkin_cmake_args' from command line to 'None'
[0.858s] [34mcolcon.colcon_core.verb[0m [1;30mLevel 5[0m set package 'bishe_msgs' build argument 'catkin_skip_building_tests' from command line to 'False'
[0.858s] [34mcolcon.colcon_core.verb[0m [1;30mDEBUG[0m [32mBuilding package 'bishe_msgs' with the following arguments: {'ament_cmake_args': None, 'build_base': '/home/jetson/projects/bishe/edge/build/bishe_msgs', 'catkin_cmake_args': None, 'catkin_skip_building_tests': False, 'cmake_args': None, 'cmake_clean_cache': False, 'cmake_clean_first': False, 'cmake_force_configure': False, 'cmake_target': None, 'cmake_target_skip_unavailable': False, 'install_base': '/home/jetson/projects/bishe/edge/install/bishe_msgs', 'merge_install': False, 'path': '/home/jetson/projects/bishe/edge/src/bishe_msgs', 'symlink_install': False, 'test_result_base': None}[0m
[0.858s] [34mcolcon.colcon_core.verb[0m [1;30mLevel 5[0m set package 'bishe_camera' build argument 'cmake_args' from command line to 'None'
[0.858s] [34mcolcon.colcon_core.verb[0m [1;30mLevel 5[0m set package 'bishe_camera' build argument 'cmake_target' from command line to 'None'
[0.858s] [34mcolcon.colcon_core.verb[0m [1;30mLevel 5[0m set package 'bishe_camera' build argument 'cmake_target_skip_unavailable' from command line to 'False'
[0.859s] [34mcolcon.colcon_core.verb[0m [1;30mLevel 5[0m set package 'bishe_camera' build argument 'cmake_clean_cache' from command line to 'False'
[0.859s] [34mcolcon.colcon_core.verb[0m [1;30mLevel 5[0m set package 'bishe_camera' build argument 'cmake_clean_first' from command line to 'False'
[0.859s] [34mcolcon.colcon_core.verb[0m [1;30mLevel 5[0m set package 'bishe_camera' build argument 'cmake_force_configure' from command line to 'False'
[0.859s] [34mcolcon.colcon_core.verb[0m [1;30mLevel 5[0m set package 'bishe_camera' build argument 'ament_cmake_args' from command line to 'None'
[0.859s] [34mcolcon.colcon_core.verb[0m [1;30mLevel 5[0m set package 'bishe_camera' build argument 'catkin_cmake_args' from command line to 'None'
[0.859s] [34mcolcon.colcon_core.verb[0m [1;30mLevel 5[0m set package 'bishe_camera' build argument 'catkin_skip_building_tests' from command line to 'False'
[0.859s] [34mcolcon.colcon_core.verb[0m [1;30mDEBUG[0m [32mBuilding package 'bishe_camera' with the following arguments: {'ament_cmake_args': None, 'build_base': '/home/jetson/projects/bishe/edge/build/bishe_camera', 'catkin_cmake_args': None, 'catkin_skip_building_tests': False, 'cmake_args': None, 'cmake_clean_cache': False, 'cmake_clean_first': False, 'cmake_force_configure': False, 'cmake_target': None, 'cmake_target_skip_unavailable': False, 'install_base': '/home/jetson/projects/bishe/edge/install/bishe_camera', 'merge_install': False, 'path': '/home/jetson/projects/bishe/edge/src/bishe_camera', 'symlink_install': False, 'test_result_base': None}[0m
[0.859s] [34mcolcon.colcon_core.verb[0m [1;30mLevel 5[0m set package 'bishe_detector' build argument 'cmake_args' from command line to 'None'
[0.859s] [34mcolcon.colcon_core.verb[0m [1;30mLevel 5[0m set package 'bishe_detector' build argument 'cmake_target' from command line to 'None'
[0.860s] [34mcolcon.colcon_core.verb[0m [1;30mLevel 5[0m set package 'bishe_detector' build argument 'cmake_target_skip_unavailable' from command line to 'False'
[0.860s] [34mcolcon.colcon_core.verb[0m [1;30mLevel 5[0m set package 'bishe_detector' build argument 'cmake_clean_cache' from command line to 'False'
[0.860s] [34mcolcon.colcon_core.verb[0m [1;30mLevel 5[0m set package 'bishe_detector' build argument 'cmake_clean_first' from command line to 'False'
[0.860s] [34mcolcon.colcon_core.verb[0m [1;30mLevel 5[0m set package 'bishe_detector' build argument 'cmake_force_configure' from command line to 'False'
[0.860s] [34mcolcon.colcon_core.verb[0m [1;30mLevel 5[0m set package 'bishe_detector' build argument 'ament_cmake_args' from command line to 'None'
[0.860s] [34mcolcon.colcon_core.verb[0m [1;30mLevel 5[0m set package 'bishe_detector' build argument 'catkin_cmake_args' from command line to 'None'
[0.860s] [34mcolcon.colcon_core.verb[0m [1;30mLevel 5[0m set package 'bishe_detector' build argument 'catkin_skip_building_tests' from command line to 'False'
[0.860s] [34mcolcon.colcon_core.verb[0m [1;30mDEBUG[0m [32mBuilding package 'bishe_detector' with the following arguments: {'ament_cmake_args': None, 'build_base': '/home/jetson/projects/bishe/edge/build/bishe_detector', 'catkin_cmake_args': None, 'catkin_skip_building_tests': False, 'cmake_args': None, 'cmake_clean_cache': False, 'cmake_clean_first': False, 'cmake_force_configure': False, 'cmake_target': None, 'cmake_target_skip_unavailable': False, 'install_base': '/home/jetson/projects/bishe/edge/install/bishe_detector', 'merge_install': False, 'path': '/home/jetson/projects/bishe/edge/src/bishe_detector', 'symlink_install': False, 'test_result_base': None}[0m
[0.860s] [34mcolcon.colcon_core.verb[0m [1;30mLevel 5[0m set package 'bishe_monitor' build argument 'cmake_args' from command line to 'None'
[0.861s] [34mcolcon.colcon_core.verb[0m [1;30mLevel 5[0m set package 'bishe_monitor' build argument 'cmake_target' from command line to 'None'
[0.861s] [34mcolcon.colcon_core.verb[0m [1;30mLevel 5[0m set package 'bishe_monitor' build argument 'cmake_target_skip_unavailable' from command line to 'False'
[0.861s] [34mcolcon.colcon_core.verb[0m [1;30mLevel 5[0m set package 'bishe_monitor' build argument 'cmake_clean_cache' from command line to 'False'
[0.861s] [34mcolcon.colcon_core.verb[0m [1;30mLevel 5[0m set package 'bishe_monitor' build argument 'cmake_clean_first' from command line to 'False'
[0.861s] [34mcolcon.colcon_core.verb[0m [1;30mLevel 5[0m set package 'bishe_monitor' build argument 'cmake_force_configure' from command line to 'False'
[0.861s] [34mcolcon.colcon_core.verb[0m [1;30mLevel 5[0m set package 'bishe_monitor' build argument 'ament_cmake_args' from command line to 'None'
[0.861s] [34mcolcon.colcon_core.verb[0m [1;30mLevel 5[0m set package 'bishe_monitor' build argument 'catkin_cmake_args' from command line to 'None'
[0.861s] [34mcolcon.colcon_core.verb[0m [1;30mLevel 5[0m set package 'bishe_monitor' build argument 'catkin_skip_building_tests' from command line to 'False'
[0.861s] [34mcolcon.colcon_core.verb[0m [1;30mDEBUG[0m [32mBuilding package 'bishe_monitor' with the following arguments: {'ament_cmake_args': None, 'build_base': '/home/jetson/projects/bishe/edge/build/bishe_monitor', 'catkin_cmake_args': None, 'catkin_skip_building_tests': False, 'cmake_args': None, 'cmake_clean_cache': False, 'cmake_clean_first': False, 'cmake_force_configure': False, 'cmake_target': None, 'cmake_target_skip_unavailable': False, 'install_base': '/home/jetson/projects/bishe/edge/install/bishe_monitor', 'merge_install': False, 'path': '/home/jetson/projects/bishe/edge/src/bishe_monitor', 'symlink_install': False, 'test_result_base': None}[0m
[0.862s] [34mcolcon.colcon_core.verb[0m [1;30mLevel 5[0m set package 'bishe_streamer' build argument 'cmake_args' from command line to 'None'
[0.862s] [34mcolcon.colcon_core.verb[0m [1;30mLevel 5[0m set package 'bishe_streamer' build argument 'cmake_target' from command line to 'None'
[0.862s] [34mcolcon.colcon_core.verb[0m [1;30mLevel 5[0m set package 'bishe_streamer' build argument 'cmake_target_skip_unavailable' from command line to 'False'
[0.862s] [34mcolcon.colcon_core.verb[0m [1;30mLevel 5[0m set package 'bishe_streamer' build argument 'cmake_clean_cache' from command line to 'False'
[0.862s] [34mcolcon.colcon_core.verb[0m [1;30mLevel 5[0m set package 'bishe_streamer' build argument 'cmake_clean_first' from command line to 'False'
[0.862s] [34mcolcon.colcon_core.verb[0m [1;30mLevel 5[0m set package 'bishe_streamer' build argument 'cmake_force_configure' from command line to 'False'
[0.862s] [34mcolcon.colcon_core.verb[0m [1;30mLevel 5[0m set package 'bishe_streamer' build argument 'ament_cmake_args' from command line to 'None'
[0.862s] [34mcolcon.colcon_core.verb[0m [1;30mLevel 5[0m set package 'bishe_streamer' build argument 'catkin_cmake_args' from command line to 'None'
[0.862s] [34mcolcon.colcon_core.verb[0m [1;30mLevel 5[0m set package 'bishe_streamer' build argument 'catkin_skip_building_tests' from command line to 'False'
[0.862s] [34mcolcon.colcon_core.verb[0m [1;30mDEBUG[0m [32mBuilding package 'bishe_streamer' with the following arguments: {'ament_cmake_args': None, 'build_base': '/home/jetson/projects/bishe/edge/build/bishe_streamer', 'catkin_cmake_args': None, 'catkin_skip_building_tests': False, 'cmake_args': None, 'cmake_clean_cache': False, 'cmake_clean_first': False, 'cmake_force_configure': False, 'cmake_target': None, 'cmake_target_skip_unavailable': False, 'install_base': '/home/jetson/projects/bishe/edge/install/bishe_streamer', 'merge_install': False, 'path': '/home/jetson/projects/bishe/edge/src/bishe_streamer', 'symlink_install': False, 'test_result_base': None}[0m
[0.863s] [34mcolcon.colcon_core.verb[0m [1;30mLevel 5[0m set package 'bishe_launch' build argument 'cmake_args' from command line to 'None'
[0.863s] [34mcolcon.colcon_core.verb[0m [1;30mLevel 5[0m set package 'bishe_launch' build argument 'cmake_target' from command line to 'None'
[0.863s] [34mcolcon.colcon_core.verb[0m [1;30mLevel 5[0m set package 'bishe_launch' build argument 'cmake_target_skip_unavailable' from command line to 'False'
[0.863s] [34mcolcon.colcon_core.verb[0m [1;30mLevel 5[0m set package 'bishe_launch' build argument 'cmake_clean_cache' from command line to 'False'
[0.863s] [34mcolcon.colcon_core.verb[0m [1;30mLevel 5[0m set package 'bishe_launch' build argument 'cmake_clean_first' from command line to 'False'
[0.863s] [34mcolcon.colcon_core.verb[0m [1;30mLevel 5[0m set package 'bishe_launch' build argument 'cmake_force_configure' from command line to 'False'
[0.863s] [34mcolcon.colcon_core.verb[0m [1;30mLevel 5[0m set package 'bishe_launch' build argument 'ament_cmake_args' from command line to 'None'
[0.863s] [34mcolcon.colcon_core.verb[0m [1;30mLevel 5[0m set package 'bishe_launch' build argument 'catkin_cmake_args' from command line to 'None'
[0.863s] [34mcolcon.colcon_core.verb[0m [1;30mLevel 5[0m set package 'bishe_launch' build argument 'catkin_skip_building_tests' from command line to 'False'
[0.863s] [34mcolcon.colcon_core.verb[0m [1;30mDEBUG[0m [32mBuilding package 'bishe_launch' with the following arguments: {'ament_cmake_args': None, 'build_base': '/home/jetson/projects/bishe/edge/build/bishe_launch', 'catkin_cmake_args': None, 'catkin_skip_building_tests': False, 'cmake_args': None, 'cmake_clean_cache': False, 'cmake_clean_first': False, 'cmake_force_configure': False, 'cmake_target': None, 'cmake_target_skip_unavailable': False, 'install_base': '/home/jetson/projects/bishe/edge/install/bishe_launch', 'merge_install': False, 'path': '/home/jetson/projects/bishe/edge/src/bishe_launch', 'symlink_install': False, 'test_result_base': None}[0m
[0.863s] [34mcolcon.colcon_core.executor[0m [1;30mINFO[0m Executing jobs using 'parallel' executor
[0.865s] [34mcolcon.colcon_parallel_executor.executor.parallel[0m [1;30mDEBUG[0m [32mrun_until_complete[0m
[0.866s] [34mcolcon.colcon_ros.task.ament_cmake.build[0m [1;30mINFO[0m Building ROS package in '/home/jetson/projects/bishe/edge/src/bishe_msgs' with build type 'ament_cmake'
[0.866s] [34mcolcon.colcon_cmake.task.cmake.build[0m [1;30mINFO[0m Building CMake package in '/home/jetson/projects/bishe/edge/src/bishe_msgs'
[0.872s] [34mcolcon.colcon_core.plugin_system[0m [1;30mINFO[0m Skipping extension 'colcon_core.shell.bat': Not used on non-Windows systems
[0.873s] [34mcolcon.colcon_core.shell[0m [1;30mINFO[0m Skip shell extension 'powershell' for command environment: Not usable outside of PowerShell
[0.873s] [34mcolcon.colcon_core.shell[0m [1;30mDEBUG[0m [32mSkip shell extension 'dsv' for command environment[0m
[0.878s] [34mcolcon.colcon_ros.task.ament_cmake.build[0m [1;30mINFO[0m Building ROS package in '/home/jetson/projects/bishe/edge/src/bishe_mqtt' with build type 'ament_cmake'
[0.878s] [34mcolcon.colcon_cmake.task.cmake.build[0m [1;30mINFO[0m Building CMake package in '/home/jetson/projects/bishe/edge/src/bishe_mqtt'
[0.879s] [34mcolcon.colcon_core.shell[0m [1;30mINFO[0m Skip shell extension 'powershell' for command environment: Not usable outside of PowerShell
[0.879s] [34mcolcon.colcon_core.shell[0m [1;30mDEBUG[0m [32mSkip shell extension 'dsv' for command environment[0m
[0.891s] [34mcolcon.colcon_core.event_handler.log_command[0m [1;30mDEBUG[0m [32mInvoking command in '/home/jetson/projects/bishe/edge/build/bishe_msgs': CMAKE_PREFIX_PATH=/opt/ros/humble /usr/bin/cmake --build /home/jetson/projects/bishe/edge/build/bishe_msgs -- -j6 -l6[0m
[0.898s] [34mcolcon.colcon_core.event_handler.log_command[0m [1;30mDEBUG[0m [32mInvoking command in '/home/jetson/projects/bishe/edge/build/bishe_mqtt': CMAKE_PREFIX_PATH=/opt/ros/humble /usr/bin/cmake --build /home/jetson/projects/bishe/edge/build/bishe_mqtt -- -j6 -l6[0m
[1.019s] [34mcolcon.colcon_core.event_handler.log_command[0m [1;30mDEBUG[0m [32mInvoked command in '/home/jetson/projects/bishe/edge/build/bishe_mqtt' returned '0': CMAKE_PREFIX_PATH=/opt/ros/humble /usr/bin/cmake --build /home/jetson/projects/bishe/edge/build/bishe_mqtt -- -j6 -l6[0m
[1.048s] [34mcolcon.colcon_core.event_handler.log_command[0m [1;30mDEBUG[0m [32mInvoking command in '/home/jetson/projects/bishe/edge/build/bishe_mqtt': CMAKE_PREFIX_PATH=/opt/ros/humble /usr/bin/cmake --install /home/jetson/projects/bishe/edge/build/bishe_mqtt[0m
[1.096s] [34mcolcon.colcon_core.environment[0m [1;30mLevel 1[0m create_environment_scripts_only(bishe_mqtt)
[1.098s] [34mcolcon.colcon_core.event_handler.log_command[0m [1;30mDEBUG[0m [32mInvoked command in '/home/jetson/projects/bishe/edge/build/bishe_mqtt' returned '0': CMAKE_PREFIX_PATH=/opt/ros/humble /usr/bin/cmake --install /home/jetson/projects/bishe/edge/build/bishe_mqtt[0m
[1.104s] [34mcolcon.colcon_core.environment[0m [1;30mLevel 1[0m checking '/home/jetson/projects/bishe/edge/install/bishe_mqtt' for CMake module files
[1.105s] [34mcolcon.colcon_core.environment[0m [1;30mLevel 1[0m checking '/home/jetson/projects/bishe/edge/install/bishe_mqtt' for CMake config files
[1.106s] [34mcolcon.colcon_core.shell[0m [1;30mLevel 1[0m create_environment_hook('bishe_mqtt', 'cmake_prefix_path')
[1.106s] [34mcolcon.colcon_core.shell[0m [1;30mINFO[0m Creating environment hook '/home/jetson/projects/bishe/edge/install/bishe_mqtt/share/bishe_mqtt/hook/cmake_prefix_path.ps1'
[1.109s] [34mcolcon.colcon_core.shell[0m [1;30mINFO[0m Creating environment descriptor '/home/jetson/projects/bishe/edge/install/bishe_mqtt/share/bishe_mqtt/hook/cmake_prefix_path.dsv'
[1.111s] [34mcolcon.colcon_core.shell[0m [1;30mINFO[0m Creating environment hook '/home/jetson/projects/bishe/edge/install/bishe_mqtt/share/bishe_mqtt/hook/cmake_prefix_path.sh'
[1.113s] [34mcolcon.colcon_core.environment[0m [1;30mLevel 1[0m checking '/home/jetson/projects/bishe/edge/install/bishe_mqtt/lib'
[1.113s] [34mcolcon.colcon_core.environment[0m [1;30mLevel 1[0m checking '/home/jetson/projects/bishe/edge/install/bishe_mqtt/bin'
[1.113s] [34mcolcon.colcon_core.environment[0m [1;30mLevel 1[0m checking '/home/jetson/projects/bishe/edge/install/bishe_mqtt/lib/pkgconfig/bishe_mqtt.pc'
[1.114s] [34mcolcon.colcon_core.environment[0m [1;30mLevel 1[0m checking '/home/jetson/projects/bishe/edge/install/bishe_mqtt/lib/python3.10/site-packages'
[1.114s] [34mcolcon.colcon_core.environment[0m [1;30mLevel 1[0m checking '/home/jetson/projects/bishe/edge/install/bishe_mqtt/bin'
[1.115s] [34mcolcon.colcon_core.shell[0m [1;30mINFO[0m Creating package script '/home/jetson/projects/bishe/edge/install/bishe_mqtt/share/bishe_mqtt/package.ps1'
[1.117s] [34mcolcon.colcon_core.shell[0m [1;30mINFO[0m Creating package descriptor '/home/jetson/projects/bishe/edge/install/bishe_mqtt/share/bishe_mqtt/package.dsv'
[1.118s] [34mcolcon.colcon_core.shell[0m [1;30mINFO[0m Creating package script '/home/jetson/projects/bishe/edge/install/bishe_mqtt/share/bishe_mqtt/package.sh'
[1.120s] [34mcolcon.colcon_core.shell[0m [1;30mINFO[0m Creating package script '/home/jetson/projects/bishe/edge/install/bishe_mqtt/share/bishe_mqtt/package.bash'
[1.122s] [34mcolcon.colcon_core.shell[0m [1;30mINFO[0m Creating package script '/home/jetson/projects/bishe/edge/install/bishe_mqtt/share/bishe_mqtt/package.zsh'
[1.123s] [34mcolcon.colcon_core.environment[0m [1;30mLevel 1[0m create_file_with_runtime_dependencies(/home/jetson/projects/bishe/edge/install/bishe_mqtt/share/colcon-core/packages/bishe_mqtt)
[1.125s] [34mcolcon.colcon_core.environment[0m [1;30mLevel 1[0m create_environment_scripts_only(bishe_mqtt)
[1.125s] [34mcolcon.colcon_core.environment[0m [1;30mLevel 1[0m checking '/home/jetson/projects/bishe/edge/install/bishe_mqtt' for CMake module files
[1.126s] [34mcolcon.colcon_core.environment[0m [1;30mLevel 1[0m checking '/home/jetson/projects/bishe/edge/install/bishe_mqtt' for CMake config files
[1.126s] [34mcolcon.colcon_core.shell[0m [1;30mLevel 1[0m create_environment_hook('bishe_mqtt', 'cmake_prefix_path')
[1.127s] [34mcolcon.colcon_core.shell[0m [1;30mINFO[0m Creating environment hook '/home/jetson/projects/bishe/edge/install/bishe_mqtt/share/bishe_mqtt/hook/cmake_prefix_path.ps1'
[1.128s] [34mcolcon.colcon_core.shell[0m [1;30mINFO[0m Creating environment descriptor '/home/jetson/projects/bishe/edge/install/bishe_mqtt/share/bishe_mqtt/hook/cmake_prefix_path.dsv'
[1.129s] [34mcolcon.colcon_core.shell[0m [1;30mINFO[0m Creating environment hook '/home/jetson/projects/bishe/edge/install/bishe_mqtt/share/bishe_mqtt/hook/cmake_prefix_path.sh'
[1.130s] [34mcolcon.colcon_core.environment[0m [1;30mLevel 1[0m checking '/home/jetson/projects/bishe/edge/install/bishe_mqtt/lib'
[1.130s] [34mcolcon.colcon_core.environment[0m [1;30mLevel 1[0m checking '/home/jetson/projects/bishe/edge/install/bishe_mqtt/bin'
[1.130s] [34mcolcon.colcon_core.environment[0m [1;30mLevel 1[0m checking '/home/jetson/projects/bishe/edge/install/bishe_mqtt/lib/pkgconfig/bishe_mqtt.pc'
[1.131s] [34mcolcon.colcon_core.environment[0m [1;30mLevel 1[0m checking '/home/jetson/projects/bishe/edge/install/bishe_mqtt/lib/python3.10/site-packages'
[1.131s] [34mcolcon.colcon_core.environment[0m [1;30mLevel 1[0m checking '/home/jetson/projects/bishe/edge/install/bishe_mqtt/bin'
[1.132s] [34mcolcon.colcon_core.shell[0m [1;30mINFO[0m Creating package script '/home/jetson/projects/bishe/edge/install/bishe_mqtt/share/bishe_mqtt/package.ps1'
[1.133s] [34mcolcon.colcon_core.shell[0m [1;30mINFO[0m Creating package descriptor '/home/jetson/projects/bishe/edge/install/bishe_mqtt/share/bishe_mqtt/package.dsv'
[1.134s] [34mcolcon.colcon_core.shell[0m [1;30mINFO[0m Creating package script '/home/jetson/projects/bishe/edge/install/bishe_mqtt/share/bishe_mqtt/package.sh'
[1.135s] [34mcolcon.colcon_core.shell[0m [1;30mINFO[0m Creating package script '/home/jetson/projects/bishe/edge/install/bishe_mqtt/share/bishe_mqtt/package.bash'
[1.136s] [34mcolcon.colcon_core.shell[0m [1;30mINFO[0m Creating package script '/home/jetson/projects/bishe/edge/install/bishe_mqtt/share/bishe_mqtt/package.zsh'
[1.137s] [34mcolcon.colcon_core.environment[0m [1;30mLevel 1[0m create_file_with_runtime_dependencies(/home/jetson/projects/bishe/edge/install/bishe_mqtt/share/colcon-core/packages/bishe_mqtt)
[1.575s] [34mcolcon.colcon_core.event_handler.log_command[0m [1;30mDEBUG[0m [32mInvoked command in '/home/jetson/projects/bishe/edge/build/bishe_msgs' returned '0': CMAKE_PREFIX_PATH=/opt/ros/humble /usr/bin/cmake --build /home/jetson/projects/bishe/edge/build/bishe_msgs -- -j6 -l6[0m
[1.578s] [34mcolcon.colcon_core.event_handler.log_command[0m [1;30mDEBUG[0m [32mInvoking command in '/home/jetson/projects/bishe/edge/build/bishe_msgs': CMAKE_PREFIX_PATH=/opt/ros/humble /usr/bin/cmake --install /home/jetson/projects/bishe/edge/build/bishe_msgs[0m
[1.710s] [34mcolcon.colcon_core.environment[0m [1;30mLevel 1[0m create_environment_scripts_only(bishe_msgs)
[1.711s] [34mcolcon.colcon_core.environment[0m [1;30mLevel 1[0m checking '/home/jetson/projects/bishe/edge/install/bishe_msgs' for CMake module files
[1.712s] [34mcolcon.colcon_core.event_handler.log_command[0m [1;30mDEBUG[0m [32mInvoked command in '/home/jetson/projects/bishe/edge/build/bishe_msgs' returned '0': CMAKE_PREFIX_PATH=/opt/ros/humble /usr/bin/cmake --install /home/jetson/projects/bishe/edge/build/bishe_msgs[0m
[1.713s] [34mcolcon.colcon_core.environment[0m [1;30mLevel 1[0m checking '/home/jetson/projects/bishe/edge/install/bishe_msgs' for CMake config files
[1.715s] [34mcolcon.colcon_core.shell[0m [1;30mLevel 1[0m create_environment_hook('bishe_msgs', 'cmake_prefix_path')
[1.715s] [34mcolcon.colcon_core.shell[0m [1;30mINFO[0m Creating environment hook '/home/jetson/projects/bishe/edge/install/bishe_msgs/share/bishe_msgs/hook/cmake_prefix_path.ps1'
[1.716s] [34mcolcon.colcon_core.shell[0m [1;30mINFO[0m Creating environment descriptor '/home/jetson/projects/bishe/edge/install/bishe_msgs/share/bishe_msgs/hook/cmake_prefix_path.dsv'
[1.717s] [34mcolcon.colcon_core.shell[0m [1;30mINFO[0m Creating environment hook '/home/jetson/projects/bishe/edge/install/bishe_msgs/share/bishe_msgs/hook/cmake_prefix_path.sh'
[1.718s] [34mcolcon.colcon_core.environment[0m [1;30mLevel 1[0m checking '/home/jetson/projects/bishe/edge/install/bishe_msgs/lib'
[1.718s] [34mcolcon.colcon_core.shell[0m [1;30mLevel 1[0m create_environment_hook('bishe_msgs', 'ld_library_path_lib')
[1.718s] [34mcolcon.colcon_core.shell[0m [1;30mINFO[0m Creating environment hook '/home/jetson/projects/bishe/edge/install/bishe_msgs/share/bishe_msgs/hook/ld_library_path_lib.ps1'
[1.719s] [34mcolcon.colcon_core.shell[0m [1;30mINFO[0m Creating environment descriptor '/home/jetson/projects/bishe/edge/install/bishe_msgs/share/bishe_msgs/hook/ld_library_path_lib.dsv'
[1.720s] [34mcolcon.colcon_core.shell[0m [1;30mINFO[0m Creating environment hook '/home/jetson/projects/bishe/edge/install/bishe_msgs/share/bishe_msgs/hook/ld_library_path_lib.sh'
[1.720s] [34mcolcon.colcon_core.environment[0m [1;30mLevel 1[0m checking '/home/jetson/projects/bishe/edge/install/bishe_msgs/bin'
[1.721s] [34mcolcon.colcon_core.environment[0m [1;30mLevel 1[0m checking '/home/jetson/projects/bishe/edge/install/bishe_msgs/lib/pkgconfig/bishe_msgs.pc'
[1.721s] [34mcolcon.colcon_core.environment[0m [1;30mLevel 1[0m checking '/home/jetson/projects/bishe/edge/install/bishe_msgs/lib/python3.10/site-packages'
[1.722s] [34mcolcon.colcon_core.environment[0m [1;30mLevel 1[0m checking '/home/jetson/projects/bishe/edge/install/bishe_msgs/bin'
[1.722s] [34mcolcon.colcon_core.shell[0m [1;30mINFO[0m Creating package script '/home/jetson/projects/bishe/edge/install/bishe_msgs/share/bishe_msgs/package.ps1'
[1.723s] [34mcolcon.colcon_core.shell[0m [1;30mINFO[0m Creating package descriptor '/home/jetson/projects/bishe/edge/install/bishe_msgs/share/bishe_msgs/package.dsv'
[1.724s] [34mcolcon.colcon_core.shell[0m [1;30mINFO[0m Creating package script '/home/jetson/projects/bishe/edge/install/bishe_msgs/share/bishe_msgs/package.sh'
[1.725s] [34mcolcon.colcon_core.shell[0m [1;30mINFO[0m Creating package script '/home/jetson/projects/bishe/edge/install/bishe_msgs/share/bishe_msgs/package.bash'
[1.725s] [34mcolcon.colcon_core.shell[0m [1;30mINFO[0m Creating package script '/home/jetson/projects/bishe/edge/install/bishe_msgs/share/bishe_msgs/package.zsh'
[1.726s] [34mcolcon.colcon_core.environment[0m [1;30mLevel 1[0m create_file_with_runtime_dependencies(/home/jetson/projects/bishe/edge/install/bishe_msgs/share/colcon-core/packages/bishe_msgs)
[1.727s] [34mcolcon.colcon_core.environment[0m [1;30mLevel 1[0m create_environment_scripts_only(bishe_msgs)
[1.727s] [34mcolcon.colcon_core.environment[0m [1;30mLevel 1[0m checking '/home/jetson/projects/bishe/edge/install/bishe_msgs' for CMake module files
[1.728s] [34mcolcon.colcon_core.environment[0m [1;30mLevel 1[0m checking '/home/jetson/projects/bishe/edge/install/bishe_msgs' for CMake config files
[1.730s] [34mcolcon.colcon_core.shell[0m [1;30mLevel 1[0m create_environment_hook('bishe_msgs', 'cmake_prefix_path')
[1.731s] [34mcolcon.colcon_core.shell[0m [1;30mINFO[0m Creating environment hook '/home/jetson/projects/bishe/edge/install/bishe_msgs/share/bishe_msgs/hook/cmake_prefix_path.ps1'
[1.731s] [34mcolcon.colcon_core.shell[0m [1;30mINFO[0m Creating environment descriptor '/home/jetson/projects/bishe/edge/install/bishe_msgs/share/bishe_msgs/hook/cmake_prefix_path.dsv'
[1.732s] [34mcolcon.colcon_core.shell[0m [1;30mINFO[0m Creating environment hook '/home/jetson/projects/bishe/edge/install/bishe_msgs/share/bishe_msgs/hook/cmake_prefix_path.sh'
[1.733s] [34mcolcon.colcon_core.environment[0m [1;30mLevel 1[0m checking '/home/jetson/projects/bishe/edge/install/bishe_msgs/lib'
[1.733s] [34mcolcon.colcon_core.shell[0m [1;30mLevel 1[0m create_environment_hook('bishe_msgs', 'ld_library_path_lib')
[1.733s] [34mcolcon.colcon_core.shell[0m [1;30mINFO[0m Creating environment hook '/home/jetson/projects/bishe/edge/install/bishe_msgs/share/bishe_msgs/hook/ld_library_path_lib.ps1'
[1.734s] [34mcolcon.colcon_core.shell[0m [1;30mINFO[0m Creating environment descriptor '/home/jetson/projects/bishe/edge/install/bishe_msgs/share/bishe_msgs/hook/ld_library_path_lib.dsv'
[1.735s] [34mcolcon.colcon_core.shell[0m [1;30mINFO[0m Creating environment hook '/home/jetson/projects/bishe/edge/install/bishe_msgs/share/bishe_msgs/hook/ld_library_path_lib.sh'
[1.735s] [34mcolcon.colcon_core.environment[0m [1;30mLevel 1[0m checking '/home/jetson/projects/bishe/edge/install/bishe_msgs/bin'
[1.736s] [34mcolcon.colcon_core.environment[0m [1;30mLevel 1[0m checking '/home/jetson/projects/bishe/edge/install/bishe_msgs/lib/pkgconfig/bishe_msgs.pc'
[1.736s] [34mcolcon.colcon_core.environment[0m [1;30mLevel 1[0m checking '/home/jetson/projects/bishe/edge/install/bishe_msgs/lib/python3.10/site-packages'
[1.737s] [34mcolcon.colcon_core.environment[0m [1;30mLevel 1[0m checking '/home/jetson/projects/bishe/edge/install/bishe_msgs/bin'
[1.737s] [34mcolcon.colcon_core.shell[0m [1;30mINFO[0m Creating package script '/home/jetson/projects/bishe/edge/install/bishe_msgs/share/bishe_msgs/package.ps1'
[1.738s] [34mcolcon.colcon_core.shell[0m [1;30mINFO[0m Creating package descriptor '/home/jetson/projects/bishe/edge/install/bishe_msgs/share/bishe_msgs/package.dsv'
[1.739s] [34mcolcon.colcon_core.shell[0m [1;30mINFO[0m Creating package script '/home/jetson/projects/bishe/edge/install/bishe_msgs/share/bishe_msgs/package.sh'
[1.740s] [34mcolcon.colcon_core.shell[0m [1;30mINFO[0m Creating package script '/home/jetson/projects/bishe/edge/install/bishe_msgs/share/bishe_msgs/package.bash'
[1.740s] [34mcolcon.colcon_core.shell[0m [1;30mINFO[0m Creating package script '/home/jetson/projects/bishe/edge/install/bishe_msgs/share/bishe_msgs/package.zsh'
[1.741s] [34mcolcon.colcon_core.environment[0m [1;30mLevel 1[0m create_file_with_runtime_dependencies(/home/jetson/projects/bishe/edge/install/bishe_msgs/share/colcon-core/packages/bishe_msgs)
[1.742s] [34mcolcon.colcon_ros.task.ament_cmake.build[0m [1;30mINFO[0m Building ROS package in '/home/jetson/projects/bishe/edge/src/bishe_camera' with build type 'ament_cmake'
[1.742s] [34mcolcon.colcon_cmake.task.cmake.build[0m [1;30mINFO[0m Building CMake package in '/home/jetson/projects/bishe/edge/src/bishe_camera'
[1.743s] [34mcolcon.colcon_core.shell[0m [1;30mINFO[0m Skip shell extension 'powershell' for command environment: Not usable outside of PowerShell
[1.743s] [34mcolcon.colcon_core.shell[0m [1;30mDEBUG[0m [32mSkip shell extension 'dsv' for command environment[0m
[1.747s] [34mcolcon.colcon_ros.task.ament_cmake.build[0m [1;30mINFO[0m Building ROS package in '/home/jetson/projects/bishe/edge/src/bishe_detector' with build type 'ament_cmake'
[1.748s] [34mcolcon.colcon_cmake.task.cmake.build[0m [1;30mINFO[0m Building CMake package in '/home/jetson/projects/bishe/edge/src/bishe_detector'
[1.748s] [34mcolcon.colcon_core.shell[0m [1;30mINFO[0m Skip shell extension 'powershell' for command environment: Not usable outside of PowerShell
[1.748s] [34mcolcon.colcon_core.shell[0m [1;30mDEBUG[0m [32mSkip shell extension 'dsv' for command environment[0m
[1.753s] [34mcolcon.colcon_ros.task.ament_cmake.build[0m [1;30mINFO[0m Building ROS package in '/home/jetson/projects/bishe/edge/src/bishe_monitor' with build type 'ament_cmake'
[1.753s] [34mcolcon.colcon_cmake.task.cmake.build[0m [1;30mINFO[0m Building CMake package in '/home/jetson/projects/bishe/edge/src/bishe_monitor'
[1.754s] [34mcolcon.colcon_core.shell[0m [1;30mINFO[0m Skip shell extension 'powershell' for command environment: Not usable outside of PowerShell
[1.754s] [34mcolcon.colcon_core.shell[0m [1;30mDEBUG[0m [32mSkip shell extension 'dsv' for command environment[0m
[1.758s] [34mcolcon.colcon_ros.task.ament_cmake.build[0m [1;30mINFO[0m Building ROS package in '/home/jetson/projects/bishe/edge/src/bishe_streamer' with build type 'ament_cmake'
[1.758s] [34mcolcon.colcon_cmake.task.cmake.build[0m [1;30mINFO[0m Building CMake package in '/home/jetson/projects/bishe/edge/src/bishe_streamer'
[1.759s] [34mcolcon.colcon_core.shell[0m [1;30mINFO[0m Skip shell extension 'powershell' for command environment: Not usable outside of PowerShell
[1.759s] [34mcolcon.colcon_core.shell[0m [1;30mDEBUG[0m [32mSkip shell extension 'dsv' for command environment[0m
[1.771s] [34mcolcon.colcon_core.event_handler.log_command[0m [1;30mDEBUG[0m [32mInvoking command in '/home/jetson/projects/bishe/edge/build/bishe_camera': AMENT_PREFIX_PATH=/home/jetson/projects/bishe/edge/install/bishe_msgs:${AMENT_PREFIX_PATH} CMAKE_PREFIX_PATH=/home/jetson/projects/bishe/edge/install/bishe_msgs:/opt/ros/humble LD_LIBRARY_PATH=/home/jetson/projects/bishe/edge/install/bishe_msgs/lib:/opt/ros/humble/opt/rviz_ogre_vendor/lib:/opt/ros/humble/lib/aarch64-linux-gnu:/opt/ros/humble/lib:/usr/local/cuda-12.6/lib64 PYTHONPATH=/home/jetson/projects/bishe/edge/install/bishe_msgs/local/lib/python3.10/dist-packages:${PYTHONPATH} /usr/bin/cmake --build /home/jetson/projects/bishe/edge/build/bishe_camera -- -j6 -l6[0m
[1.775s] [34mcolcon.colcon_core.event_handler.log_command[0m [1;30mDEBUG[0m [32mInvoking command in '/home/jetson/projects/bishe/edge/build/bishe_detector': AMENT_PREFIX_PATH=/home/jetson/projects/bishe/edge/install/bishe_msgs:${AMENT_PREFIX_PATH} CMAKE_PREFIX_PATH=/home/jetson/projects/bishe/edge/install/bishe_msgs:/opt/ros/humble LD_LIBRARY_PATH=/home/jetson/projects/bishe/edge/install/bishe_msgs/lib:/opt/ros/humble/opt/rviz_ogre_vendor/lib:/opt/ros/humble/lib/aarch64-linux-gnu:/opt/ros/humble/lib:/usr/local/cuda-12.6/lib64 PYTHONPATH=/home/jetson/projects/bishe/edge/install/bishe_msgs/local/lib/python3.10/dist-packages:${PYTHONPATH} /usr/bin/cmake --build /home/jetson/projects/bishe/edge/build/bishe_detector -- -j6 -l6[0m
[1.780s] [34mcolcon.colcon_core.event_handler.log_command[0m [1;30mDEBUG[0m [32mInvoking command in '/home/jetson/projects/bishe/edge/build/bishe_monitor': AMENT_PREFIX_PATH=/home/jetson/projects/bishe/edge/install/bishe_msgs:${AMENT_PREFIX_PATH} CMAKE_PREFIX_PATH=/home/jetson/projects/bishe/edge/install/bishe_msgs:/opt/ros/humble LD_LIBRARY_PATH=/home/jetson/projects/bishe/edge/install/bishe_msgs/lib:/opt/ros/humble/opt/rviz_ogre_vendor/lib:/opt/ros/humble/lib/aarch64-linux-gnu:/opt/ros/humble/lib:/usr/local/cuda-12.6/lib64 PYTHONPATH=/home/jetson/projects/bishe/edge/install/bishe_msgs/local/lib/python3.10/dist-packages:${PYTHONPATH} /usr/bin/cmake --build /home/jetson/projects/bishe/edge/build/bishe_monitor -- -j6 -l6[0m
[1.787s] [34mcolcon.colcon_core.event_handler.log_command[0m [1;30mDEBUG[0m [32mInvoking command in '/home/jetson/projects/bishe/edge/build/bishe_streamer': AMENT_PREFIX_PATH=/home/jetson/projects/bishe/edge/install/bishe_msgs:${AMENT_PREFIX_PATH} CMAKE_PREFIX_PATH=/home/jetson/projects/bishe/edge/install/bishe_msgs:/opt/ros/humble LD_LIBRARY_PATH=/home/jetson/projects/bishe/edge/install/bishe_msgs/lib:/opt/ros/humble/opt/rviz_ogre_vendor/lib:/opt/ros/humble/lib/aarch64-linux-gnu:/opt/ros/humble/lib:/usr/local/cuda-12.6/lib64 PYTHONPATH=/home/jetson/projects/bishe/edge/install/bishe_msgs/local/lib/python3.10/dist-packages:${PYTHONPATH} /usr/bin/cmake --build /home/jetson/projects/bishe/edge/build/bishe_streamer -- -j6 -l6[0m
[1.940s] [34mcolcon.colcon_core.event_handler.log_command[0m [1;30mDEBUG[0m [32mInvoked command in '/home/jetson/projects/bishe/edge/build/bishe_streamer' returned '0': AMENT_PREFIX_PATH=/home/jetson/projects/bishe/edge/install/bishe_msgs:${AMENT_PREFIX_PATH} CMAKE_PREFIX_PATH=/home/jetson/projects/bishe/edge/install/bishe_msgs:/opt/ros/humble LD_LIBRARY_PATH=/home/jetson/projects/bishe/edge/install/bishe_msgs/lib:/opt/ros/humble/opt/rviz_ogre_vendor/lib:/opt/ros/humble/lib/aarch64-linux-gnu:/opt/ros/humble/lib:/usr/local/cuda-12.6/lib64 PYTHONPATH=/home/jetson/projects/bishe/edge/install/bishe_msgs/local/lib/python3.10/dist-packages:${PYTHONPATH} /usr/bin/cmake --build /home/jetson/projects/bishe/edge/build/bishe_streamer -- -j6 -l6[0m
[1.947s] [34mcolcon.colcon_core.event_handler.log_command[0m [1;30mDEBUG[0m [32mInvoking command in '/home/jetson/projects/bishe/edge/build/bishe_streamer': AMENT_PREFIX_PATH=/home/jetson/projects/bishe/edge/install/bishe_msgs:${AMENT_PREFIX_PATH} CMAKE_PREFIX_PATH=/home/jetson/projects/bishe/edge/install/bishe_msgs:/opt/ros/humble LD_LIBRARY_PATH=/home/jetson/projects/bishe/edge/install/bishe_msgs/lib:/opt/ros/humble/opt/rviz_ogre_vendor/lib:/opt/ros/humble/lib/aarch64-linux-gnu:/opt/ros/humble/lib:/usr/local/cuda-12.6/lib64 PYTHONPATH=/home/jetson/projects/bishe/edge/install/bishe_msgs/local/lib/python3.10/dist-packages:${PYTHONPATH} /usr/bin/cmake --install /home/jetson/projects/bishe/edge/build/bishe_streamer[0m
[1.970s] [34mcolcon.colcon_core.event_handler.log_command[0m [1;30mDEBUG[0m [32mInvoked command in '/home/jetson/projects/bishe/edge/build/bishe_camera' returned '0': AMENT_PREFIX_PATH=/home/jetson/projects/bishe/edge/install/bishe_msgs:${AMENT_PREFIX_PATH} CMAKE_PREFIX_PATH=/home/jetson/projects/bishe/edge/install/bishe_msgs:/opt/ros/humble LD_LIBRARY_PATH=/home/jetson/projects/bishe/edge/install/bishe_msgs/lib:/opt/ros/humble/opt/rviz_ogre_vendor/lib:/opt/ros/humble/lib/aarch64-linux-gnu:/opt/ros/humble/lib:/usr/local/cuda-12.6/lib64 PYTHONPATH=/home/jetson/projects/bishe/edge/install/bishe_msgs/local/lib/python3.10/dist-packages:${PYTHONPATH} /usr/bin/cmake --build /home/jetson/projects/bishe/edge/build/bishe_camera -- -j6 -l6[0m
[1.976s] [34mcolcon.colcon_core.event_handler.log_command[0m [1;30mDEBUG[0m [32mInvoking command in '/home/jetson/projects/bishe/edge/build/bishe_camera': AMENT_PREFIX_PATH=/home/jetson/projects/bishe/edge/install/bishe_msgs:${AMENT_PREFIX_PATH} CMAKE_PREFIX_PATH=/home/jetson/projects/bishe/edge/install/bishe_msgs:/opt/ros/humble LD_LIBRARY_PATH=/home/jetson/projects/bishe/edge/install/bishe_msgs/lib:/opt/ros/humble/opt/rviz_ogre_vendor/lib:/opt/ros/humble/lib/aarch64-linux-gnu:/opt/ros/humble/lib:/usr/local/cuda-12.6/lib64 PYTHONPATH=/home/jetson/projects/bishe/edge/install/bishe_msgs/local/lib/python3.10/dist-packages:${PYTHONPATH} /usr/bin/cmake --install /home/jetson/projects/bishe/edge/build/bishe_camera[0m
[1.985s] [34mcolcon.colcon_core.environment[0m [1;30mLevel 1[0m create_environment_scripts_only(bishe_streamer)
[1.986s] [34mcolcon.colcon_core.environment[0m [1;30mLevel 1[0m checking '/home/jetson/projects/bishe/edge/install/bishe_streamer' for CMake module files
[1.987s] [34mcolcon.colcon_core.environment[0m [1;30mLevel 1[0m checking '/home/jetson/projects/bishe/edge/install/bishe_streamer' for CMake config files
[1.988s] [34mcolcon.colcon_core.event_handler.log_command[0m [1;30mDEBUG[0m [32mInvoked command in '/home/jetson/projects/bishe/edge/build/bishe_streamer' returned '0': AMENT_PREFIX_PATH=/home/jetson/projects/bishe/edge/install/bishe_msgs:${AMENT_PREFIX_PATH} CMAKE_PREFIX_PATH=/home/jetson/projects/bishe/edge/install/bishe_msgs:/opt/ros/humble LD_LIBRARY_PATH=/home/jetson/projects/bishe/edge/install/bishe_msgs/lib:/opt/ros/humble/opt/rviz_ogre_vendor/lib:/opt/ros/humble/lib/aarch64-linux-gnu:/opt/ros/humble/lib:/usr/local/cuda-12.6/lib64 PYTHONPATH=/home/jetson/projects/bishe/edge/install/bishe_msgs/local/lib/python3.10/dist-packages:${PYTHONPATH} /usr/bin/cmake --install /home/jetson/projects/bishe/edge/build/bishe_streamer[0m
[1.989s] [34mcolcon.colcon_core.shell[0m [1;30mLevel 1[0m create_environment_hook('bishe_streamer', 'cmake_prefix_path')
[1.989s] [34mcolcon.colcon_core.shell[0m [1;30mINFO[0m Creating environment hook '/home/jetson/projects/bishe/edge/install/bishe_streamer/share/bishe_streamer/hook/cmake_prefix_path.ps1'
[1.990s] [34mcolcon.colcon_core.shell[0m [1;30mINFO[0m Creating environment descriptor '/home/jetson/projects/bishe/edge/install/bishe_streamer/share/bishe_streamer/hook/cmake_prefix_path.dsv'
[1.998s] [34mcolcon.colcon_core.shell[0m [1;30mINFO[0m Creating environment hook '/home/jetson/projects/bishe/edge/install/bishe_streamer/share/bishe_streamer/hook/cmake_prefix_path.sh'
[1.999s] [34mcolcon.colcon_core.environment[0m [1;30mLevel 1[0m checking '/home/jetson/projects/bishe/edge/install/bishe_streamer/lib'
[2.000s] [34mcolcon.colcon_core.environment[0m [1;30mLevel 1[0m checking '/home/jetson/projects/bishe/edge/install/bishe_streamer/bin'
[2.000s] [34mcolcon.colcon_core.environment[0m [1;30mLevel 1[0m checking '/home/jetson/projects/bishe/edge/install/bishe_streamer/lib/pkgconfig/bishe_streamer.pc'
[2.001s] [34mcolcon.colcon_core.environment[0m [1;30mLevel 1[0m checking '/home/jetson/projects/bishe/edge/install/bishe_streamer/lib/python3.10/site-packages'
[2.001s] [34mcolcon.colcon_core.environment[0m [1;30mLevel 1[0m checking '/home/jetson/projects/bishe/edge/install/bishe_streamer/bin'
[2.002s] [34mcolcon.colcon_core.shell[0m [1;30mINFO[0m Creating package script '/home/jetson/projects/bishe/edge/install/bishe_streamer/share/bishe_streamer/package.ps1'
[2.003s] [34mcolcon.colcon_core.shell[0m [1;30mINFO[0m Creating package descriptor '/home/jetson/projects/bishe/edge/install/bishe_streamer/share/bishe_streamer/package.dsv'
[2.004s] [34mcolcon.colcon_core.shell[0m [1;30mINFO[0m Creating package script '/home/jetson/projects/bishe/edge/install/bishe_streamer/share/bishe_streamer/package.sh'
[2.005s] [34mcolcon.colcon_core.shell[0m [1;30mINFO[0m Creating package script '/home/jetson/projects/bishe/edge/install/bishe_streamer/share/bishe_streamer/package.bash'
[2.006s] [34mcolcon.colcon_core.shell[0m [1;30mINFO[0m Creating package script '/home/jetson/projects/bishe/edge/install/bishe_streamer/share/bishe_streamer/package.zsh'
[2.006s] [34mcolcon.colcon_core.environment[0m [1;30mLevel 1[0m create_file_with_runtime_dependencies(/home/jetson/projects/bishe/edge/install/bishe_streamer/share/colcon-core/packages/bishe_streamer)
[2.007s] [34mcolcon.colcon_core.environment[0m [1;30mLevel 1[0m create_environment_scripts_only(bishe_streamer)
[2.008s] [34mcolcon.colcon_core.environment[0m [1;30mLevel 1[0m checking '/home/jetson/projects/bishe/edge/install/bishe_streamer' for CMake module files
[2.010s] [34mcolcon.colcon_core.environment[0m [1;30mLevel 1[0m checking '/home/jetson/projects/bishe/edge/install/bishe_streamer' for CMake config files
[2.011s] [34mcolcon.colcon_core.shell[0m [1;30mLevel 1[0m create_environment_hook('bishe_streamer', 'cmake_prefix_path')
[2.011s] [34mcolcon.colcon_core.shell[0m [1;30mINFO[0m Creating environment hook '/home/jetson/projects/bishe/edge/install/bishe_streamer/share/bishe_streamer/hook/cmake_prefix_path.ps1'
[2.012s] [34mcolcon.colcon_core.shell[0m [1;30mINFO[0m Creating environment descriptor '/home/jetson/projects/bishe/edge/install/bishe_streamer/share/bishe_streamer/hook/cmake_prefix_path.dsv'
[2.014s] [34mcolcon.colcon_core.shell[0m [1;30mINFO[0m Creating environment hook '/home/jetson/projects/bishe/edge/install/bishe_streamer/share/bishe_streamer/hook/cmake_prefix_path.sh'
[2.015s] [34mcolcon.colcon_core.environment[0m [1;30mLevel 1[0m checking '/home/jetson/projects/bishe/edge/install/bishe_streamer/lib'
[2.015s] [34mcolcon.colcon_core.environment[0m [1;30mLevel 1[0m checking '/home/jetson/projects/bishe/edge/install/bishe_streamer/bin'
[2.015s] [34mcolcon.colcon_core.environment[0m [1;30mLevel 1[0m checking '/home/jetson/projects/bishe/edge/install/bishe_streamer/lib/pkgconfig/bishe_streamer.pc'
[2.015s] [34mcolcon.colcon_core.environment[0m [1;30mLevel 1[0m checking '/home/jetson/projects/bishe/edge/install/bishe_streamer/lib/python3.10/site-packages'
[2.016s] [34mcolcon.colcon_core.environment[0m [1;30mLevel 1[0m checking '/home/jetson/projects/bishe/edge/install/bishe_streamer/bin'
[2.017s] [34mcolcon.colcon_core.shell[0m [1;30mINFO[0m Creating package script '/home/jetson/projects/bishe/edge/install/bishe_streamer/share/bishe_streamer/package.ps1'
[2.018s] [34mcolcon.colcon_core.shell[0m [1;30mINFO[0m Creating package descriptor '/home/jetson/projects/bishe/edge/install/bishe_streamer/share/bishe_streamer/package.dsv'
[2.019s] [34mcolcon.colcon_core.shell[0m [1;30mINFO[0m Creating package script '/home/jetson/projects/bishe/edge/install/bishe_streamer/share/bishe_streamer/package.sh'
[2.019s] [34mcolcon.colcon_core.shell[0m [1;30mINFO[0m Creating package script '/home/jetson/projects/bishe/edge/install/bishe_streamer/share/bishe_streamer/package.bash'
[2.020s] [34mcolcon.colcon_core.shell[0m [1;30mINFO[0m Creating package script '/home/jetson/projects/bishe/edge/install/bishe_streamer/share/bishe_streamer/package.zsh'
[2.021s] [34mcolcon.colcon_core.environment[0m [1;30mLevel 1[0m create_file_with_runtime_dependencies(/home/jetson/projects/bishe/edge/install/bishe_streamer/share/colcon-core/packages/bishe_streamer)
[2.024s] [34mcolcon.colcon_core.event_handler.log_command[0m [1;30mDEBUG[0m [32mInvoked command in '/home/jetson/projects/bishe/edge/build/bishe_monitor' returned '0': AMENT_PREFIX_PATH=/home/jetson/projects/bishe/edge/install/bishe_msgs:${AMENT_PREFIX_PATH} CMAKE_PREFIX_PATH=/home/jetson/projects/bishe/edge/install/bishe_msgs:/opt/ros/humble LD_LIBRARY_PATH=/home/jetson/projects/bishe/edge/install/bishe_msgs/lib:/opt/ros/humble/opt/rviz_ogre_vendor/lib:/opt/ros/humble/lib/aarch64-linux-gnu:/opt/ros/humble/lib:/usr/local/cuda-12.6/lib64 PYTHONPATH=/home/jetson/projects/bishe/edge/install/bishe_msgs/local/lib/python3.10/dist-packages:${PYTHONPATH} /usr/bin/cmake --build /home/jetson/projects/bishe/edge/build/bishe_monitor -- -j6 -l6[0m
[2.027s] [34mcolcon.colcon_core.event_handler.log_command[0m [1;30mDEBUG[0m [32mInvoking command in '/home/jetson/projects/bishe/edge/build/bishe_monitor': AMENT_PREFIX_PATH=/home/jetson/projects/bishe/edge/install/bishe_msgs:${AMENT_PREFIX_PATH} CMAKE_PREFIX_PATH=/home/jetson/projects/bishe/edge/install/bishe_msgs:/opt/ros/humble LD_LIBRARY_PATH=/home/jetson/projects/bishe/edge/install/bishe_msgs/lib:/opt/ros/humble/opt/rviz_ogre_vendor/lib:/opt/ros/humble/lib/aarch64-linux-gnu:/opt/ros/humble/lib:/usr/local/cuda-12.6/lib64 PYTHONPATH=/home/jetson/projects/bishe/edge/install/bishe_msgs/local/lib/python3.10/dist-packages:${PYTHONPATH} /usr/bin/cmake --install /home/jetson/projects/bishe/edge/build/bishe_monitor[0m
[2.027s] [34mcolcon.colcon_core.environment[0m [1;30mLevel 1[0m create_environment_scripts_only(bishe_camera)
[2.028s] [34mcolcon.colcon_core.environment[0m [1;30mLevel 1[0m checking '/home/jetson/projects/bishe/edge/install/bishe_camera' for CMake module files
[2.028s] [34mcolcon.colcon_core.event_handler.log_command[0m [1;30mDEBUG[0m [32mInvoked command in '/home/jetson/projects/bishe/edge/build/bishe_camera' returned '0': AMENT_PREFIX_PATH=/home/jetson/projects/bishe/edge/install/bishe_msgs:${AMENT_PREFIX_PATH} CMAKE_PREFIX_PATH=/home/jetson/projects/bishe/edge/install/bishe_msgs:/opt/ros/humble LD_LIBRARY_PATH=/home/jetson/projects/bishe/edge/install/bishe_msgs/lib:/opt/ros/humble/opt/rviz_ogre_vendor/lib:/opt/ros/humble/lib/aarch64-linux-gnu:/opt/ros/humble/lib:/usr/local/cuda-12.6/lib64 PYTHONPATH=/home/jetson/projects/bishe/edge/install/bishe_msgs/local/lib/python3.10/dist-packages:${PYTHONPATH} /usr/bin/cmake --install /home/jetson/projects/bishe/edge/build/bishe_camera[0m
[2.030s] [34mcolcon.colcon_core.environment[0m [1;30mLevel 1[0m checking '/home/jetson/projects/bishe/edge/install/bishe_camera' for CMake config files
[2.031s] [34mcolcon.colcon_core.shell[0m [1;30mLevel 1[0m create_environment_hook('bishe_camera', 'cmake_prefix_path')
[2.031s] [34mcolcon.colcon_core.shell[0m [1;30mINFO[0m Creating environment hook '/home/jetson/projects/bishe/edge/install/bishe_camera/share/bishe_camera/hook/cmake_prefix_path.ps1'
[2.032s] [34mcolcon.colcon_core.shell[0m [1;30mINFO[0m Creating environment descriptor '/home/jetson/projects/bishe/edge/install/bishe_camera/share/bishe_camera/hook/cmake_prefix_path.dsv'
[2.033s] [34mcolcon.colcon_core.shell[0m [1;30mINFO[0m Creating environment hook '/home/jetson/projects/bishe/edge/install/bishe_camera/share/bishe_camera/hook/cmake_prefix_path.sh'
[2.034s] [34mcolcon.colcon_core.environment[0m [1;30mLevel 1[0m checking '/home/jetson/projects/bishe/edge/install/bishe_camera/lib'
[2.034s] [34mcolcon.colcon_core.shell[0m [1;30mLevel 1[0m create_environment_hook('bishe_camera', 'ld_library_path_lib')
[2.034s] [34mcolcon.colcon_core.shell[0m [1;30mINFO[0m Creating environment hook '/home/jetson/projects/bishe/edge/install/bishe_camera/share/bishe_camera/hook/ld_library_path_lib.ps1'
[2.035s] [34mcolcon.colcon_core.shell[0m [1;30mINFO[0m Creating environment descriptor '/home/jetson/projects/bishe/edge/install/bishe_camera/share/bishe_camera/hook/ld_library_path_lib.dsv'
[2.036s] [34mcolcon.colcon_core.shell[0m [1;30mINFO[0m Creating environment hook '/home/jetson/projects/bishe/edge/install/bishe_camera/share/bishe_camera/hook/ld_library_path_lib.sh'
[2.036s] [34mcolcon.colcon_core.environment[0m [1;30mLevel 1[0m checking '/home/jetson/projects/bishe/edge/install/bishe_camera/bin'
[2.037s] [34mcolcon.colcon_core.environment[0m [1;30mLevel 1[0m checking '/home/jetson/projects/bishe/edge/install/bishe_camera/lib/pkgconfig/bishe_camera.pc'
[2.037s] [34mcolcon.colcon_core.environment[0m [1;30mLevel 1[0m checking '/home/jetson/projects/bishe/edge/install/bishe_camera/lib/python3.10/site-packages'
[2.038s] [34mcolcon.colcon_core.environment[0m [1;30mLevel 1[0m checking '/home/jetson/projects/bishe/edge/install/bishe_camera/bin'
[2.038s] [34mcolcon.colcon_core.shell[0m [1;30mINFO[0m Creating package script '/home/jetson/projects/bishe/edge/install/bishe_camera/share/bishe_camera/package.ps1'
[2.039s] [34mcolcon.colcon_core.shell[0m [1;30mINFO[0m Creating package descriptor '/home/jetson/projects/bishe/edge/install/bishe_camera/share/bishe_camera/package.dsv'
[2.040s] [34mcolcon.colcon_core.shell[0m [1;30mINFO[0m Creating package script '/home/jetson/projects/bishe/edge/install/bishe_camera/share/bishe_camera/package.sh'
[2.041s] [34mcolcon.colcon_core.shell[0m [1;30mINFO[0m Creating package script '/home/jetson/projects/bishe/edge/install/bishe_camera/share/bishe_camera/package.bash'
[2.042s] [34mcolcon.colcon_core.shell[0m [1;30mINFO[0m Creating package script '/home/jetson/projects/bishe/edge/install/bishe_camera/share/bishe_camera/package.zsh'
[2.042s] [34mcolcon.colcon_core.environment[0m [1;30mLevel 1[0m create_file_with_runtime_dependencies(/home/jetson/projects/bishe/edge/install/bishe_camera/share/colcon-core/packages/bishe_camera)
[2.043s] [34mcolcon.colcon_core.environment[0m [1;30mLevel 1[0m create_environment_scripts_only(bishe_camera)
[2.044s] [34mcolcon.colcon_core.environment[0m [1;30mLevel 1[0m checking '/home/jetson/projects/bishe/edge/install/bishe_camera' for CMake module files
[2.045s] [34mcolcon.colcon_core.environment[0m [1;30mLevel 1[0m checking '/home/jetson/projects/bishe/edge/install/bishe_camera' for CMake config files
[2.045s] [34mcolcon.colcon_core.shell[0m [1;30mLevel 1[0m create_environment_hook('bishe_camera', 'cmake_prefix_path')
[2.045s] [34mcolcon.colcon_core.shell[0m [1;30mINFO[0m Creating environment hook '/home/jetson/projects/bishe/edge/install/bishe_camera/share/bishe_camera/hook/cmake_prefix_path.ps1'
[2.046s] [34mcolcon.colcon_core.shell[0m [1;30mINFO[0m Creating environment descriptor '/home/jetson/projects/bishe/edge/install/bishe_camera/share/bishe_camera/hook/cmake_prefix_path.dsv'
[2.047s] [34mcolcon.colcon_core.shell[0m [1;30mINFO[0m Creating environment hook '/home/jetson/projects/bishe/edge/install/bishe_camera/share/bishe_camera/hook/cmake_prefix_path.sh'
[2.048s] [34mcolcon.colcon_core.environment[0m [1;30mLevel 1[0m checking '/home/jetson/projects/bishe/edge/install/bishe_camera/lib'
[2.048s] [34mcolcon.colcon_core.shell[0m [1;30mLevel 1[0m create_environment_hook('bishe_camera', 'ld_library_path_lib')
[2.048s] [34mcolcon.colcon_core.shell[0m [1;30mINFO[0m Creating environment hook '/home/jetson/projects/bishe/edge/install/bishe_camera/share/bishe_camera/hook/ld_library_path_lib.ps1'
[2.049s] [34mcolcon.colcon_core.shell[0m [1;30mINFO[0m Creating environment descriptor '/home/jetson/projects/bishe/edge/install/bishe_camera/share/bishe_camera/hook/ld_library_path_lib.dsv'
[2.050s] [34mcolcon.colcon_core.shell[0m [1;30mINFO[0m Creating environment hook '/home/jetson/projects/bishe/edge/install/bishe_camera/share/bishe_camera/hook/ld_library_path_lib.sh'
[2.050s] [34mcolcon.colcon_core.environment[0m [1;30mLevel 1[0m checking '/home/jetson/projects/bishe/edge/install/bishe_camera/bin'
[2.051s] [34mcolcon.colcon_core.environment[0m [1;30mLevel 1[0m checking '/home/jetson/projects/bishe/edge/install/bishe_camera/lib/pkgconfig/bishe_camera.pc'
[2.051s] [34mcolcon.colcon_core.environment[0m [1;30mLevel 1[0m checking '/home/jetson/projects/bishe/edge/install/bishe_camera/lib/python3.10/site-packages'
[2.052s] [34mcolcon.colcon_core.environment[0m [1;30mLevel 1[0m checking '/home/jetson/projects/bishe/edge/install/bishe_camera/bin'
[2.052s] [34mcolcon.colcon_core.shell[0m [1;30mINFO[0m Creating package script '/home/jetson/projects/bishe/edge/install/bishe_camera/share/bishe_camera/package.ps1'
[2.053s] [34mcolcon.colcon_core.shell[0m [1;30mINFO[0m Creating package descriptor '/home/jetson/projects/bishe/edge/install/bishe_camera/share/bishe_camera/package.dsv'
[2.054s] [34mcolcon.colcon_core.shell[0m [1;30mINFO[0m Creating package script '/home/jetson/projects/bishe/edge/install/bishe_camera/share/bishe_camera/package.sh'
[2.055s] [34mcolcon.colcon_core.shell[0m [1;30mINFO[0m Creating package script '/home/jetson/projects/bishe/edge/install/bishe_camera/share/bishe_camera/package.bash'
[2.056s] [34mcolcon.colcon_core.shell[0m [1;30mINFO[0m Creating package script '/home/jetson/projects/bishe/edge/install/bishe_camera/share/bishe_camera/package.zsh'
[2.056s] [34mcolcon.colcon_core.environment[0m [1;30mLevel 1[0m create_file_with_runtime_dependencies(/home/jetson/projects/bishe/edge/install/bishe_camera/share/colcon-core/packages/bishe_camera)
[2.060s] [34mcolcon.colcon_core.event_handler.log_command[0m [1;30mDEBUG[0m [32mInvoked command in '/home/jetson/projects/bishe/edge/build/bishe_detector' returned '0': AMENT_PREFIX_PATH=/home/jetson/projects/bishe/edge/install/bishe_msgs:${AMENT_PREFIX_PATH} CMAKE_PREFIX_PATH=/home/jetson/projects/bishe/edge/install/bishe_msgs:/opt/ros/humble LD_LIBRARY_PATH=/home/jetson/projects/bishe/edge/install/bishe_msgs/lib:/opt/ros/humble/opt/rviz_ogre_vendor/lib:/opt/ros/humble/lib/aarch64-linux-gnu:/opt/ros/humble/lib:/usr/local/cuda-12.6/lib64 PYTHONPATH=/home/jetson/projects/bishe/edge/install/bishe_msgs/local/lib/python3.10/dist-packages:${PYTHONPATH} /usr/bin/cmake --build /home/jetson/projects/bishe/edge/build/bishe_detector -- -j6 -l6[0m
[2.064s] [34mcolcon.colcon_core.environment[0m [1;30mLevel 1[0m create_environment_scripts_only(bishe_monitor)
[2.065s] [34mcolcon.colcon_core.environment[0m [1;30mLevel 1[0m checking '/home/jetson/projects/bishe/edge/install/bishe_monitor' for CMake module files
[2.068s] [34mcolcon.colcon_core.environment[0m [1;30mLevel 1[0m checking '/home/jetson/projects/bishe/edge/install/bishe_monitor' for CMake config files
[2.070s] [34mcolcon.colcon_core.event_handler.log_command[0m [1;30mDEBUG[0m [32mInvoking command in '/home/jetson/projects/bishe/edge/build/bishe_detector': AMENT_PREFIX_PATH=/home/jetson/projects/bishe/edge/install/bishe_msgs:${AMENT_PREFIX_PATH} CMAKE_PREFIX_PATH=/home/jetson/projects/bishe/edge/install/bishe_msgs:/opt/ros/humble LD_LIBRARY_PATH=/home/jetson/projects/bishe/edge/install/bishe_msgs/lib:/opt/ros/humble/opt/rviz_ogre_vendor/lib:/opt/ros/humble/lib/aarch64-linux-gnu:/opt/ros/humble/lib:/usr/local/cuda-12.6/lib64 PYTHONPATH=/home/jetson/projects/bishe/edge/install/bishe_msgs/local/lib/python3.10/dist-packages:${PYTHONPATH} /usr/bin/cmake --install /home/jetson/projects/bishe/edge/build/bishe_detector[0m
[2.071s] [34mcolcon.colcon_core.event_handler.log_command[0m [1;30mDEBUG[0m [32mInvoked command in '/home/jetson/projects/bishe/edge/build/bishe_monitor' returned '0': AMENT_PREFIX_PATH=/home/jetson/projects/bishe/edge/install/bishe_msgs:${AMENT_PREFIX_PATH} CMAKE_PREFIX_PATH=/home/jetson/projects/bishe/edge/install/bishe_msgs:/opt/ros/humble LD_LIBRARY_PATH=/home/jetson/projects/bishe/edge/install/bishe_msgs/lib:/opt/ros/humble/opt/rviz_ogre_vendor/lib:/opt/ros/humble/lib/aarch64-linux-gnu:/opt/ros/humble/lib:/usr/local/cuda-12.6/lib64 PYTHONPATH=/home/jetson/projects/bishe/edge/install/bishe_msgs/local/lib/python3.10/dist-packages:${PYTHONPATH} /usr/bin/cmake --install /home/jetson/projects/bishe/edge/build/bishe_monitor[0m
[2.071s] [34mcolcon.colcon_core.shell[0m [1;30mLevel 1[0m create_environment_hook('bishe_monitor', 'cmake_prefix_path')
[2.072s] [34mcolcon.colcon_core.shell[0m [1;30mINFO[0m Creating environment hook '/home/jetson/projects/bishe/edge/install/bishe_monitor/share/bishe_monitor/hook/cmake_prefix_path.ps1'
[2.073s] [34mcolcon.colcon_core.shell[0m [1;30mINFO[0m Creating environment descriptor '/home/jetson/projects/bishe/edge/install/bishe_monitor/share/bishe_monitor/hook/cmake_prefix_path.dsv'
[2.075s] [34mcolcon.colcon_core.shell[0m [1;30mINFO[0m Creating environment hook '/home/jetson/projects/bishe/edge/install/bishe_monitor/share/bishe_monitor/hook/cmake_prefix_path.sh'
[2.077s] [34mcolcon.colcon_core.environment[0m [1;30mLevel 1[0m checking '/home/jetson/projects/bishe/edge/install/bishe_monitor/lib'
[2.077s] [34mcolcon.colcon_core.environment[0m [1;30mLevel 1[0m checking '/home/jetson/projects/bishe/edge/install/bishe_monitor/bin'
[2.077s] [34mcolcon.colcon_core.environment[0m [1;30mLevel 1[0m checking '/home/jetson/projects/bishe/edge/install/bishe_monitor/lib/pkgconfig/bishe_monitor.pc'
[2.078s] [34mcolcon.colcon_core.environment[0m [1;30mLevel 1[0m checking '/home/jetson/projects/bishe/edge/install/bishe_monitor/lib/python3.10/site-packages'
[2.079s] [34mcolcon.colcon_core.environment[0m [1;30mLevel 1[0m checking '/home/jetson/projects/bishe/edge/install/bishe_monitor/bin'
[2.080s] [34mcolcon.colcon_core.shell[0m [1;30mINFO[0m Creating package script '/home/jetson/projects/bishe/edge/install/bishe_monitor/share/bishe_monitor/package.ps1'
[2.082s] [34mcolcon.colcon_core.shell[0m [1;30mINFO[0m Creating package descriptor '/home/jetson/projects/bishe/edge/install/bishe_monitor/share/bishe_monitor/package.dsv'
[2.083s] [34mcolcon.colcon_core.shell[0m [1;30mINFO[0m Creating package script '/home/jetson/projects/bishe/edge/install/bishe_monitor/share/bishe_monitor/package.sh'
[2.084s] [34mcolcon.colcon_core.shell[0m [1;30mINFO[0m Creating package script '/home/jetson/projects/bishe/edge/install/bishe_monitor/share/bishe_monitor/package.bash'
[2.084s] [34mcolcon.colcon_core.shell[0m [1;30mINFO[0m Creating package script '/home/jetson/projects/bishe/edge/install/bishe_monitor/share/bishe_monitor/package.zsh'
[2.086s] [34mcolcon.colcon_core.environment[0m [1;30mLevel 1[0m create_file_with_runtime_dependencies(/home/jetson/projects/bishe/edge/install/bishe_monitor/share/colcon-core/packages/bishe_monitor)
[2.087s] [34mcolcon.colcon_core.environment[0m [1;30mLevel 1[0m create_environment_scripts_only(bishe_monitor)
[2.088s] [34mcolcon.colcon_core.environment[0m [1;30mLevel 1[0m checking '/home/jetson/projects/bishe/edge/install/bishe_monitor' for CMake module files
[2.090s] [34mcolcon.colcon_core.environment[0m [1;30mLevel 1[0m checking '/home/jetson/projects/bishe/edge/install/bishe_monitor' for CMake config files
[2.091s] [34mcolcon.colcon_core.shell[0m [1;30mLevel 1[0m create_environment_hook('bishe_monitor', 'cmake_prefix_path')
[2.091s] [34mcolcon.colcon_core.shell[0m [1;30mINFO[0m Creating environment hook '/home/jetson/projects/bishe/edge/install/bishe_monitor/share/bishe_monitor/hook/cmake_prefix_path.ps1'
[2.092s] [34mcolcon.colcon_core.shell[0m [1;30mINFO[0m Creating environment descriptor '/home/jetson/projects/bishe/edge/install/bishe_monitor/share/bishe_monitor/hook/cmake_prefix_path.dsv'
[2.094s] [34mcolcon.colcon_core.shell[0m [1;30mINFO[0m Creating environment hook '/home/jetson/projects/bishe/edge/install/bishe_monitor/share/bishe_monitor/hook/cmake_prefix_path.sh'
[2.096s] [34mcolcon.colcon_core.environment[0m [1;30mLevel 1[0m checking '/home/jetson/projects/bishe/edge/install/bishe_monitor/lib'
[2.097s] [34mcolcon.colcon_core.environment[0m [1;30mLevel 1[0m checking '/home/jetson/projects/bishe/edge/install/bishe_monitor/bin'
[2.097s] [34mcolcon.colcon_core.environment[0m [1;30mLevel 1[0m checking '/home/jetson/projects/bishe/edge/install/bishe_monitor/lib/pkgconfig/bishe_monitor.pc'
[2.097s] [34mcolcon.colcon_core.environment[0m [1;30mLevel 1[0m checking '/home/jetson/projects/bishe/edge/install/bishe_monitor/lib/python3.10/site-packages'
[2.098s] [34mcolcon.colcon_core.environment[0m [1;30mLevel 1[0m checking '/home/jetson/projects/bishe/edge/install/bishe_monitor/bin'
[2.099s] [34mcolcon.colcon_core.shell[0m [1;30mINFO[0m Creating package script '/home/jetson/projects/bishe/edge/install/bishe_monitor/share/bishe_monitor/package.ps1'
[2.100s] [34mcolcon.colcon_core.shell[0m [1;30mINFO[0m Creating package descriptor '/home/jetson/projects/bishe/edge/install/bishe_monitor/share/bishe_monitor/package.dsv'
[2.101s] [34mcolcon.colcon_core.shell[0m [1;30mINFO[0m Creating package script '/home/jetson/projects/bishe/edge/install/bishe_monitor/share/bishe_monitor/package.sh'
[2.102s] [34mcolcon.colcon_core.shell[0m [1;30mINFO[0m Creating package script '/home/jetson/projects/bishe/edge/install/bishe_monitor/share/bishe_monitor/package.bash'
[2.103s] [34mcolcon.colcon_core.shell[0m [1;30mINFO[0m Creating package script '/home/jetson/projects/bishe/edge/install/bishe_monitor/share/bishe_monitor/package.zsh'
[2.104s] [34mcolcon.colcon_core.environment[0m [1;30mLevel 1[0m create_file_with_runtime_dependencies(/home/jetson/projects/bishe/edge/install/bishe_monitor/share/colcon-core/packages/bishe_monitor)
[2.106s] [34mcolcon.colcon_core.environment[0m [1;30mLevel 1[0m create_environment_scripts_only(bishe_detector)
[2.106s] [34mcolcon.colcon_core.environment[0m [1;30mLevel 1[0m checking '/home/jetson/projects/bishe/edge/install/bishe_detector' for CMake module files
[2.108s] [34mcolcon.colcon_core.event_handler.log_command[0m [1;30mDEBUG[0m [32mInvoked command in '/home/jetson/projects/bishe/edge/build/bishe_detector' returned '0': AMENT_PREFIX_PATH=/home/jetson/projects/bishe/edge/install/bishe_msgs:${AMENT_PREFIX_PATH} CMAKE_PREFIX_PATH=/home/jetson/projects/bishe/edge/install/bishe_msgs:/opt/ros/humble LD_LIBRARY_PATH=/home/jetson/projects/bishe/edge/install/bishe_msgs/lib:/opt/ros/humble/opt/rviz_ogre_vendor/lib:/opt/ros/humble/lib/aarch64-linux-gnu:/opt/ros/humble/lib:/usr/local/cuda-12.6/lib64 PYTHONPATH=/home/jetson/projects/bishe/edge/install/bishe_msgs/local/lib/python3.10/dist-packages:${PYTHONPATH} /usr/bin/cmake --install /home/jetson/projects/bishe/edge/build/bishe_detector[0m
[2.108s] [34mcolcon.colcon_core.environment[0m [1;30mLevel 1[0m checking '/home/jetson/projects/bishe/edge/install/bishe_detector' for CMake config files
[2.109s] [34mcolcon.colcon_core.shell[0m [1;30mLevel 1[0m create_environment_hook('bishe_detector', 'cmake_prefix_path')
[2.109s] [34mcolcon.colcon_core.shell[0m [1;30mINFO[0m Creating environment hook '/home/jetson/projects/bishe/edge/install/bishe_detector/share/bishe_detector/hook/cmake_prefix_path.ps1'
[2.110s] [34mcolcon.colcon_core.shell[0m [1;30mINFO[0m Creating environment descriptor '/home/jetson/projects/bishe/edge/install/bishe_detector/share/bishe_detector/hook/cmake_prefix_path.dsv'
[2.111s] [34mcolcon.colcon_core.shell[0m [1;30mINFO[0m Creating environment hook '/home/jetson/projects/bishe/edge/install/bishe_detector/share/bishe_detector/hook/cmake_prefix_path.sh'
[2.112s] [34mcolcon.colcon_core.environment[0m [1;30mLevel 1[0m checking '/home/jetson/projects/bishe/edge/install/bishe_detector/lib'
[2.112s] [34mcolcon.colcon_core.shell[0m [1;30mLevel 1[0m create_environment_hook('bishe_detector', 'ld_library_path_lib')
[2.113s] [34mcolcon.colcon_core.shell[0m [1;30mINFO[0m Creating environment hook '/home/jetson/projects/bishe/edge/install/bishe_detector/share/bishe_detector/hook/ld_library_path_lib.ps1'
[2.113s] [34mcolcon.colcon_core.shell[0m [1;30mINFO[0m Creating environment descriptor '/home/jetson/projects/bishe/edge/install/bishe_detector/share/bishe_detector/hook/ld_library_path_lib.dsv'
[2.114s] [34mcolcon.colcon_core.shell[0m [1;30mINFO[0m Creating environment hook '/home/jetson/projects/bishe/edge/install/bishe_detector/share/bishe_detector/hook/ld_library_path_lib.sh'
[2.115s] [34mcolcon.colcon_core.environment[0m [1;30mLevel 1[0m checking '/home/jetson/projects/bishe/edge/install/bishe_detector/bin'
[2.115s] [34mcolcon.colcon_core.environment[0m [1;30mLevel 1[0m checking '/home/jetson/projects/bishe/edge/install/bishe_detector/lib/pkgconfig/bishe_detector.pc'
[2.115s] [34mcolcon.colcon_core.environment[0m [1;30mLevel 1[0m checking '/home/jetson/projects/bishe/edge/install/bishe_detector/lib/python3.10/site-packages'
[2.116s] [34mcolcon.colcon_core.environment[0m [1;30mLevel 1[0m checking '/home/jetson/projects/bishe/edge/install/bishe_detector/bin'
[2.116s] [34mcolcon.colcon_core.shell[0m [1;30mINFO[0m Creating package script '/home/jetson/projects/bishe/edge/install/bishe_detector/share/bishe_detector/package.ps1'
[2.118s] [34mcolcon.colcon_core.shell[0m [1;30mINFO[0m Creating package descriptor '/home/jetson/projects/bishe/edge/install/bishe_detector/share/bishe_detector/package.dsv'
[2.118s] [34mcolcon.colcon_core.shell[0m [1;30mINFO[0m Creating package script '/home/jetson/projects/bishe/edge/install/bishe_detector/share/bishe_detector/package.sh'
[2.119s] [34mcolcon.colcon_core.shell[0m [1;30mINFO[0m Creating package script '/home/jetson/projects/bishe/edge/install/bishe_detector/share/bishe_detector/package.bash'
[2.120s] [34mcolcon.colcon_core.shell[0m [1;30mINFO[0m Creating package script '/home/jetson/projects/bishe/edge/install/bishe_detector/share/bishe_detector/package.zsh'
[2.121s] [34mcolcon.colcon_core.environment[0m [1;30mLevel 1[0m create_file_with_runtime_dependencies(/home/jetson/projects/bishe/edge/install/bishe_detector/share/colcon-core/packages/bishe_detector)
[2.122s] [34mcolcon.colcon_core.environment[0m [1;30mLevel 1[0m create_environment_scripts_only(bishe_detector)
[2.122s] [34mcolcon.colcon_core.environment[0m [1;30mLevel 1[0m checking '/home/jetson/projects/bishe/edge/install/bishe_detector' for CMake module files
[2.123s] [34mcolcon.colcon_core.environment[0m [1;30mLevel 1[0m checking '/home/jetson/projects/bishe/edge/install/bishe_detector' for CMake config files
[2.123s] [34mcolcon.colcon_core.shell[0m [1;30mLevel 1[0m create_environment_hook('bishe_detector', 'cmake_prefix_path')
[2.124s] [34mcolcon.colcon_core.shell[0m [1;30mINFO[0m Creating environment hook '/home/jetson/projects/bishe/edge/install/bishe_detector/share/bishe_detector/hook/cmake_prefix_path.ps1'
[2.125s] [34mcolcon.colcon_core.shell[0m [1;30mINFO[0m Creating environment descriptor '/home/jetson/projects/bishe/edge/install/bishe_detector/share/bishe_detector/hook/cmake_prefix_path.dsv'
[2.125s] [34mcolcon.colcon_core.shell[0m [1;30mINFO[0m Creating environment hook '/home/jetson/projects/bishe/edge/install/bishe_detector/share/bishe_detector/hook/cmake_prefix_path.sh'
[2.126s] [34mcolcon.colcon_core.environment[0m [1;30mLevel 1[0m checking '/home/jetson/projects/bishe/edge/install/bishe_detector/lib'
[2.126s] [34mcolcon.colcon_core.shell[0m [1;30mLevel 1[0m create_environment_hook('bishe_detector', 'ld_library_path_lib')
[2.127s] [34mcolcon.colcon_core.shell[0m [1;30mINFO[0m Creating environment hook '/home/jetson/projects/bishe/edge/install/bishe_detector/share/bishe_detector/hook/ld_library_path_lib.ps1'
[2.128s] [34mcolcon.colcon_core.shell[0m [1;30mINFO[0m Creating environment descriptor '/home/jetson/projects/bishe/edge/install/bishe_detector/share/bishe_detector/hook/ld_library_path_lib.dsv'
[2.128s] [34mcolcon.colcon_core.shell[0m [1;30mINFO[0m Creating environment hook '/home/jetson/projects/bishe/edge/install/bishe_detector/share/bishe_detector/hook/ld_library_path_lib.sh'
[2.129s] [34mcolcon.colcon_core.environment[0m [1;30mLevel 1[0m checking '/home/jetson/projects/bishe/edge/install/bishe_detector/bin'
[2.129s] [34mcolcon.colcon_core.environment[0m [1;30mLevel 1[0m checking '/home/jetson/projects/bishe/edge/install/bishe_detector/lib/pkgconfig/bishe_detector.pc'
[2.130s] [34mcolcon.colcon_core.environment[0m [1;30mLevel 1[0m checking '/home/jetson/projects/bishe/edge/install/bishe_detector/lib/python3.10/site-packages'
[2.130s] [34mcolcon.colcon_core.environment[0m [1;30mLevel 1[0m checking '/home/jetson/projects/bishe/edge/install/bishe_detector/bin'
[2.131s] [34mcolcon.colcon_core.shell[0m [1;30mINFO[0m Creating package script '/home/jetson/projects/bishe/edge/install/bishe_detector/share/bishe_detector/package.ps1'
[2.132s] [34mcolcon.colcon_core.shell[0m [1;30mINFO[0m Creating package descriptor '/home/jetson/projects/bishe/edge/install/bishe_detector/share/bishe_detector/package.dsv'
[2.133s] [34mcolcon.colcon_core.shell[0m [1;30mINFO[0m Creating package script '/home/jetson/projects/bishe/edge/install/bishe_detector/share/bishe_detector/package.sh'
[2.134s] [34mcolcon.colcon_core.shell[0m [1;30mINFO[0m Creating package script '/home/jetson/projects/bishe/edge/install/bishe_detector/share/bishe_detector/package.bash'
[2.135s] [34mcolcon.colcon_core.shell[0m [1;30mINFO[0m Creating package script '/home/jetson/projects/bishe/edge/install/bishe_detector/share/bishe_detector/package.zsh'
[2.135s] [34mcolcon.colcon_core.environment[0m [1;30mLevel 1[0m create_file_with_runtime_dependencies(/home/jetson/projects/bishe/edge/install/bishe_detector/share/colcon-core/packages/bishe_detector)
[2.136s] [34mcolcon.colcon_ros.task.ament_python.build[0m [1;30mINFO[0m Building ROS package in '/home/jetson/projects/bishe/edge/src/bishe_launch' with build type 'ament_python'
[2.136s] [34mcolcon.colcon_core.shell[0m [1;30mLevel 1[0m create_environment_hook('bishe_launch', 'ament_prefix_path')
[2.137s] [34mcolcon.colcon_core.shell[0m [1;30mINFO[0m Creating environment hook '/home/jetson/projects/bishe/edge/install/bishe_launch/share/bishe_launch/hook/ament_prefix_path.ps1'
[2.138s] [34mcolcon.colcon_core.shell[0m [1;30mINFO[0m Creating environment descriptor '/home/jetson/projects/bishe/edge/install/bishe_launch/share/bishe_launch/hook/ament_prefix_path.dsv'
[2.139s] [34mcolcon.colcon_core.shell[0m [1;30mINFO[0m Creating environment hook '/home/jetson/projects/bishe/edge/install/bishe_launch/share/bishe_launch/hook/ament_prefix_path.sh'
[2.140s] [34mcolcon.colcon_core.shell[0m [1;30mINFO[0m Skip shell extension 'powershell' for command environment: Not usable outside of PowerShell
[2.140s] [34mcolcon.colcon_core.shell[0m [1;30mDEBUG[0m [32mSkip shell extension 'dsv' for command environment[0m
[2.627s] [34mcolcon.colcon_core.task.python.build[0m [1;30mINFO[0m Building Python package in '/home/jetson/projects/bishe/edge/src/bishe_launch'
[2.628s] [34mcolcon.colcon_core.shell[0m [1;30mINFO[0m Skip shell extension 'powershell' for command environment: Not usable outside of PowerShell
[2.628s] [34mcolcon.colcon_core.shell[0m [1;30mDEBUG[0m [32mSkip shell extension 'dsv' for command environment[0m
[3.260s] [34mcolcon.colcon_core.event_handler.log_command[0m [1;30mDEBUG[0m [32mInvoking command in '/home/jetson/projects/bishe/edge/src/bishe_launch': AMENT_PREFIX_PATH=/home/jetson/projects/bishe/edge/install/bishe_streamer:/home/jetson/projects/bishe/edge/install/bishe_monitor:/home/jetson/projects/bishe/edge/install/bishe_detector:/home/jetson/projects/bishe/edge/install/bishe_camera:/home/jetson/projects/bishe/edge/install/bishe_msgs:/home/jetson/projects/bishe/edge/install/bishe_mqtt:${AMENT_PREFIX_PATH} CMAKE_PREFIX_PATH=/home/jetson/projects/bishe/edge/install/bishe_streamer:/home/jetson/projects/bishe/edge/install/bishe_monitor:/home/jetson/projects/bishe/edge/install/bishe_detector:/home/jetson/projects/bishe/edge/install/bishe_camera:/home/jetson/projects/bishe/edge/install/bishe_msgs:/home/jetson/projects/bishe/edge/install/bishe_mqtt LD_LIBRARY_PATH=/home/jetson/projects/bishe/edge/install/bishe_detector/lib:/home/jetson/projects/bishe/edge/install/bishe_camera/lib:/home/jetson/projects/bishe/edge/install/bishe_msgs/lib:/opt/ros/humble/opt/rviz_ogre_vendor/lib:/opt/ros/humble/lib/aarch64-linux-gnu:/opt/ros/humble/lib:/usr/local/cuda-12.6/lib64 PYTHONPATH=/home/jetson/projects/bishe/edge/build/bishe_launch/prefix_override:/usr/lib/python3/dist-packages/colcon_core/task/python/colcon_distutils_commands:/home/jetson/projects/bishe/edge/install/bishe_launch/lib/python3.10/site-packages:/home/jetson/projects/bishe/edge/install/bishe_msgs/local/lib/python3.10/dist-packages:${PYTHONPATH} /usr/bin/python3 -W ignore:setup.py install is deprecated -W ignore:easy_install command is deprecated setup.py egg_info --egg-base ../../build/bishe_launch build --build-base /home/jetson/projects/bishe/edge/build/bishe_launch/build install --record /home/jetson/projects/bishe/edge/build/bishe_launch/install.log --single-version-externally-managed install_data[0m
[3.774s] [34mcolcon.colcon_core.environment[0m [1;30mLevel 1[0m checking '/home/jetson/projects/bishe/edge/install/bishe_launch' for CMake module files
[3.775s] [34mcolcon.colcon_core.event_handler.log_command[0m [1;30mDEBUG[0m [32mInvoked command in '/home/jetson/projects/bishe/edge/src/bishe_launch' returned '0': AMENT_PREFIX_PATH=/home/jetson/projects/bishe/edge/install/bishe_streamer:/home/jetson/projects/bishe/edge/install/bishe_monitor:/home/jetson/projects/bishe/edge/install/bishe_detector:/home/jetson/projects/bishe/edge/install/bishe_camera:/home/jetson/projects/bishe/edge/install/bishe_msgs:/home/jetson/projects/bishe/edge/install/bishe_mqtt:${AMENT_PREFIX_PATH} CMAKE_PREFIX_PATH=/home/jetson/projects/bishe/edge/install/bishe_streamer:/home/jetson/projects/bishe/edge/install/bishe_monitor:/home/jetson/projects/bishe/edge/install/bishe_detector:/home/jetson/projects/bishe/edge/install/bishe_camera:/home/jetson/projects/bishe/edge/install/bishe_msgs:/home/jetson/projects/bishe/edge/install/bishe_mqtt LD_LIBRARY_PATH=/home/jetson/projects/bishe/edge/install/bishe_detector/lib:/home/jetson/projects/bishe/edge/install/bishe_camera/lib:/home/jetson/projects/bishe/edge/install/bishe_msgs/lib:/opt/ros/humble/opt/rviz_ogre_vendor/lib:/opt/ros/humble/lib/aarch64-linux-gnu:/opt/ros/humble/lib:/usr/local/cuda-12.6/lib64 PYTHONPATH=/home/jetson/projects/bishe/edge/build/bishe_launch/prefix_override:/usr/lib/python3/dist-packages/colcon_core/task/python/colcon_distutils_commands:/home/jetson/projects/bishe/edge/install/bishe_launch/lib/python3.10/site-packages:/home/jetson/projects/bishe/edge/install/bishe_msgs/local/lib/python3.10/dist-packages:${PYTHONPATH} /usr/bin/python3 -W ignore:setup.py install is deprecated -W ignore:easy_install command is deprecated setup.py egg_info --egg-base ../../build/bishe_launch build --build-base /home/jetson/projects/bishe/edge/build/bishe_launch/build install --record /home/jetson/projects/bishe/edge/build/bishe_launch/install.log --single-version-externally-managed install_data[0m
[3.776s] [34mcolcon.colcon_core.environment[0m [1;30mLevel 1[0m checking '/home/jetson/projects/bishe/edge/install/bishe_launch' for CMake config files
[3.777s] [34mcolcon.colcon_core.environment[0m [1;30mLevel 1[0m checking '/home/jetson/projects/bishe/edge/install/bishe_launch/lib'
[3.778s] [34mcolcon.colcon_core.environment[0m [1;30mLevel 1[0m checking '/home/jetson/projects/bishe/edge/install/bishe_launch/bin'
[3.778s] [34mcolcon.colcon_core.environment[0m [1;30mLevel 1[0m checking '/home/jetson/projects/bishe/edge/install/bishe_launch/lib/pkgconfig/bishe_launch.pc'
[3.778s] [34mcolcon.colcon_core.environment[0m [1;30mLevel 1[0m checking '/home/jetson/projects/bishe/edge/install/bishe_launch/lib/python3.10/site-packages'
[3.778s] [34mcolcon.colcon_core.shell[0m [1;30mLevel 1[0m create_environment_hook('bishe_launch', 'pythonpath')
[3.779s] [34mcolcon.colcon_core.shell[0m [1;30mINFO[0m Creating environment hook '/home/jetson/projects/bishe/edge/install/bishe_launch/share/bishe_launch/hook/pythonpath.ps1'
[3.780s] [34mcolcon.colcon_core.shell[0m [1;30mINFO[0m Creating environment descriptor '/home/jetson/projects/bishe/edge/install/bishe_launch/share/bishe_launch/hook/pythonpath.dsv'
[3.780s] [34mcolcon.colcon_core.shell[0m [1;30mINFO[0m Creating environment hook '/home/jetson/projects/bishe/edge/install/bishe_launch/share/bishe_launch/hook/pythonpath.sh'
[3.781s] [34mcolcon.colcon_core.environment[0m [1;30mLevel 1[0m checking '/home/jetson/projects/bishe/edge/install/bishe_launch/bin'
[3.782s] [34mcolcon.colcon_core.environment[0m [1;30mLevel 1[0m create_environment_scripts_only(bishe_launch)
[3.782s] [34mcolcon.colcon_core.shell[0m [1;30mINFO[0m Creating package script '/home/jetson/projects/bishe/edge/install/bishe_launch/share/bishe_launch/package.ps1'
[3.783s] [34mcolcon.colcon_core.shell[0m [1;30mINFO[0m Creating package descriptor '/home/jetson/projects/bishe/edge/install/bishe_launch/share/bishe_launch/package.dsv'
[3.784s] [34mcolcon.colcon_core.shell[0m [1;30mINFO[0m Creating package script '/home/jetson/projects/bishe/edge/install/bishe_launch/share/bishe_launch/package.sh'
[3.785s] [34mcolcon.colcon_core.shell[0m [1;30mINFO[0m Creating package script '/home/jetson/projects/bishe/edge/install/bishe_launch/share/bishe_launch/package.bash'
[3.785s] [34mcolcon.colcon_core.shell[0m [1;30mINFO[0m Creating package script '/home/jetson/projects/bishe/edge/install/bishe_launch/share/bishe_launch/package.zsh'
[3.786s] [34mcolcon.colcon_core.environment[0m [1;30mLevel 1[0m create_file_with_runtime_dependencies(/home/jetson/projects/bishe/edge/install/bishe_launch/share/colcon-core/packages/bishe_launch)
[3.786s] [34mcolcon.colcon_parallel_executor.executor.parallel[0m [1;30mDEBUG[0m [32mclosing loop[0m
[3.787s] [34mcolcon.colcon_parallel_executor.executor.parallel[0m [1;30mDEBUG[0m [32mloop closed[0m
[3.787s] [34mcolcon.colcon_parallel_executor.executor.parallel[0m [1;30mDEBUG[0m [32mrun_until_complete finished with '0'[0m
[3.788s] [34mcolcon.colcon_core.event_reactor[0m [1;30mDEBUG[0m [32mjoining thread[0m
[3.799s] [34mcolcon.colcon_core.plugin_system[0m [1;30mINFO[0m Skipping extension 'colcon_notification.desktop_notification.terminal_notifier': Not used on non-Darwin systems
[3.799s] [34mcolcon.colcon_core.plugin_system[0m [1;30mINFO[0m Skipping extension 'colcon_notification.desktop_notification.win32': Not used on non-Windows systems
[3.799s] [34mcolcon.colcon_notification.desktop_notification[0m [1;30mINFO[0m Sending desktop notification using 'notify2'
[3.842s] [34mcolcon.colcon_core.event_reactor[0m [1;30mDEBUG[0m [32mjoined thread[0m
[3.843s] [34mcolcon.colcon_core.shell[0m [1;30mINFO[0m Creating prefix script '/home/jetson/projects/bishe/edge/install/local_setup.ps1'
[3.846s] [34mcolcon.colcon_core.shell[0m [1;30mINFO[0m Creating prefix util module '/home/jetson/projects/bishe/edge/install/_local_setup_util_ps1.py'
[3.849s] [34mcolcon.colcon_core.shell[0m [1;30mINFO[0m Creating prefix chain script '/home/jetson/projects/bishe/edge/install/setup.ps1'
[3.851s] [34mcolcon.colcon_core.shell[0m [1;30mINFO[0m Creating prefix script '/home/jetson/projects/bishe/edge/install/local_setup.sh'
[3.852s] [34mcolcon.colcon_core.shell[0m [1;30mINFO[0m Creating prefix util module '/home/jetson/projects/bishe/edge/install/_local_setup_util_sh.py'
[3.853s] [34mcolcon.colcon_core.shell[0m [1;30mINFO[0m Creating prefix chain script '/home/jetson/projects/bishe/edge/install/setup.sh'
[3.855s] [34mcolcon.colcon_core.shell[0m [1;30mINFO[0m Creating prefix script '/home/jetson/projects/bishe/edge/install/local_setup.bash'
[3.856s] [34mcolcon.colcon_core.shell[0m [1;30mINFO[0m Creating prefix chain script '/home/jetson/projects/bishe/edge/install/setup.bash'
[3.859s] [34mcolcon.colcon_core.shell[0m [1;30mINFO[0m Creating prefix script '/home/jetson/projects/bishe/edge/install/local_setup.zsh'
[3.860s] [34mcolcon.colcon_core.shell[0m [1;30mINFO[0m Creating prefix chain script '/home/jetson/projects/bishe/edge/install/setup.zsh'
