[0.268s] [34mcolcon[0m [1;30mDEBUG[0m [32mCommand line arguments: ['/usr/bin/colcon', 'build'][0m
[0.269s] [34mcolcon[0m [1;30mDEBUG[0m [32mParsed command line arguments: Namespace(log_base=None, log_level=None, verb_name='build', build_base='build', install_base='install', merge_install=False, symlink_install=False, test_result_base=None, continue_on_error=False, executor='parallel', parallel_workers=6, event_handlers=None, ignore_user_meta=False, metas=['./colcon.meta'], base_paths=['.'], packages_ignore=None, packages_ignore_regex=None, paths=None, packages_up_to=None, packages_up_to_regex=None, packages_above=None, packages_above_and_dependencies=None, packages_above_depth=None, packages_select_by_dep=None, packages_skip_by_dep=None, packages_skip_up_to=None, packages_select_build_failed=False, packages_skip_build_finished=False, packages_select_test_failures=False, packages_skip_test_passed=False, packages_select=None, packages_skip=None, packages_select_regex=None, packages_skip_regex=None, packages_start=None, packages_end=None, allow_overriding=[], cmake_args=None, cmake_target=None, cmake_target_skip_unavailable=False, cmake_clean_cache=False, cmake_clean_first=False, cmake_force_configure=False, ament_cmake_args=None, catkin_cmake_args=None, catkin_skip_building_tests=False, verb_parser=<colcon_defaults.argument_parser.defaults.DefaultArgumentsDecorator object at 0xffffa9e7a050>, verb_extension=<colcon_core.verb.build.BuildVerb object at 0xffffa9e79b10>, main=<bound method BuildVerb.main of <colcon_core.verb.build.BuildVerb object at 0xffffa9e79b10>>)[0m
[0.644s] [34mcolcon.colcon_core.package_discovery[0m [1;30mLevel 1[0m discover_packages(colcon_meta) check parameters
[0.644s] [34mcolcon.colcon_core.package_discovery[0m [1;30mLevel 1[0m discover_packages(recursive) check parameters
[0.644s] [34mcolcon.colcon_core.package_discovery[0m [1;30mLevel 1[0m discover_packages(ignore) check parameters
[0.644s] [34mcolcon.colcon_core.package_discovery[0m [1;30mLevel 1[0m discover_packages(path) check parameters
[0.645s] [34mcolcon.colcon_core.package_discovery[0m [1;30mLevel 1[0m discover_packages(colcon_meta) discover
[0.645s] [34mcolcon.colcon_core.package_discovery[0m [1;30mLevel 1[0m discover_packages(recursive) discover
[0.645s] [34mcolcon.colcon_core.package_discovery[0m [1;30mINFO[0m Crawling recursively for packages in '/home/jetson/projects/bishe/edge'
[0.645s] [34mcolcon.colcon_core.package_identification[0m [1;30mLevel 1[0m _identify(.) by extensions ['ignore', 'ignore_ament_install']
[0.645s] [34mcolcon.colcon_core.package_identification[0m [1;30mLevel 1[0m _identify(.) by extension 'ignore'
[0.645s] [34mcolcon.colcon_core.package_identification[0m [1;30mLevel 1[0m _identify(.) by extension 'ignore_ament_install'
[0.646s] [34mcolcon.colcon_core.package_identification[0m [1;30mLevel 1[0m _identify(.) by extensions ['colcon_pkg']
[0.646s] [34mcolcon.colcon_core.package_identification[0m [1;30mLevel 1[0m _identify(.) by extension 'colcon_pkg'
[0.646s] [34mcolcon.colcon_core.package_identification[0m [1;30mLevel 1[0m _identify(.) by extensions ['colcon_meta']
[0.646s] [34mcolcon.colcon_core.package_identification[0m [1;30mLevel 1[0m _identify(.) by extension 'colcon_meta'
[0.646s] [34mcolcon.colcon_core.package_identification[0m [1;30mLevel 1[0m _identify(.) by extensions ['ros']
[0.646s] [34mcolcon.colcon_core.package_identification[0m [1;30mLevel 1[0m _identify(.) by extension 'ros'
[0.671s] [34mcolcon.colcon_core.package_identification[0m [1;30mLevel 1[0m _identify(.) by extensions ['cmake', 'python']
[0.671s] [34mcolcon.colcon_core.package_identification[0m [1;30mLevel 1[0m _identify(.) by extension 'cmake'
[0.671s] [34mcolcon.colcon_core.package_identification[0m [1;30mLevel 1[0m _identify(.) by extension 'python'
[0.671s] [34mcolcon.colcon_core.package_identification[0m [1;30mLevel 1[0m _identify(.) by extensions ['python_setup_py']
[0.671s] [34mcolcon.colcon_core.package_identification[0m [1;30mLevel 1[0m _identify(.) by extension 'python_setup_py'
[0.672s] [34mcolcon.colcon_core.package_identification[0m [1;30mLevel 1[0m _identify(assets) by extensions ['ignore', 'ignore_ament_install']
[0.672s] [34mcolcon.colcon_core.package_identification[0m [1;30mLevel 1[0m _identify(assets) by extension 'ignore'
[0.672s] [34mcolcon.colcon_core.package_identification[0m [1;30mLevel 1[0m _identify(assets) by extension 'ignore_ament_install'
[0.672s] [34mcolcon.colcon_core.package_identification[0m [1;30mLevel 1[0m _identify(assets) by extensions ['colcon_pkg']
[0.672s] [34mcolcon.colcon_core.package_identification[0m [1;30mLevel 1[0m _identify(assets) by extension 'colcon_pkg'
[0.672s] [34mcolcon.colcon_core.package_identification[0m [1;30mLevel 1[0m _identify(assets) by extensions ['colcon_meta']
[0.672s] [34mcolcon.colcon_core.package_identification[0m [1;30mLevel 1[0m _identify(assets) by extension 'colcon_meta'
[0.672s] [34mcolcon.colcon_core.package_identification[0m [1;30mLevel 1[0m _identify(assets) by extensions ['ros']
[0.672s] [34mcolcon.colcon_core.package_identification[0m [1;30mLevel 1[0m _identify(assets) by extension 'ros'
[0.673s] [34mcolcon.colcon_core.package_identification[0m [1;30mLevel 1[0m _identify(assets) by extensions ['cmake', 'python']
[0.673s] [34mcolcon.colcon_core.package_identification[0m [1;30mLevel 1[0m _identify(assets) by extension 'cmake'
[0.673s] [34mcolcon.colcon_core.package_identification[0m [1;30mLevel 1[0m _identify(assets) by extension 'python'
[0.673s] [34mcolcon.colcon_core.package_identification[0m [1;30mLevel 1[0m _identify(assets) by extensions ['python_setup_py']
[0.673s] [34mcolcon.colcon_core.package_identification[0m [1;30mLevel 1[0m _identify(assets) by extension 'python_setup_py'
[0.673s] [34mcolcon.colcon_core.package_identification[0m [1;30mLevel 1[0m _identify(build) by extensions ['ignore', 'ignore_ament_install']
[0.673s] [34mcolcon.colcon_core.package_identification[0m [1;30mLevel 1[0m _identify(build) by extension 'ignore'
[0.674s] [34mcolcon.colcon_core.package_identification[0m [1;30mLevel 1[0m _identify(build) ignored
[0.674s] [34mcolcon.colcon_core.package_identification[0m [1;30mLevel 1[0m _identify(docs) by extensions ['ignore', 'ignore_ament_install']
[0.674s] [34mcolcon.colcon_core.package_identification[0m [1;30mLevel 1[0m _identify(docs) by extension 'ignore'
[0.674s] [34mcolcon.colcon_core.package_identification[0m [1;30mLevel 1[0m _identify(docs) by extension 'ignore_ament_install'
[0.674s] [34mcolcon.colcon_core.package_identification[0m [1;30mLevel 1[0m _identify(docs) by extensions ['colcon_pkg']
[0.674s] [34mcolcon.colcon_core.package_identification[0m [1;30mLevel 1[0m _identify(docs) by extension 'colcon_pkg'
[0.674s] [34mcolcon.colcon_core.package_identification[0m [1;30mLevel 1[0m _identify(docs) by extensions ['colcon_meta']
[0.674s] [34mcolcon.colcon_core.package_identification[0m [1;30mLevel 1[0m _identify(docs) by extension 'colcon_meta'
[0.674s] [34mcolcon.colcon_core.package_identification[0m [1;30mLevel 1[0m _identify(docs) by extensions ['ros']
[0.675s] [34mcolcon.colcon_core.package_identification[0m [1;30mLevel 1[0m _identify(docs) by extension 'ros'
[0.675s] [34mcolcon.colcon_core.package_identification[0m [1;30mLevel 1[0m _identify(docs) by extensions ['cmake', 'python']
[0.675s] [34mcolcon.colcon_core.package_identification[0m [1;30mLevel 1[0m _identify(docs) by extension 'cmake'
[0.675s] [34mcolcon.colcon_core.package_identification[0m [1;30mLevel 1[0m _identify(docs) by extension 'python'
[0.675s] [34mcolcon.colcon_core.package_identification[0m [1;30mLevel 1[0m _identify(docs) by extensions ['python_setup_py']
[0.675s] [34mcolcon.colcon_core.package_identification[0m [1;30mLevel 1[0m _identify(docs) by extension 'python_setup_py'
[0.675s] [34mcolcon.colcon_core.package_identification[0m [1;30mLevel 1[0m _identify(docs/superpowers) by extensions ['ignore', 'ignore_ament_install']
[0.675s] [34mcolcon.colcon_core.package_identification[0m [1;30mLevel 1[0m _identify(docs/superpowers) by extension 'ignore'
[0.676s] [34mcolcon.colcon_core.package_identification[0m [1;30mLevel 1[0m _identify(docs/superpowers) by extension 'ignore_ament_install'
[0.676s] [34mcolcon.colcon_core.package_identification[0m [1;30mLevel 1[0m _identify(docs/superpowers) by extensions ['colcon_pkg']
[0.676s] [34mcolcon.colcon_core.package_identification[0m [1;30mLevel 1[0m _identify(docs/superpowers) by extension 'colcon_pkg'
[0.676s] [34mcolcon.colcon_core.package_identification[0m [1;30mLevel 1[0m _identify(docs/superpowers) by extensions ['colcon_meta']
[0.676s] [34mcolcon.colcon_core.package_identification[0m [1;30mLevel 1[0m _identify(docs/superpowers) by extension 'colcon_meta'
[0.676s] [34mcolcon.colcon_core.package_identification[0m [1;30mLevel 1[0m _identify(docs/superpowers) by extensions ['ros']
[0.676s] [34mcolcon.colcon_core.package_identification[0m [1;30mLevel 1[0m _identify(docs/superpowers) by extension 'ros'
[0.676s] [34mcolcon.colcon_core.package_identification[0m [1;30mLevel 1[0m _identify(docs/superpowers) by extensions ['cmake', 'python']
[0.676s] [34mcolcon.colcon_core.package_identification[0m [1;30mLevel 1[0m _identify(docs/superpowers) by extension 'cmake'
[0.676s] [34mcolcon.colcon_core.package_identification[0m [1;30mLevel 1[0m _identify(docs/superpowers) by extension 'python'
[0.676s] [34mcolcon.colcon_core.package_identification[0m [1;30mLevel 1[0m _identify(docs/superpowers) by extensions ['python_setup_py']
[0.677s] [34mcolcon.colcon_core.package_identification[0m [1;30mLevel 1[0m _identify(docs/superpowers) by extension 'python_setup_py'
[0.677s] [34mcolcon.colcon_core.package_identification[0m [1;30mLevel 1[0m _identify(docs/superpowers/plans) by extensions ['ignore', 'ignore_ament_install']
[0.677s] [34mcolcon.colcon_core.package_identification[0m [1;30mLevel 1[0m _identify(docs/superpowers/plans) by extension 'ignore'
[0.677s] [34mcolcon.colcon_core.package_identification[0m [1;30mLevel 1[0m _identify(docs/superpowers/plans) by extension 'ignore_ament_install'
[0.677s] [34mcolcon.colcon_core.package_identification[0m [1;30mLevel 1[0m _identify(docs/superpowers/plans) by extensions ['colcon_pkg']
[0.677s] [34mcolcon.colcon_core.package_identification[0m [1;30mLevel 1[0m _identify(docs/superpowers/plans) by extension 'colcon_pkg'
[0.677s] [34mcolcon.colcon_core.package_identification[0m [1;30mLevel 1[0m _identify(docs/superpowers/plans) by extensions ['colcon_meta']
[0.677s] [34mcolcon.colcon_core.package_identification[0m [1;30mLevel 1[0m _identify(docs/superpowers/plans) by extension 'colcon_meta'
[0.678s] [34mcolcon.colcon_core.package_identification[0m [1;30mLevel 1[0m _identify(docs/superpowers/plans) by extensions ['ros']
[0.678s] [34mcolcon.colcon_core.package_identification[0m [1;30mLevel 1[0m _identify(docs/superpowers/plans) by extension 'ros'
[0.678s] [34mcolcon.colcon_core.package_identification[0m [1;30mLevel 1[0m _identify(docs/superpowers/plans) by extensions ['cmake', 'python']
[0.678s] [34mcolcon.colcon_core.package_identification[0m [1;30mLevel 1[0m _identify(docs/superpowers/plans) by extension 'cmake'
[0.678s] [34mcolcon.colcon_core.package_identification[0m [1;30mLevel 1[0m _identify(docs/superpowers/plans) by extension 'python'
[0.678s] [34mcolcon.colcon_core.package_identification[0m [1;30mLevel 1[0m _identify(docs/superpowers/plans) by extensions ['python_setup_py']
[0.678s] [34mcolcon.colcon_core.package_identification[0m [1;30mLevel 1[0m _identify(docs/superpowers/plans) by extension 'python_setup_py'
[0.678s] [34mcolcon.colcon_core.package_identification[0m [1;30mLevel 1[0m _identify(docs/superpowers/specs) by extensions ['ignore', 'ignore_ament_install']
[0.678s] [34mcolcon.colcon_core.package_identification[0m [1;30mLevel 1[0m _identify(docs/superpowers/specs) by extension 'ignore'
[0.679s] [34mcolcon.colcon_core.package_identification[0m [1;30mLevel 1[0m _identify(docs/superpowers/specs) by extension 'ignore_ament_install'
[0.679s] [34mcolcon.colcon_core.package_identification[0m [1;30mLevel 1[0m _identify(docs/superpowers/specs) by extensions ['colcon_pkg']
[0.679s] [34mcolcon.colcon_core.package_identification[0m [1;30mLevel 1[0m _identify(docs/superpowers/specs) by extension 'colcon_pkg'
[0.679s] [34mcolcon.colcon_core.package_identification[0m [1;30mLevel 1[0m _identify(docs/superpowers/specs) by extensions ['colcon_meta']
[0.679s] [34mcolcon.colcon_core.package_identification[0m [1;30mLevel 1[0m _identify(docs/superpowers/specs) by extension 'colcon_meta'
[0.679s] [34mcolcon.colcon_core.package_identification[0m [1;30mLevel 1[0m _identify(docs/superpowers/specs) by extensions ['ros']
[0.679s] [34mcolcon.colcon_core.package_identification[0m [1;30mLevel 1[0m _identify(docs/superpowers/specs) by extension 'ros'
[0.679s] [34mcolcon.colcon_core.package_identification[0m [1;30mLevel 1[0m _identify(docs/superpowers/specs) by extensions ['cmake', 'python']
[0.679s] [34mcolcon.colcon_core.package_identification[0m [1;30mLevel 1[0m _identify(docs/superpowers/specs) by extension 'cmake'
[0.679s] [34mcolcon.colcon_core.package_identification[0m [1;30mLevel 1[0m _identify(docs/superpowers/specs) by extension 'python'
[0.679s] [34mcolcon.colcon_core.package_identification[0m [1;30mLevel 1[0m _identify(docs/superpowers/specs) by extensions ['python_setup_py']
[0.679s] [34mcolcon.colcon_core.package_identification[0m [1;30mLevel 1[0m _identify(docs/superpowers/specs) by extension 'python_setup_py'
[0.680s] [34mcolcon.colcon_core.package_identification[0m [1;30mLevel 1[0m _identify(install) by extensions ['ignore', 'ignore_ament_install']
[0.680s] [34mcolcon.colcon_core.package_identification[0m [1;30mLevel 1[0m _identify(install) by extension 'ignore'
[0.680s] [34mcolcon.colcon_core.package_identification[0m [1;30mLevel 1[0m _identify(install) ignored
[0.681s] [34mcolcon.colcon_core.package_identification[0m [1;30mLevel 1[0m _identify(log) by extensions ['ignore', 'ignore_ament_install']
[0.681s] [34mcolcon.colcon_core.package_identification[0m [1;30mLevel 1[0m _identify(log) by extension 'ignore'
[0.681s] [34mcolcon.colcon_core.package_identification[0m [1;30mLevel 1[0m _identify(log) ignored
[0.681s] [34mcolcon.colcon_core.package_identification[0m [1;30mLevel 1[0m _identify(models) by extensions ['ignore', 'ignore_ament_install']
[0.681s] [34mcolcon.colcon_core.package_identification[0m [1;30mLevel 1[0m _identify(models) by extension 'ignore'
[0.681s] [34mcolcon.colcon_core.package_identification[0m [1;30mLevel 1[0m _identify(models) by extension 'ignore_ament_install'
[0.681s] [34mcolcon.colcon_core.package_identification[0m [1;30mLevel 1[0m _identify(models) by extensions ['colcon_pkg']
[0.682s] [34mcolcon.colcon_core.package_identification[0m [1;30mLevel 1[0m _identify(models) by extension 'colcon_pkg'
[0.682s] [34mcolcon.colcon_core.package_identification[0m [1;30mLevel 1[0m _identify(models) by extensions ['colcon_meta']
[0.682s] [34mcolcon.colcon_core.package_identification[0m [1;30mLevel 1[0m _identify(models) by extension 'colcon_meta'
[0.682s] [34mcolcon.colcon_core.package_identification[0m [1;30mLevel 1[0m _identify(models) by extensions ['ros']
[0.682s] [34mcolcon.colcon_core.package_identification[0m [1;30mLevel 1[0m _identify(models) by extension 'ros'
[0.682s] [34mcolcon.colcon_core.package_identification[0m [1;30mLevel 1[0m _identify(models) by extensions ['cmake', 'python']
[0.682s] [34mcolcon.colcon_core.package_identification[0m [1;30mLevel 1[0m _identify(models) by extension 'cmake'
[0.682s] [34mcolcon.colcon_core.package_identification[0m [1;30mLevel 1[0m _identify(models) by extension 'python'
[0.682s] [34mcolcon.colcon_core.package_identification[0m [1;30mLevel 1[0m _identify(models) by extensions ['python_setup_py']
[0.682s] [34mcolcon.colcon_core.package_identification[0m [1;30mLevel 1[0m _identify(models) by extension 'python_setup_py'
[0.683s] [34mcolcon.colcon_core.package_identification[0m [1;30mLevel 1[0m _identify(models/charts) by extensions ['ignore', 'ignore_ament_install']
[0.683s] [34mcolcon.colcon_core.package_identification[0m [1;30mLevel 1[0m _identify(models/charts) by extension 'ignore'
[0.683s] [34mcolcon.colcon_core.package_identification[0m [1;30mLevel 1[0m _identify(models/charts) by extension 'ignore_ament_install'
[0.683s] [34mcolcon.colcon_core.package_identification[0m [1;30mLevel 1[0m _identify(models/charts) by extensions ['colcon_pkg']
[0.683s] [34mcolcon.colcon_core.package_identification[0m [1;30mLevel 1[0m _identify(models/charts) by extension 'colcon_pkg'
[0.683s] [34mcolcon.colcon_core.package_identification[0m [1;30mLevel 1[0m _identify(models/charts) by extensions ['colcon_meta']
[0.683s] [34mcolcon.colcon_core.package_identification[0m [1;30mLevel 1[0m _identify(models/charts) by extension 'colcon_meta'
[0.683s] [34mcolcon.colcon_core.package_identification[0m [1;30mLevel 1[0m _identify(models/charts) by extensions ['ros']
[0.683s] [34mcolcon.colcon_core.package_identification[0m [1;30mLevel 1[0m _identify(models/charts) by extension 'ros'
[0.684s] [34mcolcon.colcon_core.package_identification[0m [1;30mLevel 1[0m _identify(models/charts) by extensions ['cmake', 'python']
[0.684s] [34mcolcon.colcon_core.package_identification[0m [1;30mLevel 1[0m _identify(models/charts) by extension 'cmake'
[0.684s] [34mcolcon.colcon_core.package_identification[0m [1;30mLevel 1[0m _identify(models/charts) by extension 'python'
[0.684s] [34mcolcon.colcon_core.package_identification[0m [1;30mLevel 1[0m _identify(models/charts) by extensions ['python_setup_py']
[0.684s] [34mcolcon.colcon_core.package_identification[0m [1;30mLevel 1[0m _identify(models/charts) by extension 'python_setup_py'
[0.684s] [34mcolcon.colcon_core.package_identification[0m [1;30mLevel 1[0m _identify(src) by extensions ['ignore', 'ignore_ament_install']
[0.684s] [34mcolcon.colcon_core.package_identification[0m [1;30mLevel 1[0m _identify(src) by extension 'ignore'
[0.684s] [34mcolcon.colcon_core.package_identification[0m [1;30mLevel 1[0m _identify(src) by extension 'ignore_ament_install'
[0.684s] [34mcolcon.colcon_core.package_identification[0m [1;30mLevel 1[0m _identify(src) by extensions ['colcon_pkg']
[0.685s] [34mcolcon.colcon_core.package_identification[0m [1;30mLevel 1[0m _identify(src) by extension 'colcon_pkg'
[0.685s] [34mcolcon.colcon_core.package_identification[0m [1;30mLevel 1[0m _identify(src) by extensions ['colcon_meta']
[0.685s] [34mcolcon.colcon_core.package_identification[0m [1;30mLevel 1[0m _identify(src) by extension 'colcon_meta'
[0.685s] [34mcolcon.colcon_core.package_identification[0m [1;30mLevel 1[0m _identify(src) by extensions ['ros']
[0.685s] [34mcolcon.colcon_core.package_identification[0m [1;30mLevel 1[0m _identify(src) by extension 'ros'
[0.685s] [34mcolcon.colcon_core.package_identification[0m [1;30mLevel 1[0m _identify(src) by extensions ['cmake', 'python']
[0.685s] [34mcolcon.colcon_core.package_identification[0m [1;30mLevel 1[0m _identify(src) by extension 'cmake'
[0.685s] [34mcolcon.colcon_core.package_identification[0m [1;30mLevel 1[0m _identify(src) by extension 'python'
[0.685s] [34mcolcon.colcon_core.package_identification[0m [1;30mLevel 1[0m _identify(src) by extensions ['python_setup_py']
[0.685s] [34mcolcon.colcon_core.package_identification[0m [1;30mLevel 1[0m _identify(src) by extension 'python_setup_py'
[0.686s] [34mcolcon.colcon_core.package_identification[0m [1;30mLevel 1[0m _identify(src/bishe_camera) by extensions ['ignore', 'ignore_ament_install']
[0.686s] [34mcolcon.colcon_core.package_identification[0m [1;30mLevel 1[0m _identify(src/bishe_camera) by extension 'ignore'
[0.686s] [34mcolcon.colcon_core.package_identification[0m [1;30mLevel 1[0m _identify(src/bishe_camera) by extension 'ignore_ament_install'
[0.686s] [34mcolcon.colcon_core.package_identification[0m [1;30mLevel 1[0m _identify(src/bishe_camera) by extensions ['colcon_pkg']
[0.686s] [34mcolcon.colcon_core.package_identification[0m [1;30mLevel 1[0m _identify(src/bishe_camera) by extension 'colcon_pkg'
[0.686s] [34mcolcon.colcon_core.package_identification[0m [1;30mLevel 1[0m _identify(src/bishe_camera) by extensions ['colcon_meta']
[0.686s] [34mcolcon.colcon_core.package_identification[0m [1;30mLevel 1[0m _identify(src/bishe_camera) by extension 'colcon_meta'
[0.686s] [34mcolcon.colcon_core.package_identification[0m [1;30mLevel 1[0m _identify(src/bishe_camera) by extensions ['ros']
[0.686s] [34mcolcon.colcon_core.package_identification[0m [1;30mLevel 1[0m _identify(src/bishe_camera) by extension 'ros'
[0.693s] [34mcolcon.colcon_core.package_identification[0m [1;30mDEBUG[0m [32mPackage 'src/bishe_camera' with type 'ros.ament_cmake' and name 'bishe_camera'[0m
[0.693s] [34mcolcon.colcon_core.package_identification[0m [1;30mLevel 1[0m _identify(src/bishe_detector) by extensions ['ignore', 'ignore_ament_install']
[0.693s] [34mcolcon.colcon_core.package_identification[0m [1;30mLevel 1[0m _identify(src/bishe_detector) by extension 'ignore'
[0.693s] [34mcolcon.colcon_core.package_identification[0m [1;30mLevel 1[0m _identify(src/bishe_detector) by extension 'ignore_ament_install'
[0.694s] [34mcolcon.colcon_core.package_identification[0m [1;30mLevel 1[0m _identify(src/bishe_detector) by extensions ['colcon_pkg']
[0.694s] [34mcolcon.colcon_core.package_identification[0m [1;30mLevel 1[0m _identify(src/bishe_detector) by extension 'colcon_pkg'
[0.694s] [34mcolcon.colcon_core.package_identification[0m [1;30mLevel 1[0m _identify(src/bishe_detector) by extensions ['colcon_meta']
[0.694s] [34mcolcon.colcon_core.package_identification[0m [1;30mLevel 1[0m _identify(src/bishe_detector) by extension 'colcon_meta'
[0.694s] [34mcolcon.colcon_core.package_identification[0m [1;30mLevel 1[0m _identify(src/bishe_detector) by extensions ['ros']
[0.694s] [34mcolcon.colcon_core.package_identification[0m [1;30mLevel 1[0m _identify(src/bishe_detector) by extension 'ros'
[0.696s] [34mcolcon.colcon_core.package_identification[0m [1;30mDEBUG[0m [32mPackage 'src/bishe_detector' with type 'ros.ament_cmake' and name 'bishe_detector'[0m
[0.696s] [34mcolcon.colcon_core.package_identification[0m [1;30mLevel 1[0m _identify(src/bishe_launch) by extensions ['ignore', 'ignore_ament_install']
[0.696s] [34mcolcon.colcon_core.package_identification[0m [1;30mLevel 1[0m _identify(src/bishe_launch) by extension 'ignore'
[0.696s] [34mcolcon.colcon_core.package_identification[0m [1;30mLevel 1[0m _identify(src/bishe_launch) by extension 'ignore_ament_install'
[0.697s] [34mcolcon.colcon_core.package_identification[0m [1;30mLevel 1[0m _identify(src/bishe_launch) by extensions ['colcon_pkg']
[0.697s] [34mcolcon.colcon_core.package_identification[0m [1;30mLevel 1[0m _identify(src/bishe_launch) by extension 'colcon_pkg'
[0.697s] [34mcolcon.colcon_core.package_identification[0m [1;30mLevel 1[0m _identify(src/bishe_launch) by extensions ['colcon_meta']
[0.697s] [34mcolcon.colcon_core.package_identification[0m [1;30mLevel 1[0m _identify(src/bishe_launch) by extension 'colcon_meta'
[0.697s] [34mcolcon.colcon_core.package_identification[0m [1;30mLevel 1[0m _identify(src/bishe_launch) by extensions ['ros']
[0.697s] [34mcolcon.colcon_core.package_identification[0m [1;30mLevel 1[0m _identify(src/bishe_launch) by extension 'ros'
[0.698s] [34mcolcon.colcon_core.package_identification[0m [1;30mDEBUG[0m [32mPackage 'src/bishe_launch' with type 'ros.ament_python' and name 'bishe_launch'[0m
[0.699s] [34mcolcon.colcon_core.package_identification[0m [1;30mLevel 1[0m _identify(src/bishe_monitor) by extensions ['ignore', 'ignore_ament_install']
[0.699s] [34mcolcon.colcon_core.package_identification[0m [1;30mLevel 1[0m _identify(src/bishe_monitor) by extension 'ignore'
[0.699s] [34mcolcon.colcon_core.package_identification[0m [1;30mLevel 1[0m _identify(src/bishe_monitor) by extension 'ignore_ament_install'
[0.699s] [34mcolcon.colcon_core.package_identification[0m [1;30mLevel 1[0m _identify(src/bishe_monitor) by extensions ['colcon_pkg']
[0.699s] [34mcolcon.colcon_core.package_identification[0m [1;30mLevel 1[0m _identify(src/bishe_monitor) by extension 'colcon_pkg'
[0.699s] [34mcolcon.colcon_core.package_identification[0m [1;30mLevel 1[0m _identify(src/bishe_monitor) by extensions ['colcon_meta']
[0.699s] [34mcolcon.colcon_core.package_identification[0m [1;30mLevel 1[0m _identify(src/bishe_monitor) by extension 'colcon_meta'
[0.699s] [34mcolcon.colcon_core.package_identification[0m [1;30mLevel 1[0m _identify(src/bishe_monitor) by extensions ['ros']
[0.699s] [34mcolcon.colcon_core.package_identification[0m [1;30mLevel 1[0m _identify(src/bishe_monitor) by extension 'ros'
[0.701s] [34mcolcon.colcon_core.package_identification[0m [1;30mDEBUG[0m [32mPackage 'src/bishe_monitor' with type 'ros.ament_cmake' and name 'bishe_monitor'[0m
[0.701s] [34mcolcon.colcon_core.package_identification[0m [1;30mLevel 1[0m _identify(src/bishe_mqtt) by extensions ['ignore', 'ignore_ament_install']
[0.701s] [34mcolcon.colcon_core.package_identification[0m [1;30mLevel 1[0m _identify(src/bishe_mqtt) by extension 'ignore'
[0.702s] [34mcolcon.colcon_core.package_identification[0m [1;30mLevel 1[0m _identify(src/bishe_mqtt) by extension 'ignore_ament_install'
[0.702s] [34mcolcon.colcon_core.package_identification[0m [1;30mLevel 1[0m _identify(src/bishe_mqtt) by extensions ['colcon_pkg']
[0.702s] [34mcolcon.colcon_core.package_identification[0m [1;30mLevel 1[0m _identify(src/bishe_mqtt) by extension 'colcon_pkg'
[0.702s] [34mcolcon.colcon_core.package_identification[0m [1;30mLevel 1[0m _identify(src/bishe_mqtt) by extensions ['colcon_meta']
[0.702s] [34mcolcon.colcon_core.package_identification[0m [1;30mLevel 1[0m _identify(src/bishe_mqtt) by extension 'colcon_meta'
[0.702s] [34mcolcon.colcon_core.package_identification[0m [1;30mLevel 1[0m _identify(src/bishe_mqtt) by extensions ['ros']
[0.702s] [34mcolcon.colcon_core.package_identification[0m [1;30mLevel 1[0m _identify(src/bishe_mqtt) by extension 'ros'
[0.704s] [34mcolcon.colcon_core.package_identification[0m [1;30mDEBUG[0m [32mPackage 'src/bishe_mqtt' with type 'ros.ament_cmake' and name 'bishe_mqtt'[0m
[0.704s] [34mcolcon.colcon_core.package_identification[0m [1;30mLevel 1[0m _identify(src/bishe_msgs) by extensions ['ignore', 'ignore_ament_install']
[0.704s] [34mcolcon.colcon_core.package_identification[0m [1;30mLevel 1[0m _identify(src/bishe_msgs) by extension 'ignore'
[0.704s] [34mcolcon.colcon_core.package_identification[0m [1;30mLevel 1[0m _identify(src/bishe_msgs) by extension 'ignore_ament_install'
[0.704s] [34mcolcon.colcon_core.package_identification[0m [1;30mLevel 1[0m _identify(src/bishe_msgs) by extensions ['colcon_pkg']
[0.704s] [34mcolcon.colcon_core.package_identification[0m [1;30mLevel 1[0m _identify(src/bishe_msgs) by extension 'colcon_pkg'
[0.704s] [34mcolcon.colcon_core.package_identification[0m [1;30mLevel 1[0m _identify(src/bishe_msgs) by extensions ['colcon_meta']
[0.704s] [34mcolcon.colcon_core.package_identification[0m [1;30mLevel 1[0m _identify(src/bishe_msgs) by extension 'colcon_meta'
[0.705s] [34mcolcon.colcon_core.package_identification[0m [1;30mLevel 1[0m _identify(src/bishe_msgs) by extensions ['ros']
[0.705s] [34mcolcon.colcon_core.package_identification[0m [1;30mLevel 1[0m _identify(src/bishe_msgs) by extension 'ros'
[0.706s] [34mcolcon.colcon_core.package_identification[0m [1;30mDEBUG[0m [32mPackage 'src/bishe_msgs' with type 'ros.ament_cmake' and name 'bishe_msgs'[0m
[0.706s] [34mcolcon.colcon_core.package_identification[0m [1;30mLevel 1[0m _identify(src/bishe_streamer) by extensions ['ignore', 'ignore_ament_install']
[0.706s] [34mcolcon.colcon_core.package_identification[0m [1;30mLevel 1[0m _identify(src/bishe_streamer) by extension 'ignore'
[0.706s] [34mcolcon.colcon_core.package_identification[0m [1;30mLevel 1[0m _identify(src/bishe_streamer) by extension 'ignore_ament_install'
[0.707s] [34mcolcon.colcon_core.package_identification[0m [1;30mLevel 1[0m _identify(src/bishe_streamer) by extensions ['colcon_pkg']
[0.707s] [34mcolcon.colcon_core.package_identification[0m [1;30mLevel 1[0m _identify(src/bishe_streamer) by extension 'colcon_pkg'
[0.707s] [34mcolcon.colcon_core.package_identification[0m [1;30mLevel 1[0m _identify(src/bishe_streamer) by extensions ['colcon_meta']
[0.707s] [34mcolcon.colcon_core.package_identification[0m [1;30mLevel 1[0m _identify(src/bishe_streamer) by extension 'colcon_meta'
[0.707s] [34mcolcon.colcon_core.package_identification[0m [1;30mLevel 1[0m _identify(src/bishe_streamer) by extensions ['ros']
[0.707s] [34mcolcon.colcon_core.package_identification[0m [1;30mLevel 1[0m _identify(src/bishe_streamer) by extension 'ros'
[0.709s] [34mcolcon.colcon_core.package_identification[0m [1;30mDEBUG[0m [32mPackage 'src/bishe_streamer' with type 'ros.ament_cmake' and name 'bishe_streamer'[0m
[0.709s] [34mcolcon.colcon_core.package_identification[0m [1;30mLevel 1[0m _identify(video) by extensions ['ignore', 'ignore_ament_install']
[0.709s] [34mcolcon.colcon_core.package_identification[0m [1;30mLevel 1[0m _identify(video) by extension 'ignore'
[0.709s] [34mcolcon.colcon_core.package_identification[0m [1;30mLevel 1[0m _identify(video) by extension 'ignore_ament_install'
[0.709s] [34mcolcon.colcon_core.package_identification[0m [1;30mLevel 1[0m _identify(video) by extensions ['colcon_pkg']
[0.709s] [34mcolcon.colcon_core.package_identification[0m [1;30mLevel 1[0m _identify(video) by extension 'colcon_pkg'
[0.709s] [34mcolcon.colcon_core.package_identification[0m [1;30mLevel 1[0m _identify(video) by extensions ['colcon_meta']
[0.710s] [34mcolcon.colcon_core.package_identification[0m [1;30mLevel 1[0m _identify(video) by extension 'colcon_meta'
[0.710s] [34mcolcon.colcon_core.package_identification[0m [1;30mLevel 1[0m _identify(video) by extensions ['ros']
[0.710s] [34mcolcon.colcon_core.package_identification[0m [1;30mLevel 1[0m _identify(video) by extension 'ros'
[0.710s] [34mcolcon.colcon_core.package_identification[0m [1;30mLevel 1[0m _identify(video) by extensions ['cmake', 'python']
[0.710s] [34mcolcon.colcon_core.package_identification[0m [1;30mLevel 1[0m _identify(video) by extension 'cmake'
[0.710s] [34mcolcon.colcon_core.package_identification[0m [1;30mLevel 1[0m _identify(video) by extension 'python'
[0.710s] [34mcolcon.colcon_core.package_identification[0m [1;30mLevel 1[0m _identify(video) by extensions ['python_setup_py']
[0.710s] [34mcolcon.colcon_core.package_identification[0m [1;30mLevel 1[0m _identify(video) by extension 'python_setup_py'
[0.710s] [34mcolcon.colcon_core.package_discovery[0m [1;30mLevel 1[0m discover_packages(recursive) using defaults
[0.710s] [34mcolcon.colcon_core.package_discovery[0m [1;30mLevel 1[0m discover_packages(ignore) discover
[0.711s] [34mcolcon.colcon_core.package_discovery[0m [1;30mLevel 1[0m discover_packages(ignore) using defaults
[0.711s] [34mcolcon.colcon_core.package_discovery[0m [1;30mLevel 1[0m discover_packages(path) discover
[0.711s] [34mcolcon.colcon_core.package_discovery[0m [1;30mLevel 1[0m discover_packages(path) using defaults
[0.777s] [34mcolcon.colcon_core.package_discovery[0m [1;30mLevel 1[0m discover_packages(prefix_path) check parameters
[0.777s] [34mcolcon.colcon_core.package_discovery[0m [1;30mLevel 1[0m discover_packages(prefix_path) discover
[0.782s] [34mcolcon.colcon_installed_package_information.package_discovery[0m [1;30mDEBUG[0m [32mFound 7 installed packages in /home/jetson/projects/bishe/edge/install[0m
[0.784s] [34mcolcon.colcon_installed_package_information.package_discovery[0m [1;30mDEBUG[0m [32mFound 271 installed packages in /opt/ros/humble[0m
[0.787s] [34mcolcon.colcon_core.package_discovery[0m [1;30mLevel 1[0m discover_packages(prefix_path) using defaults
[0.854s] [34mcolcon.colcon_core.verb[0m [1;30mLevel 5[0m set package 'bishe_mqtt' build argument 'cmake_args' from command line to 'None'
[0.854s] [34mcolcon.colcon_core.verb[0m [1;30mLevel 5[0m set package 'bishe_mqtt' build argument 'cmake_target' from command line to 'None'
[0.854s] [34mcolcon.colcon_core.verb[0m [1;30mLevel 5[0m set package 'bishe_mqtt' build argument 'cmake_target_skip_unavailable' from command line to 'False'
[0.854s] [34mcolcon.colcon_core.verb[0m [1;30mLevel 5[0m set package 'bishe_mqtt' build argument 'cmake_clean_cache' from command line to 'False'
[0.854s] [34mcolcon.colcon_core.verb[0m [1;30mLevel 5[0m set package 'bishe_mqtt' build argument 'cmake_clean_first' from command line to 'False'
[0.854s] [34mcolcon.colcon_core.verb[0m [1;30mLevel 5[0m set package 'bishe_mqtt' build argument 'cmake_force_configure' from command line to 'False'
[0.854s] [34mcolcon.colcon_core.verb[0m [1;30mLevel 5[0m set package 'bishe_mqtt' build argument 'ament_cmake_args' from command line to 'None'
[0.854s] [34mcolcon.colcon_core.verb[0m [1;30mLevel 5[0m set package 'bishe_mqtt' build argument 'catkin_cmake_args' from command line to 'None'
[0.855s] [34mcolcon.colcon_core.verb[0m [1;30mLevel 5[0m set package 'bishe_mqtt' build argument 'catkin_skip_building_tests' from command line to 'False'
[0.855s] [34mcolcon.colcon_core.verb[0m [1;30mDEBUG[0m [32mBuilding package 'bishe_mqtt' with the following arguments: {'ament_cmake_args': None, 'build_base': '/home/jetson/projects/bishe/edge/build/bishe_mqtt', 'catkin_cmake_args': None, 'catkin_skip_building_tests': False, 'cmake_args': None, 'cmake_clean_cache': False, 'cmake_clean_first': False, 'cmake_force_configure': False, 'cmake_target': None, 'cmake_target_skip_unavailable': False, 'install_base': '/home/jetson/projects/bishe/edge/install/bishe_mqtt', 'merge_install': False, 'path': '/home/jetson/projects/bishe/edge/src/bishe_mqtt', 'symlink_install': False, 'test_result_base': None}[0m
[0.855s] [34mcolcon.colcon_core.verb[0m [1;30mLevel 5[0m set package 'bishe_msgs' build argument 'cmake_args' from command line to 'None'
[0.855s] [34mcolcon.colcon_core.verb[0m [1;30mLevel 5[0m set package 'bishe_msgs' build argument 'cmake_target' from command line to 'None'
[0.855s] [34mcolcon.colcon_core.verb[0m [1;30mLevel 5[0m set package 'bishe_msgs' build argument 'cmake_target_skip_unavailable' from command line to 'False'
[0.855s] [34mcolcon.colcon_core.verb[0m [1;30mLevel 5[0m set package 'bishe_msgs' build argument 'cmake_clean_cache' from command line to 'False'
[0.856s] [34mcolcon.colcon_core.verb[0m [1;30mLevel 5[0m set package 'bishe_msgs' build argument 'cmake_clean_first' from command line to 'False'
[0.856s] [34mcolcon.colcon_core.verb[0m [1;30mLevel 5[0m set package 'bishe_msgs' build argument 'cmake_force_configure' from command line to 'False'
[0.856s] [34mcolcon.colcon_core.verb[0m [1;30mLevel 5[0m set package 'bishe_msgs' build argument 'ament_cmake_args' from command line to 'None'
[0.856s] [34mcolcon.colcon_core.verb[0m [1;30mLevel 5[0m set package 'bishe_msgs' build argument 'catkin_cmake_args' from command line to 'None'
[0.856s] [34mcolcon.colcon_core.verb[0m [1;30mLevel 5[0m set package 'bishe_msgs' build argument 'catkin_skip_building_tests' from command line to 'False'
[0.856s] [34mcolcon.colcon_core.verb[0m [1;30mDEBUG[0m [32mBuilding package 'bishe_msgs' with the following arguments: {'ament_cmake_args': None, 'build_base': '/home/jetson/projects/bishe/edge/build/bishe_msgs', 'catkin_cmake_args': None, 'catkin_skip_building_tests': False, 'cmake_args': None, 'cmake_clean_cache': False, 'cmake_clean_first': False, 'cmake_force_configure': False, 'cmake_target': None, 'cmake_target_skip_unavailable': False, 'install_base': '/home/jetson/projects/bishe/edge/install/bishe_msgs', 'merge_install': False, 'path': '/home/jetson/projects/bishe/edge/src/bishe_msgs', 'symlink_install': False, 'test_result_base': None}[0m
[0.856s] [34mcolcon.colcon_core.verb[0m [1;30mLevel 5[0m set package 'bishe_camera' build argument 'cmake_args' from command line to 'None'
[0.856s] [34mcolcon.colcon_core.verb[0m [1;30mLevel 5[0m set package 'bishe_camera' build argument 'cmake_target' from command line to 'None'
[0.857s] [34mcolcon.colcon_core.verb[0m [1;30mLevel 5[0m set package 'bishe_camera' build argument 'cmake_target_skip_unavailable' from command line to 'False'
[0.857s] [34mcolcon.colcon_core.verb[0m [1;30mLevel 5[0m set package 'bishe_camera' build argument 'cmake_clean_cache' from command line to 'False'
[0.857s] [34mcolcon.colcon_core.verb[0m [1;30mLevel 5[0m set package 'bishe_camera' build argument 'cmake_clean_first' from command line to 'False'
[0.857s] [34mcolcon.colcon_core.verb[0m [1;30mLevel 5[0m set package 'bishe_camera' build argument 'cmake_force_configure' from command line to 'False'
[0.857s] [34mcolcon.colcon_core.verb[0m [1;30mLevel 5[0m set package 'bishe_camera' build argument 'ament_cmake_args' from command line to 'None'
[0.857s] [34mcolcon.colcon_core.verb[0m [1;30mLevel 5[0m set package 'bishe_camera' build argument 'catkin_cmake_args' from command line to 'None'
[0.857s] [34mcolcon.colcon_core.verb[0m [1;30mLevel 5[0m set package 'bishe_camera' build argument 'catkin_skip_building_tests' from command line to 'False'
[0.857s] [34mcolcon.colcon_core.verb[0m [1;30mDEBUG[0m [32mBuilding package 'bishe_camera' with the following arguments: {'ament_cmake_args': None, 'build_base': '/home/jetson/projects/bishe/edge/build/bishe_camera', 'catkin_cmake_args': None, 'catkin_skip_building_tests': False, 'cmake_args': None, 'cmake_clean_cache': False, 'cmake_clean_first': False, 'cmake_force_configure': False, 'cmake_target': None, 'cmake_target_skip_unavailable': False, 'install_base': '/home/jetson/projects/bishe/edge/install/bishe_camera', 'merge_install': False, 'path': '/home/jetson/projects/bishe/edge/src/bishe_camera', 'symlink_install': False, 'test_result_base': None}[0m
[0.857s] [34mcolcon.colcon_core.verb[0m [1;30mLevel 5[0m set package 'bishe_detector' build argument 'cmake_args' from command line to 'None'
[0.857s] [34mcolcon.colcon_core.verb[0m [1;30mLevel 5[0m set package 'bishe_detector' build argument 'cmake_target' from command line to 'None'
[0.858s] [34mcolcon.colcon_core.verb[0m [1;30mLevel 5[0m set package 'bishe_detector' build argument 'cmake_target_skip_unavailable' from command line to 'False'
[0.858s] [34mcolcon.colcon_core.verb[0m [1;30mLevel 5[0m set package 'bishe_detector' build argument 'cmake_clean_cache' from command line to 'False'
[0.858s] [34mcolcon.colcon_core.verb[0m [1;30mLevel 5[0m set package 'bishe_detector' build argument 'cmake_clean_first' from command line to 'False'
[0.858s] [34mcolcon.colcon_core.verb[0m [1;30mLevel 5[0m set package 'bishe_detector' build argument 'cmake_force_configure' from command line to 'False'
[0.858s] [34mcolcon.colcon_core.verb[0m [1;30mLevel 5[0m set package 'bishe_detector' build argument 'ament_cmake_args' from command line to 'None'
[0.858s] [34mcolcon.colcon_core.verb[0m [1;30mLevel 5[0m set package 'bishe_detector' build argument 'catkin_cmake_args' from command line to 'None'
[0.858s] [34mcolcon.colcon_core.verb[0m [1;30mLevel 5[0m set package 'bishe_detector' build argument 'catkin_skip_building_tests' from command line to 'False'
[0.858s] [34mcolcon.colcon_core.verb[0m [1;30mDEBUG[0m [32mBuilding package 'bishe_detector' with the following arguments: {'ament_cmake_args': None, 'build_base': '/home/jetson/projects/bishe/edge/build/bishe_detector', 'catkin_cmake_args': None, 'catkin_skip_building_tests': False, 'cmake_args': None, 'cmake_clean_cache': False, 'cmake_clean_first': False, 'cmake_force_configure': False, 'cmake_target': None, 'cmake_target_skip_unavailable': False, 'install_base': '/home/jetson/projects/bishe/edge/install/bishe_detector', 'merge_install': False, 'path': '/home/jetson/projects/bishe/edge/src/bishe_detector', 'symlink_install': False, 'test_result_base': None}[0m
[0.858s] [34mcolcon.colcon_core.verb[0m [1;30mLevel 5[0m set package 'bishe_monitor' build argument 'cmake_args' from command line to 'None'
[0.859s] [34mcolcon.colcon_core.verb[0m [1;30mLevel 5[0m set package 'bishe_monitor' build argument 'cmake_target' from command line to 'None'
[0.859s] [34mcolcon.colcon_core.verb[0m [1;30mLevel 5[0m set package 'bishe_monitor' build argument 'cmake_target_skip_unavailable' from command line to 'False'
[0.859s] [34mcolcon.colcon_core.verb[0m [1;30mLevel 5[0m set package 'bishe_monitor' build argument 'cmake_clean_cache' from command line to 'False'
[0.859s] [34mcolcon.colcon_core.verb[0m [1;30mLevel 5[0m set package 'bishe_monitor' build argument 'cmake_clean_first' from command line to 'False'
[0.859s] [34mcolcon.colcon_core.verb[0m [1;30mLevel 5[0m set package 'bishe_monitor' build argument 'cmake_force_configure' from command line to 'False'
[0.859s] [34mcolcon.colcon_core.verb[0m [1;30mLevel 5[0m set package 'bishe_monitor' build argument 'ament_cmake_args' from command line to 'None'
[0.859s] [34mcolcon.colcon_core.verb[0m [1;30mLevel 5[0m set package 'bishe_monitor' build argument 'catkin_cmake_args' from command line to 'None'
[0.859s] [34mcolcon.colcon_core.verb[0m [1;30mLevel 5[0m set package 'bishe_monitor' build argument 'catkin_skip_building_tests' from command line to 'False'
[0.859s] [34mcolcon.colcon_core.verb[0m [1;30mDEBUG[0m [32mBuilding package 'bishe_monitor' with the following arguments: {'ament_cmake_args': None, 'build_base': '/home/jetson/projects/bishe/edge/build/bishe_monitor', 'catkin_cmake_args': None, 'catkin_skip_building_tests': False, 'cmake_args': None, 'cmake_clean_cache': False, 'cmake_clean_first': False, 'cmake_force_configure': False, 'cmake_target': None, 'cmake_target_skip_unavailable': False, 'install_base': '/home/jetson/projects/bishe/edge/install/bishe_monitor', 'merge_install': False, 'path': '/home/jetson/projects/bishe/edge/src/bishe_monitor', 'symlink_install': False, 'test_result_base': None}[0m
[0.860s] [34mcolcon.colcon_core.verb[0m [1;30mLevel 5[0m set package 'bishe_streamer' build argument 'cmake_args' from command line to 'None'
[0.860s] [34mcolcon.colcon_core.verb[0m [1;30mLevel 5[0m set package 'bishe_streamer' build argument 'cmake_target' from command line to 'None'
[0.860s] [34mcolcon.colcon_core.verb[0m [1;30mLevel 5[0m set package 'bishe_streamer' build argument 'cmake_target_skip_unavailable' from command line to 'False'
[0.860s] [34mcolcon.colcon_core.verb[0m [1;30mLevel 5[0m set package 'bishe_streamer' build argument 'cmake_clean_cache' from command line to 'False'
[0.860s] [34mcolcon.colcon_core.verb[0m [1;30mLevel 5[0m set package 'bishe_streamer' build argument 'cmake_clean_first' from command line to 'False'
[0.860s] [34mcolcon.colcon_core.verb[0m [1;30mLevel 5[0m set package 'bishe_streamer' build argument 'cmake_force_configure' from command line to 'False'
[0.860s] [34mcolcon.colcon_core.verb[0m [1;30mLevel 5[0m set package 'bishe_streamer' build argument 'ament_cmake_args' from command line to 'None'
[0.860s] [34mcolcon.colcon_core.verb[0m [1;30mLevel 5[0m set package 'bishe_streamer' build argument 'catkin_cmake_args' from command line to 'None'
[0.860s] [34mcolcon.colcon_core.verb[0m [1;30mLevel 5[0m set package 'bishe_streamer' build argument 'catkin_skip_building_tests' from command line to 'False'
[0.860s] [34mcolcon.colcon_core.verb[0m [1;30mDEBUG[0m [32mBuilding package 'bishe_streamer' with the following arguments: {'ament_cmake_args': None, 'build_base': '/home/jetson/projects/bishe/edge/build/bishe_streamer', 'catkin_cmake_args': None, 'catkin_skip_building_tests': False, 'cmake_args': None, 'cmake_clean_cache': False, 'cmake_clean_first': False, 'cmake_force_configure': False, 'cmake_target': None, 'cmake_target_skip_unavailable': False, 'install_base': '/home/jetson/projects/bishe/edge/install/bishe_streamer', 'merge_install': False, 'path': '/home/jetson/projects/bishe/edge/src/bishe_streamer', 'symlink_install': False, 'test_result_base': None}[0m
[0.861s] [34mcolcon.colcon_core.verb[0m [1;30mLevel 5[0m set package 'bishe_launch' build argument 'cmake_args' from command line to 'None'
[0.861s] [34mcolcon.colcon_core.verb[0m [1;30mLevel 5[0m set package 'bishe_launch' build argument 'cmake_target' from command line to 'None'
[0.861s] [34mcolcon.colcon_core.verb[0m [1;30mLevel 5[0m set package 'bishe_launch' build argument 'cmake_target_skip_unavailable' from command line to 'False'
[0.861s] [34mcolcon.colcon_core.verb[0m [1;30mLevel 5[0m set package 'bishe_launch' build argument 'cmake_clean_cache' from command line to 'False'
[0.861s] [34mcolcon.colcon_core.verb[0m [1;30mLevel 5[0m set package 'bishe_launch' build argument 'cmake_clean_first' from command line to 'False'
[0.861s] [34mcolcon.colcon_core.verb[0m [1;30mLevel 5[0m set package 'bishe_launch' build argument 'cmake_force_configure' from command line to 'False'
[0.861s] [34mcolcon.colcon_core.verb[0m [1;30mLevel 5[0m set package 'bishe_launch' build argument 'ament_cmake_args' from command line to 'None'
[0.861s] [34mcolcon.colcon_core.verb[0m [1;30mLevel 5[0m set package 'bishe_launch' build argument 'catkin_cmake_args' from command line to 'None'
[0.861s] [34mcolcon.colcon_core.verb[0m [1;30mLevel 5[0m set package 'bishe_launch' build argument 'catkin_skip_building_tests' from command line to 'False'
[0.861s] [34mcolcon.colcon_core.verb[0m [1;30mDEBUG[0m [32mBuilding package 'bishe_launch' with the following arguments: {'ament_cmake_args': None, 'build_base': '/home/jetson/projects/bishe/edge/build/bishe_launch', 'catkin_cmake_args': None, 'catkin_skip_building_tests': False, 'cmake_args': None, 'cmake_clean_cache': False, 'cmake_clean_first': False, 'cmake_force_configure': False, 'cmake_target': None, 'cmake_target_skip_unavailable': False, 'install_base': '/home/jetson/projects/bishe/edge/install/bishe_launch', 'merge_install': False, 'path': '/home/jetson/projects/bishe/edge/src/bishe_launch', 'symlink_install': False, 'test_result_base': None}[0m
[0.861s] [34mcolcon.colcon_core.executor[0m [1;30mINFO[0m Executing jobs using 'parallel' executor
[0.863s] [34mcolcon.colcon_parallel_executor.executor.parallel[0m [1;30mDEBUG[0m [32mrun_until_complete[0m
[0.864s] [34mcolcon.colcon_ros.task.ament_cmake.build[0m [1;30mINFO[0m Building ROS package in '/home/jetson/projects/bishe/edge/src/bishe_msgs' with build type 'ament_cmake'
[0.865s] [34mcolcon.colcon_cmake.task.cmake.build[0m [1;30mINFO[0m Building CMake package in '/home/jetson/projects/bishe/edge/src/bishe_msgs'
[0.872s] [34mcolcon.colcon_core.plugin_system[0m [1;30mINFO[0m Skipping extension 'colcon_core.shell.bat': Not used on non-Windows systems
[0.873s] [34mcolcon.colcon_core.shell[0m [1;30mINFO[0m Skip shell extension 'powershell' for command environment: Not usable outside of PowerShell
[0.873s] [34mcolcon.colcon_core.shell[0m [1;30mDEBUG[0m [32mSkip shell extension 'dsv' for command environment[0m
[0.880s] [34mcolcon.colcon_ros.task.ament_cmake.build[0m [1;30mINFO[0m Building ROS package in '/home/jetson/projects/bishe/edge/src/bishe_mqtt' with build type 'ament_cmake'
[0.881s] [34mcolcon.colcon_cmake.task.cmake.build[0m [1;30mINFO[0m Building CMake package in '/home/jetson/projects/bishe/edge/src/bishe_mqtt'
[0.881s] [34mcolcon.colcon_core.shell[0m [1;30mINFO[0m Skip shell extension 'powershell' for command environment: Not usable outside of PowerShell
[0.881s] [34mcolcon.colcon_core.shell[0m [1;30mDEBUG[0m [32mSkip shell extension 'dsv' for command environment[0m
[0.897s] [34mcolcon.colcon_core.event_handler.log_command[0m [1;30mDEBUG[0m [32mInvoking command in '/home/jetson/projects/bishe/edge/build/bishe_msgs': CMAKE_PREFIX_PATH=${CMAKE_PREFIX_PATH}:/home/jetson/projects/bishe/edge/install/bishe_launch:/opt/ros/humble /usr/bin/cmake --build /home/jetson/projects/bishe/edge/build/bishe_msgs -- -j6 -l6[0m
[0.907s] [34mcolcon.colcon_core.event_handler.log_command[0m [1;30mDEBUG[0m [32mInvoking command in '/home/jetson/projects/bishe/edge/build/bishe_mqtt': CMAKE_PREFIX_PATH=${CMAKE_PREFIX_PATH}:/home/jetson/projects/bishe/edge/install/bishe_launch:/opt/ros/humble /usr/bin/cmake --build /home/jetson/projects/bishe/edge/build/bishe_mqtt -- -j6 -l6[0m
[1.064s] [34mcolcon.colcon_core.event_handler.log_command[0m [1;30mDEBUG[0m [32mInvoked command in '/home/jetson/projects/bishe/edge/build/bishe_mqtt' returned '0': CMAKE_PREFIX_PATH=${CMAKE_PREFIX_PATH}:/home/jetson/projects/bishe/edge/install/bishe_launch:/opt/ros/humble /usr/bin/cmake --build /home/jetson/projects/bishe/edge/build/bishe_mqtt -- -j6 -l6[0m
[1.091s] [34mcolcon.colcon_core.event_handler.log_command[0m [1;30mDEBUG[0m [32mInvoking command in '/home/jetson/projects/bishe/edge/build/bishe_mqtt': CMAKE_PREFIX_PATH=${CMAKE_PREFIX_PATH}:/home/jetson/projects/bishe/edge/install/bishe_launch:/opt/ros/humble /usr/bin/cmake --install /home/jetson/projects/bishe/edge/build/bishe_mqtt[0m
[1.171s] [34mcolcon.colcon_core.environment[0m [1;30mLevel 1[0m create_environment_scripts_only(bishe_mqtt)
[1.180s] [34mcolcon.colcon_core.event_handler.log_command[0m [1;30mDEBUG[0m [32mInvoked command in '/home/jetson/projects/bishe/edge/build/bishe_mqtt' returned '0': CMAKE_PREFIX_PATH=${CMAKE_PREFIX_PATH}:/home/jetson/projects/bishe/edge/install/bishe_launch:/opt/ros/humble /usr/bin/cmake --install /home/jetson/projects/bishe/edge/build/bishe_mqtt[0m
[1.191s] [34mcolcon.colcon_core.environment[0m [1;30mLevel 1[0m checking '/home/jetson/projects/bishe/edge/install/bishe_mqtt' for CMake module files
[1.193s] [34mcolcon.colcon_core.environment[0m [1;30mLevel 1[0m checking '/home/jetson/projects/bishe/edge/install/bishe_mqtt' for CMake config files
[1.193s] [34mcolcon.colcon_core.shell[0m [1;30mLevel 1[0m create_environment_hook('bishe_mqtt', 'cmake_prefix_path')
[1.194s] [34mcolcon.colcon_core.shell[0m [1;30mINFO[0m Creating environment hook '/home/jetson/projects/bishe/edge/install/bishe_mqtt/share/bishe_mqtt/hook/cmake_prefix_path.ps1'
[1.196s] [34mcolcon.colcon_core.shell[0m [1;30mINFO[0m Creating environment descriptor '/home/jetson/projects/bishe/edge/install/bishe_mqtt/share/bishe_mqtt/hook/cmake_prefix_path.dsv'
[1.198s] [34mcolcon.colcon_core.shell[0m [1;30mINFO[0m Creating environment hook '/home/jetson/projects/bishe/edge/install/bishe_mqtt/share/bishe_mqtt/hook/cmake_prefix_path.sh'
[1.205s] [34mcolcon.colcon_core.environment[0m [1;30mLevel 1[0m checking '/home/jetson/projects/bishe/edge/install/bishe_mqtt/lib'
[1.206s] [34mcolcon.colcon_core.environment[0m [1;30mLevel 1[0m checking '/home/jetson/projects/bishe/edge/install/bishe_mqtt/bin'
[1.206s] [34mcolcon.colcon_core.environment[0m [1;30mLevel 1[0m checking '/home/jetson/projects/bishe/edge/install/bishe_mqtt/lib/pkgconfig/bishe_mqtt.pc'
[1.207s] [34mcolcon.colcon_core.environment[0m [1;30mLevel 1[0m checking '/home/jetson/projects/bishe/edge/install/bishe_mqtt/lib/python3.10/site-packages'
[1.207s] [34mcolcon.colcon_core.environment[0m [1;30mLevel 1[0m checking '/home/jetson/projects/bishe/edge/install/bishe_mqtt/bin'
[1.208s] [34mcolcon.colcon_core.shell[0m [1;30mINFO[0m Creating package script '/home/jetson/projects/bishe/edge/install/bishe_mqtt/share/bishe_mqtt/package.ps1'
[1.212s] [34mcolcon.colcon_core.shell[0m [1;30mINFO[0m Creating package descriptor '/home/jetson/projects/bishe/edge/install/bishe_mqtt/share/bishe_mqtt/package.dsv'
[1.222s] [34mcolcon.colcon_core.shell[0m [1;30mINFO[0m Creating package script '/home/jetson/projects/bishe/edge/install/bishe_mqtt/share/bishe_mqtt/package.sh'
[1.226s] [34mcolcon.colcon_core.shell[0m [1;30mINFO[0m Creating package script '/home/jetson/projects/bishe/edge/install/bishe_mqtt/share/bishe_mqtt/package.bash'
[1.232s] [34mcolcon.colcon_core.shell[0m [1;30mINFO[0m Creating package script '/home/jetson/projects/bishe/edge/install/bishe_mqtt/share/bishe_mqtt/package.zsh'
[1.237s] [34mcolcon.colcon_core.environment[0m [1;30mLevel 1[0m create_file_with_runtime_dependencies(/home/jetson/projects/bishe/edge/install/bishe_mqtt/share/colcon-core/packages/bishe_mqtt)
[1.238s] [34mcolcon.colcon_core.environment[0m [1;30mLevel 1[0m create_environment_scripts_only(bishe_mqtt)
[1.239s] [34mcolcon.colcon_core.environment[0m [1;30mLevel 1[0m checking '/home/jetson/projects/bishe/edge/install/bishe_mqtt' for CMake module files
[1.240s] [34mcolcon.colcon_core.environment[0m [1;30mLevel 1[0m checking '/home/jetson/projects/bishe/edge/install/bishe_mqtt' for CMake config files
[1.241s] [34mcolcon.colcon_core.shell[0m [1;30mLevel 1[0m create_environment_hook('bishe_mqtt', 'cmake_prefix_path')
[1.241s] [34mcolcon.colcon_core.shell[0m [1;30mINFO[0m Creating environment hook '/home/jetson/projects/bishe/edge/install/bishe_mqtt/share/bishe_mqtt/hook/cmake_prefix_path.ps1'
[1.242s] [34mcolcon.colcon_core.shell[0m [1;30mINFO[0m Creating environment descriptor '/home/jetson/projects/bishe/edge/install/bishe_mqtt/share/bishe_mqtt/hook/cmake_prefix_path.dsv'
[1.243s] [34mcolcon.colcon_core.shell[0m [1;30mINFO[0m Creating environment hook '/home/jetson/projects/bishe/edge/install/bishe_mqtt/share/bishe_mqtt/hook/cmake_prefix_path.sh'
[1.253s] [34mcolcon.colcon_core.environment[0m [1;30mLevel 1[0m checking '/home/jetson/projects/bishe/edge/install/bishe_mqtt/lib'
[1.254s] [34mcolcon.colcon_core.environment[0m [1;30mLevel 1[0m checking '/home/jetson/projects/bishe/edge/install/bishe_mqtt/bin'
[1.254s] [34mcolcon.colcon_core.environment[0m [1;30mLevel 1[0m checking '/home/jetson/projects/bishe/edge/install/bishe_mqtt/lib/pkgconfig/bishe_mqtt.pc'
[1.255s] [34mcolcon.colcon_core.environment[0m [1;30mLevel 1[0m checking '/home/jetson/projects/bishe/edge/install/bishe_mqtt/lib/python3.10/site-packages'
[1.257s] [34mcolcon.colcon_core.environment[0m [1;30mLevel 1[0m checking '/home/jetson/projects/bishe/edge/install/bishe_mqtt/bin'
[1.258s] [34mcolcon.colcon_core.shell[0m [1;30mINFO[0m Creating package script '/home/jetson/projects/bishe/edge/install/bishe_mqtt/share/bishe_mqtt/package.ps1'
[1.260s] [34mcolcon.colcon_core.shell[0m [1;30mINFO[0m Creating package descriptor '/home/jetson/projects/bishe/edge/install/bishe_mqtt/share/bishe_mqtt/package.dsv'
[1.263s] [34mcolcon.colcon_core.shell[0m [1;30mINFO[0m Creating package script '/home/jetson/projects/bishe/edge/install/bishe_mqtt/share/bishe_mqtt/package.sh'
[1.266s] [34mcolcon.colcon_core.shell[0m [1;30mINFO[0m Creating package script '/home/jetson/projects/bishe/edge/install/bishe_mqtt/share/bishe_mqtt/package.bash'
[1.269s] [34mcolcon.colcon_core.shell[0m [1;30mINFO[0m Creating package script '/home/jetson/projects/bishe/edge/install/bishe_mqtt/share/bishe_mqtt/package.zsh'
[1.271s] [34mcolcon.colcon_core.environment[0m [1;30mLevel 1[0m create_file_with_runtime_dependencies(/home/jetson/projects/bishe/edge/install/bishe_mqtt/share/colcon-core/packages/bishe_mqtt)
[1.719s] [34mcolcon.colcon_core.event_handler.log_command[0m [1;30mDEBUG[0m [32mInvoked command in '/home/jetson/projects/bishe/edge/build/bishe_msgs' returned '0': CMAKE_PREFIX_PATH=${CMAKE_PREFIX_PATH}:/home/jetson/projects/bishe/edge/install/bishe_launch:/opt/ros/humble /usr/bin/cmake --build /home/jetson/projects/bishe/edge/build/bishe_msgs -- -j6 -l6[0m
[1.724s] [34mcolcon.colcon_core.event_handler.log_command[0m [1;30mDEBUG[0m [32mInvoking command in '/home/jetson/projects/bishe/edge/build/bishe_msgs': CMAKE_PREFIX_PATH=${CMAKE_PREFIX_PATH}:/home/jetson/projects/bishe/edge/install/bishe_launch:/opt/ros/humble /usr/bin/cmake --install /home/jetson/projects/bishe/edge/build/bishe_msgs[0m
[1.894s] [34mcolcon.colcon_core.environment[0m [1;30mLevel 1[0m create_environment_scripts_only(bishe_msgs)
[1.895s] [34mcolcon.colcon_core.environment[0m [1;30mLevel 1[0m checking '/home/jetson/projects/bishe/edge/install/bishe_msgs' for CMake module files
[1.898s] [34mcolcon.colcon_core.environment[0m [1;30mLevel 1[0m checking '/home/jetson/projects/bishe/edge/install/bishe_msgs' for CMake config files
[1.901s] [34mcolcon.colcon_core.event_handler.log_command[0m [1;30mDEBUG[0m [32mInvoked command in '/home/jetson/projects/bishe/edge/build/bishe_msgs' returned '0': CMAKE_PREFIX_PATH=${CMAKE_PREFIX_PATH}:/home/jetson/projects/bishe/edge/install/bishe_launch:/opt/ros/humble /usr/bin/cmake --install /home/jetson/projects/bishe/edge/build/bishe_msgs[0m
[1.903s] [34mcolcon.colcon_core.shell[0m [1;30mLevel 1[0m create_environment_hook('bishe_msgs', 'cmake_prefix_path')
[1.904s] [34mcolcon.colcon_core.shell[0m [1;30mINFO[0m Creating environment hook '/home/jetson/projects/bishe/edge/install/bishe_msgs/share/bishe_msgs/hook/cmake_prefix_path.ps1'
[1.905s] [34mcolcon.colcon_core.shell[0m [1;30mINFO[0m Creating environment descriptor '/home/jetson/projects/bishe/edge/install/bishe_msgs/share/bishe_msgs/hook/cmake_prefix_path.dsv'
[1.907s] [34mcolcon.colcon_core.shell[0m [1;30mINFO[0m Creating environment hook '/home/jetson/projects/bishe/edge/install/bishe_msgs/share/bishe_msgs/hook/cmake_prefix_path.sh'
[1.909s] [34mcolcon.colcon_core.environment[0m [1;30mLevel 1[0m checking '/home/jetson/projects/bishe/edge/install/bishe_msgs/lib'
[1.909s] [34mcolcon.colcon_core.shell[0m [1;30mLevel 1[0m create_environment_hook('bishe_msgs', 'ld_library_path_lib')
[1.910s] [34mcolcon.colcon_core.shell[0m [1;30mINFO[0m Creating environment hook '/home/jetson/projects/bishe/edge/install/bishe_msgs/share/bishe_msgs/hook/ld_library_path_lib.ps1'
[1.911s] [34mcolcon.colcon_core.shell[0m [1;30mINFO[0m Creating environment descriptor '/home/jetson/projects/bishe/edge/install/bishe_msgs/share/bishe_msgs/hook/ld_library_path_lib.dsv'
[1.913s] [34mcolcon.colcon_core.shell[0m [1;30mINFO[0m Creating environment hook '/home/jetson/projects/bishe/edge/install/bishe_msgs/share/bishe_msgs/hook/ld_library_path_lib.sh'
[1.914s] [34mcolcon.colcon_core.environment[0m [1;30mLevel 1[0m checking '/home/jetson/projects/bishe/edge/install/bishe_msgs/bin'
[1.914s] [34mcolcon.colcon_core.environment[0m [1;30mLevel 1[0m checking '/home/jetson/projects/bishe/edge/install/bishe_msgs/lib/pkgconfig/bishe_msgs.pc'
[1.915s] [34mcolcon.colcon_core.environment[0m [1;30mLevel 1[0m checking '/home/jetson/projects/bishe/edge/install/bishe_msgs/lib/python3.10/site-packages'
[1.917s] [34mcolcon.colcon_core.environment[0m [1;30mLevel 1[0m checking '/home/jetson/projects/bishe/edge/install/bishe_msgs/bin'
[1.918s] [34mcolcon.colcon_core.shell[0m [1;30mINFO[0m Creating package script '/home/jetson/projects/bishe/edge/install/bishe_msgs/share/bishe_msgs/package.ps1'
[1.920s] [34mcolcon.colcon_core.shell[0m [1;30mINFO[0m Creating package descriptor '/home/jetson/projects/bishe/edge/install/bishe_msgs/share/bishe_msgs/package.dsv'
[1.921s] [34mcolcon.colcon_core.shell[0m [1;30mINFO[0m Creating package script '/home/jetson/projects/bishe/edge/install/bishe_msgs/share/bishe_msgs/package.sh'
[1.923s] [34mcolcon.colcon_core.shell[0m [1;30mINFO[0m Creating package script '/home/jetson/projects/bishe/edge/install/bishe_msgs/share/bishe_msgs/package.bash'
[1.924s] [34mcolcon.colcon_core.shell[0m [1;30mINFO[0m Creating package script '/home/jetson/projects/bishe/edge/install/bishe_msgs/share/bishe_msgs/package.zsh'
[1.926s] [34mcolcon.colcon_core.environment[0m [1;30mLevel 1[0m create_file_with_runtime_dependencies(/home/jetson/projects/bishe/edge/install/bishe_msgs/share/colcon-core/packages/bishe_msgs)
[1.928s] [34mcolcon.colcon_core.environment[0m [1;30mLevel 1[0m create_environment_scripts_only(bishe_msgs)
[1.929s] [34mcolcon.colcon_core.environment[0m [1;30mLevel 1[0m checking '/home/jetson/projects/bishe/edge/install/bishe_msgs' for CMake module files
[1.931s] [34mcolcon.colcon_core.environment[0m [1;30mLevel 1[0m checking '/home/jetson/projects/bishe/edge/install/bishe_msgs' for CMake config files
[1.935s] [34mcolcon.colcon_core.shell[0m [1;30mLevel 1[0m create_environment_hook('bishe_msgs', 'cmake_prefix_path')
[1.936s] [34mcolcon.colcon_core.shell[0m [1;30mINFO[0m Creating environment hook '/home/jetson/projects/bishe/edge/install/bishe_msgs/share/bishe_msgs/hook/cmake_prefix_path.ps1'
[1.938s] [34mcolcon.colcon_core.shell[0m [1;30mINFO[0m Creating environment descriptor '/home/jetson/projects/bishe/edge/install/bishe_msgs/share/bishe_msgs/hook/cmake_prefix_path.dsv'
[1.939s] [34mcolcon.colcon_core.shell[0m [1;30mINFO[0m Creating environment hook '/home/jetson/projects/bishe/edge/install/bishe_msgs/share/bishe_msgs/hook/cmake_prefix_path.sh'
[1.941s] [34mcolcon.colcon_core.environment[0m [1;30mLevel 1[0m checking '/home/jetson/projects/bishe/edge/install/bishe_msgs/lib'
[1.942s] [34mcolcon.colcon_core.shell[0m [1;30mLevel 1[0m create_environment_hook('bishe_msgs', 'ld_library_path_lib')
[1.942s] [34mcolcon.colcon_core.shell[0m [1;30mINFO[0m Creating environment hook '/home/jetson/projects/bishe/edge/install/bishe_msgs/share/bishe_msgs/hook/ld_library_path_lib.ps1'
[1.944s] [34mcolcon.colcon_core.shell[0m [1;30mINFO[0m Creating environment descriptor '/home/jetson/projects/bishe/edge/install/bishe_msgs/share/bishe_msgs/hook/ld_library_path_lib.dsv'
[1.945s] [34mcolcon.colcon_core.shell[0m [1;30mINFO[0m Creating environment hook '/home/jetson/projects/bishe/edge/install/bishe_msgs/share/bishe_msgs/hook/ld_library_path_lib.sh'
[1.946s] [34mcolcon.colcon_core.environment[0m [1;30mLevel 1[0m checking '/home/jetson/projects/bishe/edge/install/bishe_msgs/bin'
[1.946s] [34mcolcon.colcon_core.environment[0m [1;30mLevel 1[0m checking '/home/jetson/projects/bishe/edge/install/bishe_msgs/lib/pkgconfig/bishe_msgs.pc'
[1.947s] [34mcolcon.colcon_core.environment[0m [1;30mLevel 1[0m checking '/home/jetson/projects/bishe/edge/install/bishe_msgs/lib/python3.10/site-packages'
[1.948s] [34mcolcon.colcon_core.environment[0m [1;30mLevel 1[0m checking '/home/jetson/projects/bishe/edge/install/bishe_msgs/bin'
[1.949s] [34mcolcon.colcon_core.shell[0m [1;30mINFO[0m Creating package script '/home/jetson/projects/bishe/edge/install/bishe_msgs/share/bishe_msgs/package.ps1'
[1.951s] [34mcolcon.colcon_core.shell[0m [1;30mINFO[0m Creating package descriptor '/home/jetson/projects/bishe/edge/install/bishe_msgs/share/bishe_msgs/package.dsv'
[1.953s] [34mcolcon.colcon_core.shell[0m [1;30mINFO[0m Creating package script '/home/jetson/projects/bishe/edge/install/bishe_msgs/share/bishe_msgs/package.sh'
[1.954s] [34mcolcon.colcon_core.shell[0m [1;30mINFO[0m Creating package script '/home/jetson/projects/bishe/edge/install/bishe_msgs/share/bishe_msgs/package.bash'
[1.955s] [34mcolcon.colcon_core.shell[0m [1;30mINFO[0m Creating package script '/home/jetson/projects/bishe/edge/install/bishe_msgs/share/bishe_msgs/package.zsh'
[1.957s] [34mcolcon.colcon_core.environment[0m [1;30mLevel 1[0m create_file_with_runtime_dependencies(/home/jetson/projects/bishe/edge/install/bishe_msgs/share/colcon-core/packages/bishe_msgs)
[1.958s] [34mcolcon.colcon_ros.task.ament_cmake.build[0m [1;30mINFO[0m Building ROS package in '/home/jetson/projects/bishe/edge/src/bishe_camera' with build type 'ament_cmake'
[1.958s] [34mcolcon.colcon_cmake.task.cmake.build[0m [1;30mINFO[0m Building CMake package in '/home/jetson/projects/bishe/edge/src/bishe_camera'
[1.959s] [34mcolcon.colcon_core.shell[0m [1;30mINFO[0m Skip shell extension 'powershell' for command environment: Not usable outside of PowerShell
[1.959s] [34mcolcon.colcon_core.shell[0m [1;30mDEBUG[0m [32mSkip shell extension 'dsv' for command environment[0m
[1.972s] [34mcolcon.colcon_ros.task.ament_cmake.build[0m [1;30mINFO[0m Building ROS package in '/home/jetson/projects/bishe/edge/src/bishe_detector' with build type 'ament_cmake'
[1.973s] [34mcolcon.colcon_cmake.task.cmake.build[0m [1;30mINFO[0m Building CMake package in '/home/jetson/projects/bishe/edge/src/bishe_detector'
[1.974s] [34mcolcon.colcon_core.shell[0m [1;30mINFO[0m Skip shell extension 'powershell' for command environment: Not usable outside of PowerShell
[1.974s] [34mcolcon.colcon_core.shell[0m [1;30mDEBUG[0m [32mSkip shell extension 'dsv' for command environment[0m
[1.987s] [34mcolcon.colcon_ros.task.ament_cmake.build[0m [1;30mINFO[0m Building ROS package in '/home/jetson/projects/bishe/edge/src/bishe_monitor' with build type 'ament_cmake'
[1.987s] [34mcolcon.colcon_cmake.task.cmake.build[0m [1;30mINFO[0m Building CMake package in '/home/jetson/projects/bishe/edge/src/bishe_monitor'
[1.988s] [34mcolcon.colcon_core.shell[0m [1;30mINFO[0m Skip shell extension 'powershell' for command environment: Not usable outside of PowerShell
[1.989s] [34mcolcon.colcon_core.shell[0m [1;30mDEBUG[0m [32mSkip shell extension 'dsv' for command environment[0m
[2.001s] [34mcolcon.colcon_ros.task.ament_cmake.build[0m [1;30mINFO[0m Building ROS package in '/home/jetson/projects/bishe/edge/src/bishe_streamer' with build type 'ament_cmake'
[2.001s] [34mcolcon.colcon_cmake.task.cmake.build[0m [1;30mINFO[0m Building CMake package in '/home/jetson/projects/bishe/edge/src/bishe_streamer'
[2.002s] [34mcolcon.colcon_core.shell[0m [1;30mINFO[0m Skip shell extension 'powershell' for command environment: Not usable outside of PowerShell
[2.003s] [34mcolcon.colcon_core.shell[0m [1;30mDEBUG[0m [32mSkip shell extension 'dsv' for command environment[0m
[2.025s] [34mcolcon.colcon_core.event_handler.log_command[0m [1;30mDEBUG[0m [32mInvoking command in '/home/jetson/projects/bishe/edge/build/bishe_camera': CMAKE_PREFIX_PATH=/home/jetson/projects/bishe/edge/install/bishe_msgs:/home/jetson/projects/bishe/edge/install/bishe_streamer:/home/jetson/projects/bishe/edge/install/bishe_monitor:/home/jetson/projects/bishe/edge/install/bishe_detector:/home/jetson/projects/bishe/edge/install/bishe_camera:/home/jetson/projects/bishe/edge/install/bishe_mqtt:/home/jetson/projects/bishe/edge/install/bishe_launch:/opt/ros/humble LD_LIBRARY_PATH=/home/jetson/projects/bishe/edge/install/bishe_msgs/lib:/home/jetson/projects/bishe/edge/install/bishe_detector/lib:/home/jetson/projects/bishe/edge/install/bishe_camera/lib:/usr/local/cuda-12.6/lib64:/opt/ros/humble/opt/rviz_ogre_vendor/lib:/opt/ros/humble/lib/aarch64-linux-gnu:/opt/ros/humble/lib:/usr/local/cuda-12.6/lib64 /usr/bin/cmake --build /home/jetson/projects/bishe/edge/build/bishe_camera -- -j6 -l6[0m
[2.034s] [34mcolcon.colcon_core.event_handler.log_command[0m [1;30mDEBUG[0m [32mInvoking command in '/home/jetson/projects/bishe/edge/build/bishe_detector': CMAKE_PREFIX_PATH=/home/jetson/projects/bishe/edge/install/bishe_msgs:/home/jetson/projects/bishe/edge/install/bishe_streamer:/home/jetson/projects/bishe/edge/install/bishe_monitor:/home/jetson/projects/bishe/edge/install/bishe_detector:/home/jetson/projects/bishe/edge/install/bishe_camera:/home/jetson/projects/bishe/edge/install/bishe_mqtt:/home/jetson/projects/bishe/edge/install/bishe_launch:/opt/ros/humble LD_LIBRARY_PATH=/home/jetson/projects/bishe/edge/install/bishe_msgs/lib:/home/jetson/projects/bishe/edge/install/bishe_detector/lib:/home/jetson/projects/bishe/edge/install/bishe_camera/lib:/usr/local/cuda-12.6/lib64:/opt/ros/humble/opt/rviz_ogre_vendor/lib:/opt/ros/humble/lib/aarch64-linux-gnu:/opt/ros/humble/lib:/usr/local/cuda-12.6/lib64 /usr/bin/cmake --build /home/jetson/projects/bishe/edge/build/bishe_detector -- -j6 -l6[0m
[2.039s] [34mcolcon.colcon_core.event_handler.log_command[0m [1;30mDEBUG[0m [32mInvoking command in '/home/jetson/projects/bishe/edge/build/bishe_monitor': CMAKE_PREFIX_PATH=/home/jetson/projects/bishe/edge/install/bishe_msgs:/home/jetson/projects/bishe/edge/install/bishe_streamer:/home/jetson/projects/bishe/edge/install/bishe_monitor:/home/jetson/projects/bishe/edge/install/bishe_detector:/home/jetson/projects/bishe/edge/install/bishe_camera:/home/jetson/projects/bishe/edge/install/bishe_mqtt:/home/jetson/projects/bishe/edge/install/bishe_launch:/opt/ros/humble LD_LIBRARY_PATH=/home/jetson/projects/bishe/edge/install/bishe_msgs/lib:/home/jetson/projects/bishe/edge/install/bishe_detector/lib:/home/jetson/projects/bishe/edge/install/bishe_camera/lib:/usr/local/cuda-12.6/lib64:/opt/ros/humble/opt/rviz_ogre_vendor/lib:/opt/ros/humble/lib/aarch64-linux-gnu:/opt/ros/humble/lib:/usr/local/cuda-12.6/lib64 /usr/bin/cmake --build /home/jetson/projects/bishe/edge/build/bishe_monitor -- -j6 -l6[0m
[2.047s] [34mcolcon.colcon_core.event_handler.log_command[0m [1;30mDEBUG[0m [32mInvoking command in '/home/jetson/projects/bishe/edge/build/bishe_streamer': CMAKE_PREFIX_PATH=/home/jetson/projects/bishe/edge/install/bishe_msgs:/home/jetson/projects/bishe/edge/install/bishe_streamer:/home/jetson/projects/bishe/edge/install/bishe_monitor:/home/jetson/projects/bishe/edge/install/bishe_detector:/home/jetson/projects/bishe/edge/install/bishe_camera:/home/jetson/projects/bishe/edge/install/bishe_mqtt:/home/jetson/projects/bishe/edge/install/bishe_launch:/opt/ros/humble LD_LIBRARY_PATH=/home/jetson/projects/bishe/edge/install/bishe_msgs/lib:/home/jetson/projects/bishe/edge/install/bishe_detector/lib:/home/jetson/projects/bishe/edge/install/bishe_camera/lib:/usr/local/cuda-12.6/lib64:/opt/ros/humble/opt/rviz_ogre_vendor/lib:/opt/ros/humble/lib/aarch64-linux-gnu:/opt/ros/humble/lib:/usr/local/cuda-12.6/lib64 /usr/bin/cmake --build /home/jetson/projects/bishe/edge/build/bishe_streamer -- -j6 -l6[0m
[2.248s] [34mcolcon.colcon_core.event_handler.log_command[0m [1;30mDEBUG[0m [32mInvoked command in '/home/jetson/projects/bishe/edge/build/bishe_streamer' returned '0': CMAKE_PREFIX_PATH=/home/jetson/projects/bishe/edge/install/bishe_msgs:/home/jetson/projects/bishe/edge/install/bishe_streamer:/home/jetson/projects/bishe/edge/install/bishe_monitor:/home/jetson/projects/bishe/edge/install/bishe_detector:/home/jetson/projects/bishe/edge/install/bishe_camera:/home/jetson/projects/bishe/edge/install/bishe_mqtt:/home/jetson/projects/bishe/edge/install/bishe_launch:/opt/ros/humble LD_LIBRARY_PATH=/home/jetson/projects/bishe/edge/install/bishe_msgs/lib:/home/jetson/projects/bishe/edge/install/bishe_detector/lib:/home/jetson/projects/bishe/edge/install/bishe_camera/lib:/usr/local/cuda-12.6/lib64:/opt/ros/humble/opt/rviz_ogre_vendor/lib:/opt/ros/humble/lib/aarch64-linux-gnu:/opt/ros/humble/lib:/usr/local/cuda-12.6/lib64 /usr/bin/cmake --build /home/jetson/projects/bishe/edge/build/bishe_streamer -- -j6 -l6[0m
[2.254s] [34mcolcon.colcon_core.event_handler.log_command[0m [1;30mDEBUG[0m [32mInvoking command in '/home/jetson/projects/bishe/edge/build/bishe_streamer': CMAKE_PREFIX_PATH=/home/jetson/projects/bishe/edge/install/bishe_msgs:/home/jetson/projects/bishe/edge/install/bishe_streamer:/home/jetson/projects/bishe/edge/install/bishe_monitor:/home/jetson/projects/bishe/edge/install/bishe_detector:/home/jetson/projects/bishe/edge/install/bishe_camera:/home/jetson/projects/bishe/edge/install/bishe_mqtt:/home/jetson/projects/bishe/edge/install/bishe_launch:/opt/ros/humble LD_LIBRARY_PATH=/home/jetson/projects/bishe/edge/install/bishe_msgs/lib:/home/jetson/projects/bishe/edge/install/bishe_detector/lib:/home/jetson/projects/bishe/edge/install/bishe_camera/lib:/usr/local/cuda-12.6/lib64:/opt/ros/humble/opt/rviz_ogre_vendor/lib:/opt/ros/humble/lib/aarch64-linux-gnu:/opt/ros/humble/lib:/usr/local/cuda-12.6/lib64 /usr/bin/cmake --install /home/jetson/projects/bishe/edge/build/bishe_streamer[0m
[2.285s] [34mcolcon.colcon_core.event_handler.log_command[0m [1;30mDEBUG[0m [32mInvoked command in '/home/jetson/projects/bishe/edge/build/bishe_camera' returned '0': CMAKE_PREFIX_PATH=/home/jetson/projects/bishe/edge/install/bishe_msgs:/home/jetson/projects/bishe/edge/install/bishe_streamer:/home/jetson/projects/bishe/edge/install/bishe_monitor:/home/jetson/projects/bishe/edge/install/bishe_detector:/home/jetson/projects/bishe/edge/install/bishe_camera:/home/jetson/projects/bishe/edge/install/bishe_mqtt:/home/jetson/projects/bishe/edge/install/bishe_launch:/opt/ros/humble LD_LIBRARY_PATH=/home/jetson/projects/bishe/edge/install/bishe_msgs/lib:/home/jetson/projects/bishe/edge/install/bishe_detector/lib:/home/jetson/projects/bishe/edge/install/bishe_camera/lib:/usr/local/cuda-12.6/lib64:/opt/ros/humble/opt/rviz_ogre_vendor/lib:/opt/ros/humble/lib/aarch64-linux-gnu:/opt/ros/humble/lib:/usr/local/cuda-12.6/lib64 /usr/bin/cmake --build /home/jetson/projects/bishe/edge/build/bishe_camera -- -j6 -l6[0m
[2.290s] [34mcolcon.colcon_core.event_handler.log_command[0m [1;30mDEBUG[0m [32mInvoking command in '/home/jetson/projects/bishe/edge/build/bishe_camera': CMAKE_PREFIX_PATH=/home/jetson/projects/bishe/edge/install/bishe_msgs:/home/jetson/projects/bishe/edge/install/bishe_streamer:/home/jetson/projects/bishe/edge/install/bishe_monitor:/home/jetson/projects/bishe/edge/install/bishe_detector:/home/jetson/projects/bishe/edge/install/bishe_camera:/home/jetson/projects/bishe/edge/install/bishe_mqtt:/home/jetson/projects/bishe/edge/install/bishe_launch:/opt/ros/humble LD_LIBRARY_PATH=/home/jetson/projects/bishe/edge/install/bishe_msgs/lib:/home/jetson/projects/bishe/edge/install/bishe_detector/lib:/home/jetson/projects/bishe/edge/install/bishe_camera/lib:/usr/local/cuda-12.6/lib64:/opt/ros/humble/opt/rviz_ogre_vendor/lib:/opt/ros/humble/lib/aarch64-linux-gnu:/opt/ros/humble/lib:/usr/local/cuda-12.6/lib64 /usr/bin/cmake --install /home/jetson/projects/bishe/edge/build/bishe_camera[0m
[2.305s] [34mcolcon.colcon_core.event_handler.log_command[0m [1;30mDEBUG[0m [32mInvoked command in '/home/jetson/projects/bishe/edge/build/bishe_detector' returned '0': CMAKE_PREFIX_PATH=/home/jetson/projects/bishe/edge/install/bishe_msgs:/home/jetson/projects/bishe/edge/install/bishe_streamer:/home/jetson/projects/bishe/edge/install/bishe_monitor:/home/jetson/projects/bishe/edge/install/bishe_detector:/home/jetson/projects/bishe/edge/install/bishe_camera:/home/jetson/projects/bishe/edge/install/bishe_mqtt:/home/jetson/projects/bishe/edge/install/bishe_launch:/opt/ros/humble LD_LIBRARY_PATH=/home/jetson/projects/bishe/edge/install/bishe_msgs/lib:/home/jetson/projects/bishe/edge/install/bishe_detector/lib:/home/jetson/projects/bishe/edge/install/bishe_camera/lib:/usr/local/cuda-12.6/lib64:/opt/ros/humble/opt/rviz_ogre_vendor/lib:/opt/ros/humble/lib/aarch64-linux-gnu:/opt/ros/humble/lib:/usr/local/cuda-12.6/lib64 /usr/bin/cmake --build /home/jetson/projects/bishe/edge/build/bishe_detector -- -j6 -l6[0m
[2.310s] [34mcolcon.colcon_core.environment[0m [1;30mLevel 1[0m create_environment_scripts_only(bishe_streamer)
[2.311s] [34mcolcon.colcon_core.environment[0m [1;30mLevel 1[0m checking '/home/jetson/projects/bishe/edge/install/bishe_streamer' for CMake module files
[2.313s] [34mcolcon.colcon_core.event_handler.log_command[0m [1;30mDEBUG[0m [32mInvoking command in '/home/jetson/projects/bishe/edge/build/bishe_detector': CMAKE_PREFIX_PATH=/home/jetson/projects/bishe/edge/install/bishe_msgs:/home/jetson/projects/bishe/edge/install/bishe_streamer:/home/jetson/projects/bishe/edge/install/bishe_monitor:/home/jetson/projects/bishe/edge/install/bishe_detector:/home/jetson/projects/bishe/edge/install/bishe_camera:/home/jetson/projects/bishe/edge/install/bishe_mqtt:/home/jetson/projects/bishe/edge/install/bishe_launch:/opt/ros/humble LD_LIBRARY_PATH=/home/jetson/projects/bishe/edge/install/bishe_msgs/lib:/home/jetson/projects/bishe/edge/install/bishe_detector/lib:/home/jetson/projects/bishe/edge/install/bishe_camera/lib:/usr/local/cuda-12.6/lib64:/opt/ros/humble/opt/rviz_ogre_vendor/lib:/opt/ros/humble/lib/aarch64-linux-gnu:/opt/ros/humble/lib:/usr/local/cuda-12.6/lib64 /usr/bin/cmake --install /home/jetson/projects/bishe/edge/build/bishe_detector[0m
[2.315s] [34mcolcon.colcon_core.environment[0m [1;30mLevel 1[0m checking '/home/jetson/projects/bishe/edge/install/bishe_streamer' for CMake config files
[2.317s] [34mcolcon.colcon_core.event_handler.log_command[0m [1;30mDEBUG[0m [32mInvoked command in '/home/jetson/projects/bishe/edge/build/bishe_streamer' returned '0': CMAKE_PREFIX_PATH=/home/jetson/projects/bishe/edge/install/bishe_msgs:/home/jetson/projects/bishe/edge/install/bishe_streamer:/home/jetson/projects/bishe/edge/install/bishe_monitor:/home/jetson/projects/bishe/edge/install/bishe_detector:/home/jetson/projects/bishe/edge/install/bishe_camera:/home/jetson/projects/bishe/edge/install/bishe_mqtt:/home/jetson/projects/bishe/edge/install/bishe_launch:/opt/ros/humble LD_LIBRARY_PATH=/home/jetson/projects/bishe/edge/install/bishe_msgs/lib:/home/jetson/projects/bishe/edge/install/bishe_detector/lib:/home/jetson/projects/bishe/edge/install/bishe_camera/lib:/usr/local/cuda-12.6/lib64:/opt/ros/humble/opt/rviz_ogre_vendor/lib:/opt/ros/humble/lib/aarch64-linux-gnu:/opt/ros/humble/lib:/usr/local/cuda-12.6/lib64 /usr/bin/cmake --install /home/jetson/projects/bishe/edge/build/bishe_streamer[0m
[2.318s] [34mcolcon.colcon_core.shell[0m [1;30mLevel 1[0m create_environment_hook('bishe_streamer', 'cmake_prefix_path')
[2.318s] [34mcolcon.colcon_core.shell[0m [1;30mINFO[0m Creating environment hook '/home/jetson/projects/bishe/edge/install/bishe_streamer/share/bishe_streamer/hook/cmake_prefix_path.ps1'
[2.320s] [34mcolcon.colcon_core.shell[0m [1;30mINFO[0m Creating environment descriptor '/home/jetson/projects/bishe/edge/install/bishe_streamer/share/bishe_streamer/hook/cmake_prefix_path.dsv'
[2.321s] [34mcolcon.colcon_core.shell[0m [1;30mINFO[0m Creating environment hook '/home/jetson/projects/bishe/edge/install/bishe_streamer/share/bishe_streamer/hook/cmake_prefix_path.sh'
[2.322s] [34mcolcon.colcon_core.environment[0m [1;30mLevel 1[0m checking '/home/jetson/projects/bishe/edge/install/bishe_streamer/lib'
[2.322s] [34mcolcon.colcon_core.environment[0m [1;30mLevel 1[0m checking '/home/jetson/projects/bishe/edge/install/bishe_streamer/bin'
[2.323s] [34mcolcon.colcon_core.environment[0m [1;30mLevel 1[0m checking '/home/jetson/projects/bishe/edge/install/bishe_streamer/lib/pkgconfig/bishe_streamer.pc'
[2.323s] [34mcolcon.colcon_core.environment[0m [1;30mLevel 1[0m checking '/home/jetson/projects/bishe/edge/install/bishe_streamer/lib/python3.10/site-packages'
[2.324s] [34mcolcon.colcon_core.environment[0m [1;30mLevel 1[0m checking '/home/jetson/projects/bishe/edge/install/bishe_streamer/bin'
[2.325s] [34mcolcon.colcon_core.shell[0m [1;30mINFO[0m Creating package script '/home/jetson/projects/bishe/edge/install/bishe_streamer/share/bishe_streamer/package.ps1'
[2.327s] [34mcolcon.colcon_core.shell[0m [1;30mINFO[0m Creating package descriptor '/home/jetson/projects/bishe/edge/install/bishe_streamer/share/bishe_streamer/package.dsv'
[2.329s] [34mcolcon.colcon_core.shell[0m [1;30mINFO[0m Creating package script '/home/jetson/projects/bishe/edge/install/bishe_streamer/share/bishe_streamer/package.sh'
[2.331s] [34mcolcon.colcon_core.shell[0m [1;30mINFO[0m Creating package script '/home/jetson/projects/bishe/edge/install/bishe_streamer/share/bishe_streamer/package.bash'
[2.332s] [34mcolcon.colcon_core.shell[0m [1;30mINFO[0m Creating package script '/home/jetson/projects/bishe/edge/install/bishe_streamer/share/bishe_streamer/package.zsh'
[2.334s] [34mcolcon.colcon_core.environment[0m [1;30mLevel 1[0m create_file_with_runtime_dependencies(/home/jetson/projects/bishe/edge/install/bishe_streamer/share/colcon-core/packages/bishe_streamer)
[2.335s] [34mcolcon.colcon_core.environment[0m [1;30mLevel 1[0m create_environment_scripts_only(bishe_streamer)
[2.336s] [34mcolcon.colcon_core.environment[0m [1;30mLevel 1[0m checking '/home/jetson/projects/bishe/edge/install/bishe_streamer' for CMake module files
[2.338s] [34mcolcon.colcon_core.environment[0m [1;30mLevel 1[0m checking '/home/jetson/projects/bishe/edge/install/bishe_streamer' for CMake config files
[2.339s] [34mcolcon.colcon_core.shell[0m [1;30mLevel 1[0m create_environment_hook('bishe_streamer', 'cmake_prefix_path')
[2.339s] [34mcolcon.colcon_core.shell[0m [1;30mINFO[0m Creating environment hook '/home/jetson/projects/bishe/edge/install/bishe_streamer/share/bishe_streamer/hook/cmake_prefix_path.ps1'
[2.341s] [34mcolcon.colcon_core.shell[0m [1;30mINFO[0m Creating environment descriptor '/home/jetson/projects/bishe/edge/install/bishe_streamer/share/bishe_streamer/hook/cmake_prefix_path.dsv'
[2.341s] [34mcolcon.colcon_core.shell[0m [1;30mINFO[0m Creating environment hook '/home/jetson/projects/bishe/edge/install/bishe_streamer/share/bishe_streamer/hook/cmake_prefix_path.sh'
[2.343s] [34mcolcon.colcon_core.environment[0m [1;30mLevel 1[0m checking '/home/jetson/projects/bishe/edge/install/bishe_streamer/lib'
[2.343s] [34mcolcon.colcon_core.environment[0m [1;30mLevel 1[0m checking '/home/jetson/projects/bishe/edge/install/bishe_streamer/bin'
[2.343s] [34mcolcon.colcon_core.environment[0m [1;30mLevel 1[0m checking '/home/jetson/projects/bishe/edge/install/bishe_streamer/lib/pkgconfig/bishe_streamer.pc'
[2.343s] [34mcolcon.colcon_core.environment[0m [1;30mLevel 1[0m checking '/home/jetson/projects/bishe/edge/install/bishe_streamer/lib/python3.10/site-packages'
[2.344s] [34mcolcon.colcon_core.environment[0m [1;30mLevel 1[0m checking '/home/jetson/projects/bishe/edge/install/bishe_streamer/bin'
[2.345s] [34mcolcon.colcon_core.shell[0m [1;30mINFO[0m Creating package script '/home/jetson/projects/bishe/edge/install/bishe_streamer/share/bishe_streamer/package.ps1'
[2.346s] [34mcolcon.colcon_core.shell[0m [1;30mINFO[0m Creating package descriptor '/home/jetson/projects/bishe/edge/install/bishe_streamer/share/bishe_streamer/package.dsv'
[2.347s] [34mcolcon.colcon_core.shell[0m [1;30mINFO[0m Creating package script '/home/jetson/projects/bishe/edge/install/bishe_streamer/share/bishe_streamer/package.sh'
[2.349s] [34mcolcon.colcon_core.shell[0m [1;30mINFO[0m Creating package script '/home/jetson/projects/bishe/edge/install/bishe_streamer/share/bishe_streamer/package.bash'
[2.350s] [34mcolcon.colcon_core.shell[0m [1;30mINFO[0m Creating package script '/home/jetson/projects/bishe/edge/install/bishe_streamer/share/bishe_streamer/package.zsh'
[2.351s] [34mcolcon.colcon_core.environment[0m [1;30mLevel 1[0m create_file_with_runtime_dependencies(/home/jetson/projects/bishe/edge/install/bishe_streamer/share/colcon-core/packages/bishe_streamer)
[2.354s] [34mcolcon.colcon_core.event_handler.log_command[0m [1;30mDEBUG[0m [32mInvoked command in '/home/jetson/projects/bishe/edge/build/bishe_monitor' returned '0': CMAKE_PREFIX_PATH=/home/jetson/projects/bishe/edge/install/bishe_msgs:/home/jetson/projects/bishe/edge/install/bishe_streamer:/home/jetson/projects/bishe/edge/install/bishe_monitor:/home/jetson/projects/bishe/edge/install/bishe_detector:/home/jetson/projects/bishe/edge/install/bishe_camera:/home/jetson/projects/bishe/edge/install/bishe_mqtt:/home/jetson/projects/bishe/edge/install/bishe_launch:/opt/ros/humble LD_LIBRARY_PATH=/home/jetson/projects/bishe/edge/install/bishe_msgs/lib:/home/jetson/projects/bishe/edge/install/bishe_detector/lib:/home/jetson/projects/bishe/edge/install/bishe_camera/lib:/usr/local/cuda-12.6/lib64:/opt/ros/humble/opt/rviz_ogre_vendor/lib:/opt/ros/humble/lib/aarch64-linux-gnu:/opt/ros/humble/lib:/usr/local/cuda-12.6/lib64 /usr/bin/cmake --build /home/jetson/projects/bishe/edge/build/bishe_monitor -- -j6 -l6[0m
[2.358s] [34mcolcon.colcon_core.event_handler.log_command[0m [1;30mDEBUG[0m [32mInvoking command in '/home/jetson/projects/bishe/edge/build/bishe_monitor': CMAKE_PREFIX_PATH=/home/jetson/projects/bishe/edge/install/bishe_msgs:/home/jetson/projects/bishe/edge/install/bishe_streamer:/home/jetson/projects/bishe/edge/install/bishe_monitor:/home/jetson/projects/bishe/edge/install/bishe_detector:/home/jetson/projects/bishe/edge/install/bishe_camera:/home/jetson/projects/bishe/edge/install/bishe_mqtt:/home/jetson/projects/bishe/edge/install/bishe_launch:/opt/ros/humble LD_LIBRARY_PATH=/home/jetson/projects/bishe/edge/install/bishe_msgs/lib:/home/jetson/projects/bishe/edge/install/bishe_detector/lib:/home/jetson/projects/bishe/edge/install/bishe_camera/lib:/usr/local/cuda-12.6/lib64:/opt/ros/humble/opt/rviz_ogre_vendor/lib:/opt/ros/humble/lib/aarch64-linux-gnu:/opt/ros/humble/lib:/usr/local/cuda-12.6/lib64 /usr/bin/cmake --install /home/jetson/projects/bishe/edge/build/bishe_monitor[0m
[2.359s] [34mcolcon.colcon_core.environment[0m [1;30mLevel 1[0m create_environment_scripts_only(bishe_camera)
[2.359s] [34mcolcon.colcon_core.environment[0m [1;30mLevel 1[0m checking '/home/jetson/projects/bishe/edge/install/bishe_camera' for CMake module files
[2.360s] [34mcolcon.colcon_core.event_handler.log_command[0m [1;30mDEBUG[0m [32mInvoked command in '/home/jetson/projects/bishe/edge/build/bishe_camera' returned '0': CMAKE_PREFIX_PATH=/home/jetson/projects/bishe/edge/install/bishe_msgs:/home/jetson/projects/bishe/edge/install/bishe_streamer:/home/jetson/projects/bishe/edge/install/bishe_monitor:/home/jetson/projects/bishe/edge/install/bishe_detector:/home/jetson/projects/bishe/edge/install/bishe_camera:/home/jetson/projects/bishe/edge/install/bishe_mqtt:/home/jetson/projects/bishe/edge/install/bishe_launch:/opt/ros/humble LD_LIBRARY_PATH=/home/jetson/projects/bishe/edge/install/bishe_msgs/lib:/home/jetson/projects/bishe/edge/install/bishe_detector/lib:/home/jetson/projects/bishe/edge/install/bishe_camera/lib:/usr/local/cuda-12.6/lib64:/opt/ros/humble/opt/rviz_ogre_vendor/lib:/opt/ros/humble/lib/aarch64-linux-gnu:/opt/ros/humble/lib:/usr/local/cuda-12.6/lib64 /usr/bin/cmake --install /home/jetson/projects/bishe/edge/build/bishe_camera[0m
[2.361s] [34mcolcon.colcon_core.environment[0m [1;30mLevel 1[0m checking '/home/jetson/projects/bishe/edge/install/bishe_camera' for CMake config files
[2.362s] [34mcolcon.colcon_core.shell[0m [1;30mLevel 1[0m create_environment_hook('bishe_camera', 'cmake_prefix_path')
[2.362s] [34mcolcon.colcon_core.shell[0m [1;30mINFO[0m Creating environment hook '/home/jetson/projects/bishe/edge/install/bishe_camera/share/bishe_camera/hook/cmake_prefix_path.ps1'
[2.363s] [34mcolcon.colcon_core.shell[0m [1;30mINFO[0m Creating environment descriptor '/home/jetson/projects/bishe/edge/install/bishe_camera/share/bishe_camera/hook/cmake_prefix_path.dsv'
[2.364s] [34mcolcon.colcon_core.shell[0m [1;30mINFO[0m Creating environment hook '/home/jetson/projects/bishe/edge/install/bishe_camera/share/bishe_camera/hook/cmake_prefix_path.sh'
[2.365s] [34mcolcon.colcon_core.environment[0m [1;30mLevel 1[0m checking '/home/jetson/projects/bishe/edge/install/bishe_camera/lib'
[2.365s] [34mcolcon.colcon_core.shell[0m [1;30mLevel 1[0m create_environment_hook('bishe_camera', 'ld_library_path_lib')
[2.366s] [34mcolcon.colcon_core.shell[0m [1;30mINFO[0m Creating environment hook '/home/jetson/projects/bishe/edge/install/bishe_camera/share/bishe_camera/hook/ld_library_path_lib.ps1'
[2.366s] [34mcolcon.colcon_core.shell[0m [1;30mINFO[0m Creating environment descriptor '/home/jetson/projects/bishe/edge/install/bishe_camera/share/bishe_camera/hook/ld_library_path_lib.dsv'
[2.367s] [34mcolcon.colcon_core.shell[0m [1;30mINFO[0m Creating environment hook '/home/jetson/projects/bishe/edge/install/bishe_camera/share/bishe_camera/hook/ld_library_path_lib.sh'
[2.368s] [34mcolcon.colcon_core.environment[0m [1;30mLevel 1[0m checking '/home/jetson/projects/bishe/edge/install/bishe_camera/bin'
[2.368s] [34mcolcon.colcon_core.environment[0m [1;30mLevel 1[0m checking '/home/jetson/projects/bishe/edge/install/bishe_camera/lib/pkgconfig/bishe_camera.pc'
[2.368s] [34mcolcon.colcon_core.environment[0m [1;30mLevel 1[0m checking '/home/jetson/projects/bishe/edge/install/bishe_camera/lib/python3.10/site-packages'
[2.369s] [34mcolcon.colcon_core.environment[0m [1;30mLevel 1[0m checking '/home/jetson/projects/bishe/edge/install/bishe_camera/bin'
[2.370s] [34mcolcon.colcon_core.shell[0m [1;30mINFO[0m Creating package script '/home/jetson/projects/bishe/edge/install/bishe_camera/share/bishe_camera/package.ps1'
[2.371s] [34mcolcon.colcon_core.shell[0m [1;30mINFO[0m Creating package descriptor '/home/jetson/projects/bishe/edge/install/bishe_camera/share/bishe_camera/package.dsv'
[2.372s] [34mcolcon.colcon_core.shell[0m [1;30mINFO[0m Creating package script '/home/jetson/projects/bishe/edge/install/bishe_camera/share/bishe_camera/package.sh'
[2.372s] [34mcolcon.colcon_core.shell[0m [1;30mINFO[0m Creating package script '/home/jetson/projects/bishe/edge/install/bishe_camera/share/bishe_camera/package.bash'
[2.373s] [34mcolcon.colcon_core.shell[0m [1;30mINFO[0m Creating package script '/home/jetson/projects/bishe/edge/install/bishe_camera/share/bishe_camera/package.zsh'
[2.374s] [34mcolcon.colcon_core.environment[0m [1;30mLevel 1[0m create_file_with_runtime_dependencies(/home/jetson/projects/bishe/edge/install/bishe_camera/share/colcon-core/packages/bishe_camera)
[2.376s] [34mcolcon.colcon_core.environment[0m [1;30mLevel 1[0m create_environment_scripts_only(bishe_camera)
[2.376s] [34mcolcon.colcon_core.environment[0m [1;30mLevel 1[0m checking '/home/jetson/projects/bishe/edge/install/bishe_camera' for CMake module files
[2.378s] [34mcolcon.colcon_core.environment[0m [1;30mLevel 1[0m checking '/home/jetson/projects/bishe/edge/install/bishe_camera' for CMake config files
[2.379s] [34mcolcon.colcon_core.shell[0m [1;30mLevel 1[0m create_environment_hook('bishe_camera', 'cmake_prefix_path')
[2.379s] [34mcolcon.colcon_core.shell[0m [1;30mINFO[0m Creating environment hook '/home/jetson/projects/bishe/edge/install/bishe_camera/share/bishe_camera/hook/cmake_prefix_path.ps1'
[2.381s] [34mcolcon.colcon_core.shell[0m [1;30mINFO[0m Creating environment descriptor '/home/jetson/projects/bishe/edge/install/bishe_camera/share/bishe_camera/hook/cmake_prefix_path.dsv'
[2.382s] [34mcolcon.colcon_core.shell[0m [1;30mINFO[0m Creating environment hook '/home/jetson/projects/bishe/edge/install/bishe_camera/share/bishe_camera/hook/cmake_prefix_path.sh'
[2.384s] [34mcolcon.colcon_core.environment[0m [1;30mLevel 1[0m checking '/home/jetson/projects/bishe/edge/install/bishe_camera/lib'
[2.384s] [34mcolcon.colcon_core.shell[0m [1;30mLevel 1[0m create_environment_hook('bishe_camera', 'ld_library_path_lib')
[2.384s] [34mcolcon.colcon_core.shell[0m [1;30mINFO[0m Creating environment hook '/home/jetson/projects/bishe/edge/install/bishe_camera/share/bishe_camera/hook/ld_library_path_lib.ps1'
[2.385s] [34mcolcon.colcon_core.shell[0m [1;30mINFO[0m Creating environment descriptor '/home/jetson/projects/bishe/edge/install/bishe_camera/share/bishe_camera/hook/ld_library_path_lib.dsv'
[2.386s] [34mcolcon.colcon_core.shell[0m [1;30mINFO[0m Creating environment hook '/home/jetson/projects/bishe/edge/install/bishe_camera/share/bishe_camera/hook/ld_library_path_lib.sh'
[2.386s] [34mcolcon.colcon_core.environment[0m [1;30mLevel 1[0m checking '/home/jetson/projects/bishe/edge/install/bishe_camera/bin'
[2.386s] [34mcolcon.colcon_core.environment[0m [1;30mLevel 1[0m checking '/home/jetson/projects/bishe/edge/install/bishe_camera/lib/pkgconfig/bishe_camera.pc'
[2.387s] [34mcolcon.colcon_core.environment[0m [1;30mLevel 1[0m checking '/home/jetson/projects/bishe/edge/install/bishe_camera/lib/python3.10/site-packages'
[2.388s] [34mcolcon.colcon_core.environment[0m [1;30mLevel 1[0m checking '/home/jetson/projects/bishe/edge/install/bishe_camera/bin'
[2.388s] [34mcolcon.colcon_core.shell[0m [1;30mINFO[0m Creating package script '/home/jetson/projects/bishe/edge/install/bishe_camera/share/bishe_camera/package.ps1'
[2.389s] [34mcolcon.colcon_core.shell[0m [1;30mINFO[0m Creating package descriptor '/home/jetson/projects/bishe/edge/install/bishe_camera/share/bishe_camera/package.dsv'
[2.390s] [34mcolcon.colcon_core.shell[0m [1;30mINFO[0m Creating package script '/home/jetson/projects/bishe/edge/install/bishe_camera/share/bishe_camera/package.sh'
[2.391s] [34mcolcon.colcon_core.shell[0m [1;30mINFO[0m Creating package script '/home/jetson/projects/bishe/edge/install/bishe_camera/share/bishe_camera/package.bash'
[2.392s] [34mcolcon.colcon_core.shell[0m [1;30mINFO[0m Creating package script '/home/jetson/projects/bishe/edge/install/bishe_camera/share/bishe_camera/package.zsh'
[2.393s] [34mcolcon.colcon_core.environment[0m [1;30mLevel 1[0m create_file_with_runtime_dependencies(/home/jetson/projects/bishe/edge/install/bishe_camera/share/colcon-core/packages/bishe_camera)
[2.393s] [34mcolcon.colcon_core.environment[0m [1;30mLevel 1[0m create_environment_scripts_only(bishe_detector)
[2.394s] [34mcolcon.colcon_core.environment[0m [1;30mLevel 1[0m checking '/home/jetson/projects/bishe/edge/install/bishe_detector' for CMake module files
[2.396s] [34mcolcon.colcon_core.event_handler.log_command[0m [1;30mDEBUG[0m [32mInvoked command in '/home/jetson/projects/bishe/edge/build/bishe_detector' returned '0': CMAKE_PREFIX_PATH=/home/jetson/projects/bishe/edge/install/bishe_msgs:/home/jetson/projects/bishe/edge/install/bishe_streamer:/home/jetson/projects/bishe/edge/install/bishe_monitor:/home/jetson/projects/bishe/edge/install/bishe_detector:/home/jetson/projects/bishe/edge/install/bishe_camera:/home/jetson/projects/bishe/edge/install/bishe_mqtt:/home/jetson/projects/bishe/edge/install/bishe_launch:/opt/ros/humble LD_LIBRARY_PATH=/home/jetson/projects/bishe/edge/install/bishe_msgs/lib:/home/jetson/projects/bishe/edge/install/bishe_detector/lib:/home/jetson/projects/bishe/edge/install/bishe_camera/lib:/usr/local/cuda-12.6/lib64:/opt/ros/humble/opt/rviz_ogre_vendor/lib:/opt/ros/humble/lib/aarch64-linux-gnu:/opt/ros/humble/lib:/usr/local/cuda-12.6/lib64 /usr/bin/cmake --install /home/jetson/projects/bishe/edge/build/bishe_detector[0m
[2.396s] [34mcolcon.colcon_core.environment[0m [1;30mLevel 1[0m checking '/home/jetson/projects/bishe/edge/install/bishe_detector' for CMake config files
[2.397s] [34mcolcon.colcon_core.shell[0m [1;30mLevel 1[0m create_environment_hook('bishe_detector', 'cmake_prefix_path')
[2.397s] [34mcolcon.colcon_core.shell[0m [1;30mINFO[0m Creating environment hook '/home/jetson/projects/bishe/edge/install/bishe_detector/share/bishe_detector/hook/cmake_prefix_path.ps1'
[2.398s] [34mcolcon.colcon_core.shell[0m [1;30mINFO[0m Creating environment descriptor '/home/jetson/projects/bishe/edge/install/bishe_detector/share/bishe_detector/hook/cmake_prefix_path.dsv'
[2.400s] [34mcolcon.colcon_core.shell[0m [1;30mINFO[0m Creating environment hook '/home/jetson/projects/bishe/edge/install/bishe_detector/share/bishe_detector/hook/cmake_prefix_path.sh'
[2.401s] [34mcolcon.colcon_core.environment[0m [1;30mLevel 1[0m checking '/home/jetson/projects/bishe/edge/install/bishe_detector/lib'
[2.401s] [34mcolcon.colcon_core.shell[0m [1;30mLevel 1[0m create_environment_hook('bishe_detector', 'ld_library_path_lib')
[2.402s] [34mcolcon.colcon_core.shell[0m [1;30mINFO[0m Creating environment hook '/home/jetson/projects/bishe/edge/install/bishe_detector/share/bishe_detector/hook/ld_library_path_lib.ps1'
[2.403s] [34mcolcon.colcon_core.shell[0m [1;30mINFO[0m Creating environment descriptor '/home/jetson/projects/bishe/edge/install/bishe_detector/share/bishe_detector/hook/ld_library_path_lib.dsv'
[2.403s] [34mcolcon.colcon_core.shell[0m [1;30mINFO[0m Creating environment hook '/home/jetson/projects/bishe/edge/install/bishe_detector/share/bishe_detector/hook/ld_library_path_lib.sh'
[2.404s] [34mcolcon.colcon_core.environment[0m [1;30mLevel 1[0m checking '/home/jetson/projects/bishe/edge/install/bishe_detector/bin'
[2.404s] [34mcolcon.colcon_core.environment[0m [1;30mLevel 1[0m checking '/home/jetson/projects/bishe/edge/install/bishe_detector/lib/pkgconfig/bishe_detector.pc'
[2.405s] [34mcolcon.colcon_core.environment[0m [1;30mLevel 1[0m checking '/home/jetson/projects/bishe/edge/install/bishe_detector/lib/python3.10/site-packages'
[2.405s] [34mcolcon.colcon_core.environment[0m [1;30mLevel 1[0m checking '/home/jetson/projects/bishe/edge/install/bishe_detector/bin'
[2.406s] [34mcolcon.colcon_core.shell[0m [1;30mINFO[0m Creating package script '/home/jetson/projects/bishe/edge/install/bishe_detector/share/bishe_detector/package.ps1'
[2.407s] [34mcolcon.colcon_core.shell[0m [1;30mINFO[0m Creating package descriptor '/home/jetson/projects/bishe/edge/install/bishe_detector/share/bishe_detector/package.dsv'
[2.408s] [34mcolcon.colcon_core.shell[0m [1;30mINFO[0m Creating package script '/home/jetson/projects/bishe/edge/install/bishe_detector/share/bishe_detector/package.sh'
[2.408s] [34mcolcon.colcon_core.shell[0m [1;30mINFO[0m Creating package script '/home/jetson/projects/bishe/edge/install/bishe_detector/share/bishe_detector/package.bash'
[2.409s] [34mcolcon.colcon_core.shell[0m [1;30mINFO[0m Creating package script '/home/jetson/projects/bishe/edge/install/bishe_detector/share/bishe_detector/package.zsh'
[2.410s] [34mcolcon.colcon_core.environment[0m [1;30mLevel 1[0m create_file_with_runtime_dependencies(/home/jetson/projects/bishe/edge/install/bishe_detector/share/colcon-core/packages/bishe_detector)
[2.411s] [34mcolcon.colcon_core.environment[0m [1;30mLevel 1[0m create_environment_scripts_only(bishe_detector)
[2.411s] [34mcolcon.colcon_core.environment[0m [1;30mLevel 1[0m checking '/home/jetson/projects/bishe/edge/install/bishe_detector' for CMake module files
[2.412s] [34mcolcon.colcon_core.environment[0m [1;30mLevel 1[0m checking '/home/jetson/projects/bishe/edge/install/bishe_detector' for CMake config files
[2.413s] [34mcolcon.colcon_core.shell[0m [1;30mLevel 1[0m create_environment_hook('bishe_detector', 'cmake_prefix_path')
[2.413s] [34mcolcon.colcon_core.shell[0m [1;30mINFO[0m Creating environment hook '/home/jetson/projects/bishe/edge/install/bishe_detector/share/bishe_detector/hook/cmake_prefix_path.ps1'
[2.414s] [34mcolcon.colcon_core.shell[0m [1;30mINFO[0m Creating environment descriptor '/home/jetson/projects/bishe/edge/install/bishe_detector/share/bishe_detector/hook/cmake_prefix_path.dsv'
[2.415s] [34mcolcon.colcon_core.shell[0m [1;30mINFO[0m Creating environment hook '/home/jetson/projects/bishe/edge/install/bishe_detector/share/bishe_detector/hook/cmake_prefix_path.sh'
[2.416s] [34mcolcon.colcon_core.environment[0m [1;30mLevel 1[0m checking '/home/jetson/projects/bishe/edge/install/bishe_detector/lib'
[2.416s] [34mcolcon.colcon_core.shell[0m [1;30mLevel 1[0m create_environment_hook('bishe_detector', 'ld_library_path_lib')
[2.416s] [34mcolcon.colcon_core.shell[0m [1;30mINFO[0m Creating environment hook '/home/jetson/projects/bishe/edge/install/bishe_detector/share/bishe_detector/hook/ld_library_path_lib.ps1'
[2.417s] [34mcolcon.colcon_core.shell[0m [1;30mINFO[0m Creating environment descriptor '/home/jetson/projects/bishe/edge/install/bishe_detector/share/bishe_detector/hook/ld_library_path_lib.dsv'
[2.418s] [34mcolcon.colcon_core.shell[0m [1;30mINFO[0m Creating environment hook '/home/jetson/projects/bishe/edge/install/bishe_detector/share/bishe_detector/hook/ld_library_path_lib.sh'
[2.419s] [34mcolcon.colcon_core.environment[0m [1;30mLevel 1[0m checking '/home/jetson/projects/bishe/edge/install/bishe_detector/bin'
[2.419s] [34mcolcon.colcon_core.environment[0m [1;30mLevel 1[0m checking '/home/jetson/projects/bishe/edge/install/bishe_detector/lib/pkgconfig/bishe_detector.pc'
[2.420s] [34mcolcon.colcon_core.environment[0m [1;30mLevel 1[0m checking '/home/jetson/projects/bishe/edge/install/bishe_detector/lib/python3.10/site-packages'
[2.420s] [34mcolcon.colcon_core.environment[0m [1;30mLevel 1[0m checking '/home/jetson/projects/bishe/edge/install/bishe_detector/bin'
[2.421s] [34mcolcon.colcon_core.shell[0m [1;30mINFO[0m Creating package script '/home/jetson/projects/bishe/edge/install/bishe_detector/share/bishe_detector/package.ps1'
[2.422s] [34mcolcon.colcon_core.shell[0m [1;30mINFO[0m Creating package descriptor '/home/jetson/projects/bishe/edge/install/bishe_detector/share/bishe_detector/package.dsv'
[2.423s] [34mcolcon.colcon_core.shell[0m [1;30mINFO[0m Creating package script '/home/jetson/projects/bishe/edge/install/bishe_detector/share/bishe_detector/package.sh'
[2.424s] [34mcolcon.colcon_core.shell[0m [1;30mINFO[0m Creating package script '/home/jetson/projects/bishe/edge/install/bishe_detector/share/bishe_detector/package.bash'
[2.424s] [34mcolcon.colcon_core.shell[0m [1;30mINFO[0m Creating package script '/home/jetson/projects/bishe/edge/install/bishe_detector/share/bishe_detector/package.zsh'
[2.425s] [34mcolcon.colcon_core.environment[0m [1;30mLevel 1[0m create_file_with_runtime_dependencies(/home/jetson/projects/bishe/edge/install/bishe_detector/share/colcon-core/packages/bishe_detector)
[2.427s] [34mcolcon.colcon_core.environment[0m [1;30mLevel 1[0m create_environment_scripts_only(bishe_monitor)
[2.428s] [34mcolcon.colcon_core.environment[0m [1;30mLevel 1[0m checking '/home/jetson/projects/bishe/edge/install/bishe_monitor' for CMake module files
[2.429s] [34mcolcon.colcon_core.event_handler.log_command[0m [1;30mDEBUG[0m [32mInvoked command in '/home/jetson/projects/bishe/edge/build/bishe_monitor' returned '0': CMAKE_PREFIX_PATH=/home/jetson/projects/bishe/edge/install/bishe_msgs:/home/jetson/projects/bishe/edge/install/bishe_streamer:/home/jetson/projects/bishe/edge/install/bishe_monitor:/home/jetson/projects/bishe/edge/install/bishe_detector:/home/jetson/projects/bishe/edge/install/bishe_camera:/home/jetson/projects/bishe/edge/install/bishe_mqtt:/home/jetson/projects/bishe/edge/install/bishe_launch:/opt/ros/humble LD_LIBRARY_PATH=/home/jetson/projects/bishe/edge/install/bishe_msgs/lib:/home/jetson/projects/bishe/edge/install/bishe_detector/lib:/home/jetson/projects/bishe/edge/install/bishe_camera/lib:/usr/local/cuda-12.6/lib64:/opt/ros/humble/opt/rviz_ogre_vendor/lib:/opt/ros/humble/lib/aarch64-linux-gnu:/opt/ros/humble/lib:/usr/local/cuda-12.6/lib64 /usr/bin/cmake --install /home/jetson/projects/bishe/edge/build/bishe_monitor[0m
[2.430s] [34mcolcon.colcon_core.environment[0m [1;30mLevel 1[0m checking '/home/jetson/projects/bishe/edge/install/bishe_monitor' for CMake config files
[2.430s] [34mcolcon.colcon_core.shell[0m [1;30mLevel 1[0m create_environment_hook('bishe_monitor', 'cmake_prefix_path')
[2.431s] [34mcolcon.colcon_core.shell[0m [1;30mINFO[0m Creating environment hook '/home/jetson/projects/bishe/edge/install/bishe_monitor/share/bishe_monitor/hook/cmake_prefix_path.ps1'
[2.432s] [34mcolcon.colcon_core.shell[0m [1;30mINFO[0m Creating environment descriptor '/home/jetson/projects/bishe/edge/install/bishe_monitor/share/bishe_monitor/hook/cmake_prefix_path.dsv'
[2.432s] [34mcolcon.colcon_core.shell[0m [1;30mINFO[0m Creating environment hook '/home/jetson/projects/bishe/edge/install/bishe_monitor/share/bishe_monitor/hook/cmake_prefix_path.sh'
[2.434s] [34mcolcon.colcon_core.environment[0m [1;30mLevel 1[0m checking '/home/jetson/projects/bishe/edge/install/bishe_monitor/lib'
[2.434s] [34mcolcon.colcon_core.environment[0m [1;30mLevel 1[0m checking '/home/jetson/projects/bishe/edge/install/bishe_monitor/bin'
[2.434s] [34mcolcon.colcon_core.environment[0m [1;30mLevel 1[0m checking '/home/jetson/projects/bishe/edge/install/bishe_monitor/lib/pkgconfig/bishe_monitor.pc'
[2.434s] [34mcolcon.colcon_core.environment[0m [1;30mLevel 1[0m checking '/home/jetson/projects/bishe/edge/install/bishe_monitor/lib/python3.10/site-packages'
[2.435s] [34mcolcon.colcon_core.environment[0m [1;30mLevel 1[0m checking '/home/jetson/projects/bishe/edge/install/bishe_monitor/bin'
[2.435s] [34mcolcon.colcon_core.shell[0m [1;30mINFO[0m Creating package script '/home/jetson/projects/bishe/edge/install/bishe_monitor/share/bishe_monitor/package.ps1'
[2.437s] [34mcolcon.colcon_core.shell[0m [1;30mINFO[0m Creating package descriptor '/home/jetson/projects/bishe/edge/install/bishe_monitor/share/bishe_monitor/package.dsv'
[2.437s] [34mcolcon.colcon_core.shell[0m [1;30mINFO[0m Creating package script '/home/jetson/projects/bishe/edge/install/bishe_monitor/share/bishe_monitor/package.sh'
[2.438s] [34mcolcon.colcon_core.shell[0m [1;30mINFO[0m Creating package script '/home/jetson/projects/bishe/edge/install/bishe_monitor/share/bishe_monitor/package.bash'
[2.439s] [34mcolcon.colcon_core.shell[0m [1;30mINFO[0m Creating package script '/home/jetson/projects/bishe/edge/install/bishe_monitor/share/bishe_monitor/package.zsh'
[2.439s] [34mcolcon.colcon_core.environment[0m [1;30mLevel 1[0m create_file_with_runtime_dependencies(/home/jetson/projects/bishe/edge/install/bishe_monitor/share/colcon-core/packages/bishe_monitor)
[2.440s] [34mcolcon.colcon_core.environment[0m [1;30mLevel 1[0m create_environment_scripts_only(bishe_monitor)
[2.441s] [34mcolcon.colcon_core.environment[0m [1;30mLevel 1[0m checking '/home/jetson/projects/bishe/edge/install/bishe_monitor' for CMake module files
[2.442s] [34mcolcon.colcon_core.environment[0m [1;30mLevel 1[0m checking '/home/jetson/projects/bishe/edge/install/bishe_monitor' for CMake config files
[2.443s] [34mcolcon.colcon_core.shell[0m [1;30mLevel 1[0m create_environment_hook('bishe_monitor', 'cmake_prefix_path')
[2.443s] [34mcolcon.colcon_core.shell[0m [1;30mINFO[0m Creating environment hook '/home/jetson/projects/bishe/edge/install/bishe_monitor/share/bishe_monitor/hook/cmake_prefix_path.ps1'
[2.444s] [34mcolcon.colcon_core.shell[0m [1;30mINFO[0m Creating environment descriptor '/home/jetson/projects/bishe/edge/install/bishe_monitor/share/bishe_monitor/hook/cmake_prefix_path.dsv'
[2.444s] [34mcolcon.colcon_core.shell[0m [1;30mINFO[0m Creating environment hook '/home/jetson/projects/bishe/edge/install/bishe_monitor/share/bishe_monitor/hook/cmake_prefix_path.sh'
[2.445s] [34mcolcon.colcon_core.environment[0m [1;30mLevel 1[0m checking '/home/jetson/projects/bishe/edge/install/bishe_monitor/lib'
[2.446s] [34mcolcon.colcon_core.environment[0m [1;30mLevel 1[0m checking '/home/jetson/projects/bishe/edge/install/bishe_monitor/bin'
[2.446s] [34mcolcon.colcon_core.environment[0m [1;30mLevel 1[0m checking '/home/jetson/projects/bishe/edge/install/bishe_monitor/lib/pkgconfig/bishe_monitor.pc'
[2.446s] [34mcolcon.colcon_core.environment[0m [1;30mLevel 1[0m checking '/home/jetson/projects/bishe/edge/install/bishe_monitor/lib/python3.10/site-packages'
[2.447s] [34mcolcon.colcon_core.environment[0m [1;30mLevel 1[0m checking '/home/jetson/projects/bishe/edge/install/bishe_monitor/bin'
[2.447s] [34mcolcon.colcon_core.shell[0m [1;30mINFO[0m Creating package script '/home/jetson/projects/bishe/edge/install/bishe_monitor/share/bishe_monitor/package.ps1'
[2.448s] [34mcolcon.colcon_core.shell[0m [1;30mINFO[0m Creating package descriptor '/home/jetson/projects/bishe/edge/install/bishe_monitor/share/bishe_monitor/package.dsv'
[2.449s] [34mcolcon.colcon_core.shell[0m [1;30mINFO[0m Creating package script '/home/jetson/projects/bishe/edge/install/bishe_monitor/share/bishe_monitor/package.sh'
[2.450s] [34mcolcon.colcon_core.shell[0m [1;30mINFO[0m Creating package script '/home/jetson/projects/bishe/edge/install/bishe_monitor/share/bishe_monitor/package.bash'
[2.451s] [34mcolcon.colcon_core.shell[0m [1;30mINFO[0m Creating package script '/home/jetson/projects/bishe/edge/install/bishe_monitor/share/bishe_monitor/package.zsh'
[2.451s] [34mcolcon.colcon_core.environment[0m [1;30mLevel 1[0m create_file_with_runtime_dependencies(/home/jetson/projects/bishe/edge/install/bishe_monitor/share/colcon-core/packages/bishe_monitor)
[2.452s] [34mcolcon.colcon_ros.task.ament_python.build[0m [1;30mINFO[0m Building ROS package in '/home/jetson/projects/bishe/edge/src/bishe_launch' with build type 'ament_python'
[2.453s] [34mcolcon.colcon_core.shell[0m [1;30mLevel 1[0m create_environment_hook('bishe_launch', 'ament_prefix_path')
[2.453s] [34mcolcon.colcon_core.shell[0m [1;30mINFO[0m Creating environment hook '/home/jetson/projects/bishe/edge/install/bishe_launch/share/bishe_launch/hook/ament_prefix_path.ps1'
[2.454s] [34mcolcon.colcon_core.shell[0m [1;30mINFO[0m Creating environment descriptor '/home/jetson/projects/bishe/edge/install/bishe_launch/share/bishe_launch/hook/ament_prefix_path.dsv'
[2.455s] [34mcolcon.colcon_core.shell[0m [1;30mINFO[0m Creating environment hook '/home/jetson/projects/bishe/edge/install/bishe_launch/share/bishe_launch/hook/ament_prefix_path.sh'
[2.456s] [34mcolcon.colcon_core.shell[0m [1;30mINFO[0m Skip shell extension 'powershell' for command environment: Not usable outside of PowerShell
[2.456s] [34mcolcon.colcon_core.shell[0m [1;30mDEBUG[0m [32mSkip shell extension 'dsv' for command environment[0m
[2.947s] [34mcolcon.colcon_core.task.python.build[0m [1;30mINFO[0m Building Python package in '/home/jetson/projects/bishe/edge/src/bishe_launch'
[2.948s] [34mcolcon.colcon_core.shell[0m [1;30mINFO[0m Skip shell extension 'powershell' for command environment: Not usable outside of PowerShell
[2.948s] [34mcolcon.colcon_core.shell[0m [1;30mDEBUG[0m [32mSkip shell extension 'dsv' for command environment[0m
[3.620s] [34mcolcon.colcon_core.event_handler.log_command[0m [1;30mDEBUG[0m [32mInvoking command in '/home/jetson/projects/bishe/edge/src/bishe_launch': LD_LIBRARY_PATH=/home/jetson/projects/bishe/edge/install/bishe_detector/lib:/home/jetson/projects/bishe/edge/install/bishe_camera/lib:/home/jetson/projects/bishe/edge/install/bishe_msgs/lib:/usr/local/cuda-12.6/lib64:/opt/ros/humble/opt/rviz_ogre_vendor/lib:/opt/ros/humble/lib/aarch64-linux-gnu:/opt/ros/humble/lib:/usr/local/cuda-12.6/lib64 PYTHONPATH=/home/jetson/projects/bishe/edge/build/bishe_launch/prefix_override:/usr/lib/python3/dist-packages/colcon_core/task/python/colcon_distutils_commands:/home/jetson/projects/bishe/edge/install/bishe_launch/lib/python3.10/site-packages:${PYTHONPATH} /usr/bin/python3 -W ignore:setup.py install is deprecated -W ignore:easy_install command is deprecated setup.py egg_info --egg-base ../../build/bishe_launch build --build-base /home/jetson/projects/bishe/edge/build/bishe_launch/build install --record /home/jetson/projects/bishe/edge/build/bishe_launch/install.log --single-version-externally-managed install_data[0m
[4.179s] [34mcolcon.colcon_core.environment[0m [1;30mLevel 1[0m checking '/home/jetson/projects/bishe/edge/install/bishe_launch' for CMake module files
[4.180s] [34mcolcon.colcon_core.event_handler.log_command[0m [1;30mDEBUG[0m [32mInvoked command in '/home/jetson/projects/bishe/edge/src/bishe_launch' returned '0': LD_LIBRARY_PATH=/home/jetson/projects/bishe/edge/install/bishe_detector/lib:/home/jetson/projects/bishe/edge/install/bishe_camera/lib:/home/jetson/projects/bishe/edge/install/bishe_msgs/lib:/usr/local/cuda-12.6/lib64:/opt/ros/humble/opt/rviz_ogre_vendor/lib:/opt/ros/humble/lib/aarch64-linux-gnu:/opt/ros/humble/lib:/usr/local/cuda-12.6/lib64 PYTHONPATH=/home/jetson/projects/bishe/edge/build/bishe_launch/prefix_override:/usr/lib/python3/dist-packages/colcon_core/task/python/colcon_distutils_commands:/home/jetson/projects/bishe/edge/install/bishe_launch/lib/python3.10/site-packages:${PYTHONPATH} /usr/bin/python3 -W ignore:setup.py install is deprecated -W ignore:easy_install command is deprecated setup.py egg_info --egg-base ../../build/bishe_launch build --build-base /home/jetson/projects/bishe/edge/build/bishe_launch/build install --record /home/jetson/projects/bishe/edge/build/bishe_launch/install.log --single-version-externally-managed install_data[0m
[4.182s] [34mcolcon.colcon_core.environment[0m [1;30mLevel 1[0m checking '/home/jetson/projects/bishe/edge/install/bishe_launch' for CMake config files
[4.184s] [34mcolcon.colcon_core.environment[0m [1;30mLevel 1[0m checking '/home/jetson/projects/bishe/edge/install/bishe_launch/lib'
[4.184s] [34mcolcon.colcon_core.environment[0m [1;30mLevel 1[0m checking '/home/jetson/projects/bishe/edge/install/bishe_launch/bin'
[4.184s] [34mcolcon.colcon_core.environment[0m [1;30mLevel 1[0m checking '/home/jetson/projects/bishe/edge/install/bishe_launch/lib/pkgconfig/bishe_launch.pc'
[4.185s] [34mcolcon.colcon_core.environment[0m [1;30mLevel 1[0m checking '/home/jetson/projects/bishe/edge/install/bishe_launch/lib/python3.10/site-packages'
[4.185s] [34mcolcon.colcon_core.shell[0m [1;30mLevel 1[0m create_environment_hook('bishe_launch', 'pythonpath')
[4.186s] [34mcolcon.colcon_core.shell[0m [1;30mINFO[0m Creating environment hook '/home/jetson/projects/bishe/edge/install/bishe_launch/share/bishe_launch/hook/pythonpath.ps1'
[4.188s] [34mcolcon.colcon_core.shell[0m [1;30mINFO[0m Creating environment descriptor '/home/jetson/projects/bishe/edge/install/bishe_launch/share/bishe_launch/hook/pythonpath.dsv'
[4.189s] [34mcolcon.colcon_core.shell[0m [1;30mINFO[0m Creating environment hook '/home/jetson/projects/bishe/edge/install/bishe_launch/share/bishe_launch/hook/pythonpath.sh'
[4.192s] [34mcolcon.colcon_core.environment[0m [1;30mLevel 1[0m checking '/home/jetson/projects/bishe/edge/install/bishe_launch/bin'
[4.193s] [34mcolcon.colcon_core.environment[0m [1;30mLevel 1[0m create_environment_scripts_only(bishe_launch)
[4.194s] [34mcolcon.colcon_core.shell[0m [1;30mINFO[0m Creating package script '/home/jetson/projects/bishe/edge/install/bishe_launch/share/bishe_launch/package.ps1'
[4.196s] [34mcolcon.colcon_core.shell[0m [1;30mINFO[0m Creating package descriptor '/home/jetson/projects/bishe/edge/install/bishe_launch/share/bishe_launch/package.dsv'
[4.198s] [34mcolcon.colcon_core.shell[0m [1;30mINFO[0m Creating package script '/home/jetson/projects/bishe/edge/install/bishe_launch/share/bishe_launch/package.sh'
[4.199s] [34mcolcon.colcon_core.shell[0m [1;30mINFO[0m Creating package script '/home/jetson/projects/bishe/edge/install/bishe_launch/share/bishe_launch/package.bash'
[4.201s] [34mcolcon.colcon_core.shell[0m [1;30mINFO[0m Creating package script '/home/jetson/projects/bishe/edge/install/bishe_launch/share/bishe_launch/package.zsh'
[4.202s] [34mcolcon.colcon_core.environment[0m [1;30mLevel 1[0m create_file_with_runtime_dependencies(/home/jetson/projects/bishe/edge/install/bishe_launch/share/colcon-core/packages/bishe_launch)
[4.204s] [34mcolcon.colcon_parallel_executor.executor.parallel[0m [1;30mDEBUG[0m [32mclosing loop[0m
[4.205s] [34mcolcon.colcon_parallel_executor.executor.parallel[0m [1;30mDEBUG[0m [32mloop closed[0m
[4.205s] [34mcolcon.colcon_parallel_executor.executor.parallel[0m [1;30mDEBUG[0m [32mrun_until_complete finished with '0'[0m
[4.205s] [34mcolcon.colcon_core.event_reactor[0m [1;30mDEBUG[0m [32mjoining thread[0m
[4.218s] [34mcolcon.colcon_core.plugin_system[0m [1;30mINFO[0m Skipping extension 'colcon_notification.desktop_notification.terminal_notifier': Not used on non-Darwin systems
[4.218s] [34mcolcon.colcon_core.plugin_system[0m [1;30mINFO[0m Skipping extension 'colcon_notification.desktop_notification.win32': Not used on non-Windows systems
[4.218s] [34mcolcon.colcon_notification.desktop_notification[0m [1;30mINFO[0m Sending desktop notification using 'notify2'
[4.250s] [34mcolcon.colcon_notification.desktop_notification.notify2[0m [1;30mDEBUG[0m [32mFailed to initialize notify2: org.freedesktop.DBus.Error.Spawn.ChildExited: Process org.freedesktop.Notifications exited with status 1[0m
[4.251s] [34mcolcon.colcon_core.event_reactor[0m [1;30mDEBUG[0m [32mjoined thread[0m
[4.252s] [34mcolcon.colcon_core.shell[0m [1;30mINFO[0m Creating prefix script '/home/jetson/projects/bishe/edge/install/local_setup.ps1'
[4.256s] [34mcolcon.colcon_core.shell[0m [1;30mINFO[0m Creating prefix util module '/home/jetson/projects/bishe/edge/install/_local_setup_util_ps1.py'
[4.264s] [34mcolcon.colcon_core.shell[0m [1;30mINFO[0m Creating prefix chain script '/home/jetson/projects/bishe/edge/install/setup.ps1'
[4.270s] [34mcolcon.colcon_core.shell[0m [1;30mINFO[0m Creating prefix script '/home/jetson/projects/bishe/edge/install/local_setup.sh'
[4.272s] [34mcolcon.colcon_core.shell[0m [1;30mINFO[0m Creating prefix util module '/home/jetson/projects/bishe/edge/install/_local_setup_util_sh.py'
[4.274s] [34mcolcon.colcon_core.shell[0m [1;30mINFO[0m Creating prefix chain script '/home/jetson/projects/bishe/edge/install/setup.sh'
[4.280s] [34mcolcon.colcon_core.shell[0m [1;30mINFO[0m Creating prefix script '/home/jetson/projects/bishe/edge/install/local_setup.bash'
[4.282s] [34mcolcon.colcon_core.shell[0m [1;30mINFO[0m Creating prefix chain script '/home/jetson/projects/bishe/edge/install/setup.bash'
[4.286s] [34mcolcon.colcon_core.shell[0m [1;30mINFO[0m Creating prefix script '/home/jetson/projects/bishe/edge/install/local_setup.zsh'
[4.287s] [34mcolcon.colcon_core.shell[0m [1;30mINFO[0m Creating prefix chain script '/home/jetson/projects/bishe/edge/install/setup.zsh'
