[0.215s] [34mcolcon[0m [1;30mDEBUG[0m [32mCommand line arguments: ['/usr/bin/colcon', 'build'][0m
[0.215s] [34mcolcon[0m [1;30mDEBUG[0m [32mParsed command line arguments: Namespace(log_base=None, log_level=None, verb_name='build', build_base='build', install_base='install', merge_install=False, symlink_install=False, test_result_base=None, continue_on_error=False, executor='parallel', parallel_workers=6, event_handlers=None, ignore_user_meta=False, metas=['./colcon.meta'], base_paths=['.'], packages_ignore=None, packages_ignore_regex=None, paths=None, packages_up_to=None, packages_up_to_regex=None, packages_above=None, packages_above_and_dependencies=None, packages_above_depth=None, packages_select_by_dep=None, packages_skip_by_dep=None, packages_skip_up_to=None, packages_select_build_failed=False, packages_skip_build_finished=False, packages_select_test_failures=False, packages_skip_test_passed=False, packages_select=None, packages_skip=None, packages_select_regex=None, packages_skip_regex=None, packages_start=None, packages_end=None, allow_overriding=[], cmake_args=None, cmake_target=None, cmake_target_skip_unavailable=False, cmake_clean_cache=False, cmake_clean_first=False, cmake_force_configure=False, ament_cmake_args=None, catkin_cmake_args=None, catkin_skip_building_tests=False, verb_parser=<colcon_defaults.argument_parser.defaults.DefaultArgumentsDecorator object at 0xffff9a30e110>, verb_extension=<colcon_core.verb.build.BuildVerb object at 0xffff9a30dbd0>, main=<bound method BuildVerb.main of <colcon_core.verb.build.BuildVerb object at 0xffff9a30dbd0>>)[0m
[0.540s] [34mcolcon.colcon_core.package_discovery[0m [1;30mLevel 1[0m discover_packages(colcon_meta) check parameters
[0.541s] [34mcolcon.colcon_core.package_discovery[0m [1;30mLevel 1[0m discover_packages(recursive) check parameters
[0.541s] [34mcolcon.colcon_core.package_discovery[0m [1;30mLevel 1[0m discover_packages(ignore) check parameters
[0.541s] [34mcolcon.colcon_core.package_discovery[0m [1;30mLevel 1[0m discover_packages(path) check parameters
[0.541s] [34mcolcon.colcon_core.package_discovery[0m [1;30mLevel 1[0m discover_packages(colcon_meta) discover
[0.541s] [34mcolcon.colcon_core.package_discovery[0m [1;30mLevel 1[0m discover_packages(recursive) discover
[0.541s] [34mcolcon.colcon_core.package_discovery[0m [1;30mINFO[0m Crawling recursively for packages in '/home/jetson/projects/bishe/edge'
[0.542s] [34mcolcon.colcon_core.package_identification[0m [1;30mLevel 1[0m _identify(.) by extensions ['ignore', 'ignore_ament_install']
[0.542s] [34mcolcon.colcon_core.package_identification[0m [1;30mLevel 1[0m _identify(.) by extension 'ignore'
[0.542s] [34mcolcon.colcon_core.package_identification[0m [1;30mLevel 1[0m _identify(.) by extension 'ignore_ament_install'
[0.542s] [34mcolcon.colcon_core.package_identification[0m [1;30mLevel 1[0m _identify(.) by extensions ['colcon_pkg']
[0.542s] [34mcolcon.colcon_core.package_identification[0m [1;30mLevel 1[0m _identify(.) by extension 'colcon_pkg'
[0.542s] [34mcolcon.colcon_core.package_identification[0m [1;30mLevel 1[0m _identify(.) by extensions ['colcon_meta']
[0.542s] [34mcolcon.colcon_core.package_identification[0m [1;30mLevel 1[0m _identify(.) by extension 'colcon_meta'
[0.542s] [34mcolcon.colcon_core.package_identification[0m [1;30mLevel 1[0m _identify(.) by extensions ['ros']
[0.542s] [34mcolcon.colcon_core.package_identification[0m [1;30mLevel 1[0m _identify(.) by extension 'ros'
[0.563s] [34mcolcon.colcon_core.package_identification[0m [1;30mLevel 1[0m _identify(.) by extensions ['cmake', 'python']
[0.563s] [34mcolcon.colcon_core.package_identification[0m [1;30mLevel 1[0m _identify(.) by extension 'cmake'
[0.564s] [34mcolcon.colcon_core.package_identification[0m [1;30mLevel 1[0m _identify(.) by extension 'python'
[0.564s] [34mcolcon.colcon_core.package_identification[0m [1;30mLevel 1[0m _identify(.) by extensions ['python_setup_py']
[0.564s] [34mcolcon.colcon_core.package_identification[0m [1;30mLevel 1[0m _identify(.) by extension 'python_setup_py'
[0.564s] [34mcolcon.colcon_core.package_identification[0m [1;30mLevel 1[0m _identify(assets) by extensions ['ignore', 'ignore_ament_install']
[0.564s] [34mcolcon.colcon_core.package_identification[0m [1;30mLevel 1[0m _identify(assets) by extension 'ignore'
[0.564s] [34mcolcon.colcon_core.package_identification[0m [1;30mLevel 1[0m _identify(assets) by extension 'ignore_ament_install'
[0.565s] [34mcolcon.colcon_core.package_identification[0m [1;30mLevel 1[0m _identify(assets) by extensions ['colcon_pkg']
[0.565s] [34mcolcon.colcon_core.package_identification[0m [1;30mLevel 1[0m _identify(assets) by extension 'colcon_pkg'
[0.565s] [34mcolcon.colcon_core.package_identification[0m [1;30mLevel 1[0m _identify(assets) by extensions ['colcon_meta']
[0.565s] [34mcolcon.colcon_core.package_identification[0m [1;30mLevel 1[0m _identify(assets) by extension 'colcon_meta'
[0.565s] [34mcolcon.colcon_core.package_identification[0m [1;30mLevel 1[0m _identify(assets) by extensions ['ros']
[0.565s] [34mcolcon.colcon_core.package_identification[0m [1;30mLevel 1[0m _identify(assets) by extension 'ros'
[0.565s] [34mcolcon.colcon_core.package_identification[0m [1;30mLevel 1[0m _identify(assets) by extensions ['cmake', 'python']
[0.565s] [34mcolcon.colcon_core.package_identification[0m [1;30mLevel 1[0m _identify(assets) by extension 'cmake'
[0.565s] [34mcolcon.colcon_core.package_identification[0m [1;30mLevel 1[0m _identify(assets) by extension 'python'
[0.565s] [34mcolcon.colcon_core.package_identification[0m [1;30mLevel 1[0m _identify(assets) by extensions ['python_setup_py']
[0.565s] [34mcolcon.colcon_core.package_identification[0m [1;30mLevel 1[0m _identify(assets) by extension 'python_setup_py'
[0.566s] [34mcolcon.colcon_core.package_identification[0m [1;30mLevel 1[0m _identify(build) by extensions ['ignore', 'ignore_ament_install']
[0.566s] [34mcolcon.colcon_core.package_identification[0m [1;30mLevel 1[0m _identify(build) by extension 'ignore'
[0.566s] [34mcolcon.colcon_core.package_identification[0m [1;30mLevel 1[0m _identify(build) ignored
[0.566s] [34mcolcon.colcon_core.package_identification[0m [1;30mLevel 1[0m _identify(docs) by extensions ['ignore', 'ignore_ament_install']
[0.566s] [34mcolcon.colcon_core.package_identification[0m [1;30mLevel 1[0m _identify(docs) by extension 'ignore'
[0.566s] [34mcolcon.colcon_core.package_identification[0m [1;30mLevel 1[0m _identify(docs) by extension 'ignore_ament_install'
[0.566s] [34mcolcon.colcon_core.package_identification[0m [1;30mLevel 1[0m _identify(docs) by extensions ['colcon_pkg']
[0.567s] [34mcolcon.colcon_core.package_identification[0m [1;30mLevel 1[0m _identify(docs) by extension 'colcon_pkg'
[0.567s] [34mcolcon.colcon_core.package_identification[0m [1;30mLevel 1[0m _identify(docs) by extensions ['colcon_meta']
[0.567s] [34mcolcon.colcon_core.package_identification[0m [1;30mLevel 1[0m _identify(docs) by extension 'colcon_meta'
[0.567s] [34mcolcon.colcon_core.package_identification[0m [1;30mLevel 1[0m _identify(docs) by extensions ['ros']
[0.567s] [34mcolcon.colcon_core.package_identification[0m [1;30mLevel 1[0m _identify(docs) by extension 'ros'
[0.567s] [34mcolcon.colcon_core.package_identification[0m [1;30mLevel 1[0m _identify(docs) by extensions ['cmake', 'python']
[0.567s] [34mcolcon.colcon_core.package_identification[0m [1;30mLevel 1[0m _identify(docs) by extension 'cmake'
[0.567s] [34mcolcon.colcon_core.package_identification[0m [1;30mLevel 1[0m _identify(docs) by extension 'python'
[0.567s] [34mcolcon.colcon_core.package_identification[0m [1;30mLevel 1[0m _identify(docs) by extensions ['python_setup_py']
[0.567s] [34mcolcon.colcon_core.package_identification[0m [1;30mLevel 1[0m _identify(docs) by extension 'python_setup_py'
[0.567s] [34mcolcon.colcon_core.package_identification[0m [1;30mLevel 1[0m _identify(docs/superpowers) by extensions ['ignore', 'ignore_ament_install']
[0.568s] [34mcolcon.colcon_core.package_identification[0m [1;30mLevel 1[0m _identify(docs/superpowers) by extension 'ignore'
[0.568s] [34mcolcon.colcon_core.package_identification[0m [1;30mLevel 1[0m _identify(docs/superpowers) by extension 'ignore_ament_install'
[0.568s] [34mcolcon.colcon_core.package_identification[0m [1;30mLevel 1[0m _identify(docs/superpowers) by extensions ['colcon_pkg']
[0.568s] [34mcolcon.colcon_core.package_identification[0m [1;30mLevel 1[0m _identify(docs/superpowers) by extension 'colcon_pkg'
[0.568s] [34mcolcon.colcon_core.package_identification[0m [1;30mLevel 1[0m _identify(docs/superpowers) by extensions ['colcon_meta']
[0.568s] [34mcolcon.colcon_core.package_identification[0m [1;30mLevel 1[0m _identify(docs/superpowers) by extension 'colcon_meta'
[0.568s] [34mcolcon.colcon_core.package_identification[0m [1;30mLevel 1[0m _identify(docs/superpowers) by extensions ['ros']
[0.568s] [34mcolcon.colcon_core.package_identification[0m [1;30mLevel 1[0m _identify(docs/superpowers) by extension 'ros'
[0.568s] [34mcolcon.colcon_core.package_identification[0m [1;30mLevel 1[0m _identify(docs/superpowers) by extensions ['cmake', 'python']
[0.568s] [34mcolcon.colcon_core.package_identification[0m [1;30mLevel 1[0m _identify(docs/superpowers) by extension 'cmake'
[0.568s] [34mcolcon.colcon_core.package_identification[0m [1;30mLevel 1[0m _identify(docs/superpowers) by extension 'python'
[0.569s] [34mcolcon.colcon_core.package_identification[0m [1;30mLevel 1[0m _identify(docs/superpowers) by extensions ['python_setup_py']
[0.569s] [34mcolcon.colcon_core.package_identification[0m [1;30mLevel 1[0m _identify(docs/superpowers) by extension 'python_setup_py'
[0.569s] [34mcolcon.colcon_core.package_identification[0m [1;30mLevel 1[0m _identify(docs/superpowers/plans) by extensions ['ignore', 'ignore_ament_install']
[0.569s] [34mcolcon.colcon_core.package_identification[0m [1;30mLevel 1[0m _identify(docs/superpowers/plans) by extension 'ignore'
[0.569s] [34mcolcon.colcon_core.package_identification[0m [1;30mLevel 1[0m _identify(docs/superpowers/plans) by extension 'ignore_ament_install'
[0.569s] [34mcolcon.colcon_core.package_identification[0m [1;30mLevel 1[0m _identify(docs/superpowers/plans) by extensions ['colcon_pkg']
[0.569s] [34mcolcon.colcon_core.package_identification[0m [1;30mLevel 1[0m _identify(docs/superpowers/plans) by extension 'colcon_pkg'
[0.569s] [34mcolcon.colcon_core.package_identification[0m [1;30mLevel 1[0m _identify(docs/superpowers/plans) by extensions ['colcon_meta']
[0.569s] [34mcolcon.colcon_core.package_identification[0m [1;30mLevel 1[0m _identify(docs/superpowers/plans) by extension 'colcon_meta'
[0.569s] [34mcolcon.colcon_core.package_identification[0m [1;30mLevel 1[0m _identify(docs/superpowers/plans) by extensions ['ros']
[0.570s] [34mcolcon.colcon_core.package_identification[0m [1;30mLevel 1[0m _identify(docs/superpowers/plans) by extension 'ros'
[0.570s] [34mcolcon.colcon_core.package_identification[0m [1;30mLevel 1[0m _identify(docs/superpowers/plans) by extensions ['cmake', 'python']
[0.570s] [34mcolcon.colcon_core.package_identification[0m [1;30mLevel 1[0m _identify(docs/superpowers/plans) by extension 'cmake'
[0.570s] [34mcolcon.colcon_core.package_identification[0m [1;30mLevel 1[0m _identify(docs/superpowers/plans) by extension 'python'
[0.570s] [34mcolcon.colcon_core.package_identification[0m [1;30mLevel 1[0m _identify(docs/superpowers/plans) by extensions ['python_setup_py']
[0.570s] [34mcolcon.colcon_core.package_identification[0m [1;30mLevel 1[0m _identify(docs/superpowers/plans) by extension 'python_setup_py'
[0.570s] [34mcolcon.colcon_core.package_identification[0m [1;30mLevel 1[0m _identify(docs/superpowers/specs) by extensions ['ignore', 'ignore_ament_install']
[0.570s] [34mcolcon.colcon_core.package_identification[0m [1;30mLevel 1[0m _identify(docs/superpowers/specs) by extension 'ignore'
[0.570s] [34mcolcon.colcon_core.package_identification[0m [1;30mLevel 1[0m _identify(docs/superpowers/specs) by extension 'ignore_ament_install'
[0.571s] [34mcolcon.colcon_core.package_identification[0m [1;30mLevel 1[0m _identify(docs/superpowers/specs) by extensions ['colcon_pkg']
[0.571s] [34mcolcon.colcon_core.package_identification[0m [1;30mLevel 1[0m _identify(docs/superpowers/specs) by extension 'colcon_pkg'
[0.571s] [34mcolcon.colcon_core.package_identification[0m [1;30mLevel 1[0m _identify(docs/superpowers/specs) by extensions ['colcon_meta']
[0.571s] [34mcolcon.colcon_core.package_identification[0m [1;30mLevel 1[0m _identify(docs/superpowers/specs) by extension 'colcon_meta'
[0.571s] [34mcolcon.colcon_core.package_identification[0m [1;30mLevel 1[0m _identify(docs/superpowers/specs) by extensions ['ros']
[0.571s] [34mcolcon.colcon_core.package_identification[0m [1;30mLevel 1[0m _identify(docs/superpowers/specs) by extension 'ros'
[0.571s] [34mcolcon.colcon_core.package_identification[0m [1;30mLevel 1[0m _identify(docs/superpowers/specs) by extensions ['cmake', 'python']
[0.571s] [34mcolcon.colcon_core.package_identification[0m [1;30mLevel 1[0m _identify(docs/superpowers/specs) by extension 'cmake'
[0.571s] [34mcolcon.colcon_core.package_identification[0m [1;30mLevel 1[0m _identify(docs/superpowers/specs) by extension 'python'
[0.571s] [34mcolcon.colcon_core.package_identification[0m [1;30mLevel 1[0m _identify(docs/superpowers/specs) by extensions ['python_setup_py']
[0.571s] [34mcolcon.colcon_core.package_identification[0m [1;30mLevel 1[0m _identify(docs/superpowers/specs) by extension 'python_setup_py'
[0.572s] [34mcolcon.colcon_core.package_identification[0m [1;30mLevel 1[0m _identify(install) by extensions ['ignore', 'ignore_ament_install']
[0.572s] [34mcolcon.colcon_core.package_identification[0m [1;30mLevel 1[0m _identify(install) by extension 'ignore'
[0.572s] [34mcolcon.colcon_core.package_identification[0m [1;30mLevel 1[0m _identify(install) ignored
[0.573s] [34mcolcon.colcon_core.package_identification[0m [1;30mLevel 1[0m _identify(log) by extensions ['ignore', 'ignore_ament_install']
[0.573s] [34mcolcon.colcon_core.package_identification[0m [1;30mLevel 1[0m _identify(log) by extension 'ignore'
[0.573s] [34mcolcon.colcon_core.package_identification[0m [1;30mLevel 1[0m _identify(log) ignored
[0.573s] [34mcolcon.colcon_core.package_identification[0m [1;30mLevel 1[0m _identify(models) by extensions ['ignore', 'ignore_ament_install']
[0.573s] [34mcolcon.colcon_core.package_identification[0m [1;30mLevel 1[0m _identify(models) by extension 'ignore'
[0.573s] [34mcolcon.colcon_core.package_identification[0m [1;30mLevel 1[0m _identify(models) by extension 'ignore_ament_install'
[0.573s] [34mcolcon.colcon_core.package_identification[0m [1;30mLevel 1[0m _identify(models) by extensions ['colcon_pkg']
[0.573s] [34mcolcon.colcon_core.package_identification[0m [1;30mLevel 1[0m _identify(models) by extension 'colcon_pkg'
[0.574s] [34mcolcon.colcon_core.package_identification[0m [1;30mLevel 1[0m _identify(models) by extensions ['colcon_meta']
[0.574s] [34mcolcon.colcon_core.package_identification[0m [1;30mLevel 1[0m _identify(models) by extension 'colcon_meta'
[0.574s] [34mcolcon.colcon_core.package_identification[0m [1;30mLevel 1[0m _identify(models) by extensions ['ros']
[0.574s] [34mcolcon.colcon_core.package_identification[0m [1;30mLevel 1[0m _identify(models) by extension 'ros'
[0.574s] [34mcolcon.colcon_core.package_identification[0m [1;30mLevel 1[0m _identify(models) by extensions ['cmake', 'python']
[0.574s] [34mcolcon.colcon_core.package_identification[0m [1;30mLevel 1[0m _identify(models) by extension 'cmake'
[0.574s] [34mcolcon.colcon_core.package_identification[0m [1;30mLevel 1[0m _identify(models) by extension 'python'
[0.574s] [34mcolcon.colcon_core.package_identification[0m [1;30mLevel 1[0m _identify(models) by extensions ['python_setup_py']
[0.574s] [34mcolcon.colcon_core.package_identification[0m [1;30mLevel 1[0m _identify(models) by extension 'python_setup_py'
[0.574s] [34mcolcon.colcon_core.package_identification[0m [1;30mLevel 1[0m _identify(models/charts) by extensions ['ignore', 'ignore_ament_install']
[0.575s] [34mcolcon.colcon_core.package_identification[0m [1;30mLevel 1[0m _identify(models/charts) by extension 'ignore'
[0.575s] [34mcolcon.colcon_core.package_identification[0m [1;30mLevel 1[0m _identify(models/charts) by extension 'ignore_ament_install'
[0.575s] [34mcolcon.colcon_core.package_identification[0m [1;30mLevel 1[0m _identify(models/charts) by extensions ['colcon_pkg']
[0.575s] [34mcolcon.colcon_core.package_identification[0m [1;30mLevel 1[0m _identify(models/charts) by extension 'colcon_pkg'
[0.575s] [34mcolcon.colcon_core.package_identification[0m [1;30mLevel 1[0m _identify(models/charts) by extensions ['colcon_meta']
[0.575s] [34mcolcon.colcon_core.package_identification[0m [1;30mLevel 1[0m _identify(models/charts) by extension 'colcon_meta'
[0.575s] [34mcolcon.colcon_core.package_identification[0m [1;30mLevel 1[0m _identify(models/charts) by extensions ['ros']
[0.575s] [34mcolcon.colcon_core.package_identification[0m [1;30mLevel 1[0m _identify(models/charts) by extension 'ros'
[0.575s] [34mcolcon.colcon_core.package_identification[0m [1;30mLevel 1[0m _identify(models/charts) by extensions ['cmake', 'python']
[0.575s] [34mcolcon.colcon_core.package_identification[0m [1;30mLevel 1[0m _identify(models/charts) by extension 'cmake'
[0.575s] [34mcolcon.colcon_core.package_identification[0m [1;30mLevel 1[0m _identify(models/charts) by extension 'python'
[0.576s] [34mcolcon.colcon_core.package_identification[0m [1;30mLevel 1[0m _identify(models/charts) by extensions ['python_setup_py']
[0.576s] [34mcolcon.colcon_core.package_identification[0m [1;30mLevel 1[0m _identify(models/charts) by extension 'python_setup_py'
[0.576s] [34mcolcon.colcon_core.package_identification[0m [1;30mLevel 1[0m _identify(src) by extensions ['ignore', 'ignore_ament_install']
[0.576s] [34mcolcon.colcon_core.package_identification[0m [1;30mLevel 1[0m _identify(src) by extension 'ignore'
[0.576s] [34mcolcon.colcon_core.package_identification[0m [1;30mLevel 1[0m _identify(src) by extension 'ignore_ament_install'
[0.576s] [34mcolcon.colcon_core.package_identification[0m [1;30mLevel 1[0m _identify(src) by extensions ['colcon_pkg']
[0.576s] [34mcolcon.colcon_core.package_identification[0m [1;30mLevel 1[0m _identify(src) by extension 'colcon_pkg'
[0.576s] [34mcolcon.colcon_core.package_identification[0m [1;30mLevel 1[0m _identify(src) by extensions ['colcon_meta']
[0.576s] [34mcolcon.colcon_core.package_identification[0m [1;30mLevel 1[0m _identify(src) by extension 'colcon_meta'
[0.576s] [34mcolcon.colcon_core.package_identification[0m [1;30mLevel 1[0m _identify(src) by extensions ['ros']
[0.576s] [34mcolcon.colcon_core.package_identification[0m [1;30mLevel 1[0m _identify(src) by extension 'ros'
[0.577s] [34mcolcon.colcon_core.package_identification[0m [1;30mLevel 1[0m _identify(src) by extensions ['cmake', 'python']
[0.577s] [34mcolcon.colcon_core.package_identification[0m [1;30mLevel 1[0m _identify(src) by extension 'cmake'
[0.577s] [34mcolcon.colcon_core.package_identification[0m [1;30mLevel 1[0m _identify(src) by extension 'python'
[0.577s] [34mcolcon.colcon_core.package_identification[0m [1;30mLevel 1[0m _identify(src) by extensions ['python_setup_py']
[0.577s] [34mcolcon.colcon_core.package_identification[0m [1;30mLevel 1[0m _identify(src) by extension 'python_setup_py'
[0.577s] [34mcolcon.colcon_core.package_identification[0m [1;30mLevel 1[0m _identify(src/bishe_camera) by extensions ['ignore', 'ignore_ament_install']
[0.577s] [34mcolcon.colcon_core.package_identification[0m [1;30mLevel 1[0m _identify(src/bishe_camera) by extension 'ignore'
[0.577s] [34mcolcon.colcon_core.package_identification[0m [1;30mLevel 1[0m _identify(src/bishe_camera) by extension 'ignore_ament_install'
[0.577s] [34mcolcon.colcon_core.package_identification[0m [1;30mLevel 1[0m _identify(src/bishe_camera) by extensions ['colcon_pkg']
[0.577s] [34mcolcon.colcon_core.package_identification[0m [1;30mLevel 1[0m _identify(src/bishe_camera) by extension 'colcon_pkg'
[0.578s] [34mcolcon.colcon_core.package_identification[0m [1;30mLevel 1[0m _identify(src/bishe_camera) by extensions ['colcon_meta']
[0.578s] [34mcolcon.colcon_core.package_identification[0m [1;30mLevel 1[0m _identify(src/bishe_camera) by extension 'colcon_meta'
[0.578s] [34mcolcon.colcon_core.package_identification[0m [1;30mLevel 1[0m _identify(src/bishe_camera) by extensions ['ros']
[0.578s] [34mcolcon.colcon_core.package_identification[0m [1;30mLevel 1[0m _identify(src/bishe_camera) by extension 'ros'
[0.586s] [34mcolcon.colcon_core.package_identification[0m [1;30mDEBUG[0m [32mPackage 'src/bishe_camera' with type 'ros.ament_cmake' and name 'bishe_camera'[0m
[0.587s] [34mcolcon.colcon_core.package_identification[0m [1;30mLevel 1[0m _identify(src/bishe_detector) by extensions ['ignore', 'ignore_ament_install']
[0.587s] [34mcolcon.colcon_core.package_identification[0m [1;30mLevel 1[0m _identify(src/bishe_detector) by extension 'ignore'
[0.587s] [34mcolcon.colcon_core.package_identification[0m [1;30mLevel 1[0m _identify(src/bishe_detector) by extension 'ignore_ament_install'
[0.587s] [34mcolcon.colcon_core.package_identification[0m [1;30mLevel 1[0m _identify(src/bishe_detector) by extensions ['colcon_pkg']
[0.587s] [34mcolcon.colcon_core.package_identification[0m [1;30mLevel 1[0m _identify(src/bishe_detector) by extension 'colcon_pkg'
[0.587s] [34mcolcon.colcon_core.package_identification[0m [1;30mLevel 1[0m _identify(src/bishe_detector) by extensions ['colcon_meta']
[0.587s] [34mcolcon.colcon_core.package_identification[0m [1;30mLevel 1[0m _identify(src/bishe_detector) by extension 'colcon_meta'
[0.587s] [34mcolcon.colcon_core.package_identification[0m [1;30mLevel 1[0m _identify(src/bishe_detector) by extensions ['ros']
[0.587s] [34mcolcon.colcon_core.package_identification[0m [1;30mLevel 1[0m _identify(src/bishe_detector) by extension 'ros'
[0.589s] [34mcolcon.colcon_core.package_identification[0m [1;30mDEBUG[0m [32mPackage 'src/bishe_detector' with type 'ros.ament_cmake' and name 'bishe_detector'[0m
[0.589s] [34mcolcon.colcon_core.package_identification[0m [1;30mLevel 1[0m _identify(src/bishe_launch) by extensions ['ignore', 'ignore_ament_install']
[0.590s] [34mcolcon.colcon_core.package_identification[0m [1;30mLevel 1[0m _identify(src/bishe_launch) by extension 'ignore'
[0.590s] [34mcolcon.colcon_core.package_identification[0m [1;30mLevel 1[0m _identify(src/bishe_launch) by extension 'ignore_ament_install'
[0.590s] [34mcolcon.colcon_core.package_identification[0m [1;30mLevel 1[0m _identify(src/bishe_launch) by extensions ['colcon_pkg']
[0.590s] [34mcolcon.colcon_core.package_identification[0m [1;30mLevel 1[0m _identify(src/bishe_launch) by extension 'colcon_pkg'
[0.590s] [34mcolcon.colcon_core.package_identification[0m [1;30mLevel 1[0m _identify(src/bishe_launch) by extensions ['colcon_meta']
[0.590s] [34mcolcon.colcon_core.package_identification[0m [1;30mLevel 1[0m _identify(src/bishe_launch) by extension 'colcon_meta'
[0.590s] [34mcolcon.colcon_core.package_identification[0m [1;30mLevel 1[0m _identify(src/bishe_launch) by extensions ['ros']
[0.590s] [34mcolcon.colcon_core.package_identification[0m [1;30mLevel 1[0m _identify(src/bishe_launch) by extension 'ros'
[0.591s] [34mcolcon.colcon_core.package_identification[0m [1;30mDEBUG[0m [32mPackage 'src/bishe_launch' with type 'ros.ament_python' and name 'bishe_launch'[0m
[0.592s] [34mcolcon.colcon_core.package_identification[0m [1;30mLevel 1[0m _identify(src/bishe_monitor) by extensions ['ignore', 'ignore_ament_install']
[0.592s] [34mcolcon.colcon_core.package_identification[0m [1;30mLevel 1[0m _identify(src/bishe_monitor) by extension 'ignore'
[0.592s] [34mcolcon.colcon_core.package_identification[0m [1;30mLevel 1[0m _identify(src/bishe_monitor) by extension 'ignore_ament_install'
[0.592s] [34mcolcon.colcon_core.package_identification[0m [1;30mLevel 1[0m _identify(src/bishe_monitor) by extensions ['colcon_pkg']
[0.592s] [34mcolcon.colcon_core.package_identification[0m [1;30mLevel 1[0m _identify(src/bishe_monitor) by extension 'colcon_pkg'
[0.592s] [34mcolcon.colcon_core.package_identification[0m [1;30mLevel 1[0m _identify(src/bishe_monitor) by extensions ['colcon_meta']
[0.592s] [34mcolcon.colcon_core.package_identification[0m [1;30mLevel 1[0m _identify(src/bishe_monitor) by extension 'colcon_meta'
[0.592s] [34mcolcon.colcon_core.package_identification[0m [1;30mLevel 1[0m _identify(src/bishe_monitor) by extensions ['ros']
[0.592s] [34mcolcon.colcon_core.package_identification[0m [1;30mLevel 1[0m _identify(src/bishe_monitor) by extension 'ros'
[0.594s] [34mcolcon.colcon_core.package_identification[0m [1;30mDEBUG[0m [32mPackage 'src/bishe_monitor' with type 'ros.ament_cmake' and name 'bishe_monitor'[0m
[0.594s] [34mcolcon.colcon_core.package_identification[0m [1;30mLevel 1[0m _identify(src/bishe_mqtt) by extensions ['ignore', 'ignore_ament_install']
[0.594s] [34mcolcon.colcon_core.package_identification[0m [1;30mLevel 1[0m _identify(src/bishe_mqtt) by extension 'ignore'
[0.594s] [34mcolcon.colcon_core.package_identification[0m [1;30mLevel 1[0m _identify(src/bishe_mqtt) by extension 'ignore_ament_install'
[0.594s] [34mcolcon.colcon_core.package_identification[0m [1;30mLevel 1[0m _identify(src/bishe_mqtt) by extensions ['colcon_pkg']
[0.595s] [34mcolcon.colcon_core.package_identification[0m [1;30mLevel 1[0m _identify(src/bishe_mqtt) by extension 'colcon_pkg'
[0.595s] [34mcolcon.colcon_core.package_identification[0m [1;30mLevel 1[0m _identify(src/bishe_mqtt) by extensions ['colcon_meta']
[0.595s] [34mcolcon.colcon_core.package_identification[0m [1;30mLevel 1[0m _identify(src/bishe_mqtt) by extension 'colcon_meta'
[0.595s] [34mcolcon.colcon_core.package_identification[0m [1;30mLevel 1[0m _identify(src/bishe_mqtt) by extensions ['ros']
[0.595s] [34mcolcon.colcon_core.package_identification[0m [1;30mLevel 1[0m _identify(src/bishe_mqtt) by extension 'ros'
[0.597s] [34mcolcon.colcon_core.package_identification[0m [1;30mDEBUG[0m [32mPackage 'src/bishe_mqtt' with type 'ros.ament_cmake' and name 'bishe_mqtt'[0m
[0.597s] [34mcolcon.colcon_core.package_identification[0m [1;30mLevel 1[0m _identify(src/bishe_msgs) by extensions ['ignore', 'ignore_ament_install']
[0.597s] [34mcolcon.colcon_core.package_identification[0m [1;30mLevel 1[0m _identify(src/bishe_msgs) by extension 'ignore'
[0.597s] [34mcolcon.colcon_core.package_identification[0m [1;30mLevel 1[0m _identify(src/bishe_msgs) by extension 'ignore_ament_install'
[0.597s] [34mcolcon.colcon_core.package_identification[0m [1;30mLevel 1[0m _identify(src/bishe_msgs) by extensions ['colcon_pkg']
[0.597s] [34mcolcon.colcon_core.package_identification[0m [1;30mLevel 1[0m _identify(src/bishe_msgs) by extension 'colcon_pkg'
[0.597s] [34mcolcon.colcon_core.package_identification[0m [1;30mLevel 1[0m _identify(src/bishe_msgs) by extensions ['colcon_meta']
[0.598s] [34mcolcon.colcon_core.package_identification[0m [1;30mLevel 1[0m _identify(src/bishe_msgs) by extension 'colcon_meta'
[0.598s] [34mcolcon.colcon_core.package_identification[0m [1;30mLevel 1[0m _identify(src/bishe_msgs) by extensions ['ros']
[0.598s] [34mcolcon.colcon_core.package_identification[0m [1;30mLevel 1[0m _identify(src/bishe_msgs) by extension 'ros'
[0.599s] [34mcolcon.colcon_core.package_identification[0m [1;30mDEBUG[0m [32mPackage 'src/bishe_msgs' with type 'ros.ament_cmake' and name 'bishe_msgs'[0m
[0.599s] [34mcolcon.colcon_core.package_identification[0m [1;30mLevel 1[0m _identify(src/bishe_streamer) by extensions ['ignore', 'ignore_ament_install']
[0.600s] [34mcolcon.colcon_core.package_identification[0m [1;30mLevel 1[0m _identify(src/bishe_streamer) by extension 'ignore'
[0.600s] [34mcolcon.colcon_core.package_identification[0m [1;30mLevel 1[0m _identify(src/bishe_streamer) by extension 'ignore_ament_install'
[0.600s] [34mcolcon.colcon_core.package_identification[0m [1;30mLevel 1[0m _identify(src/bishe_streamer) by extensions ['colcon_pkg']
[0.600s] [34mcolcon.colcon_core.package_identification[0m [1;30mLevel 1[0m _identify(src/bishe_streamer) by extension 'colcon_pkg'
[0.600s] [34mcolcon.colcon_core.package_identification[0m [1;30mLevel 1[0m _identify(src/bishe_streamer) by extensions ['colcon_meta']
[0.600s] [34mcolcon.colcon_core.package_identification[0m [1;30mLevel 1[0m _identify(src/bishe_streamer) by extension 'colcon_meta'
[0.600s] [34mcolcon.colcon_core.package_identification[0m [1;30mLevel 1[0m _identify(src/bishe_streamer) by extensions ['ros']
[0.600s] [34mcolcon.colcon_core.package_identification[0m [1;30mLevel 1[0m _identify(src/bishe_streamer) by extension 'ros'
[0.602s] [34mcolcon.colcon_core.package_identification[0m [1;30mDEBUG[0m [32mPackage 'src/bishe_streamer' with type 'ros.ament_cmake' and name 'bishe_streamer'[0m
[0.602s] [34mcolcon.colcon_core.package_identification[0m [1;30mLevel 1[0m _identify(video) by extensions ['ignore', 'ignore_ament_install']
[0.602s] [34mcolcon.colcon_core.package_identification[0m [1;30mLevel 1[0m _identify(video) by extension 'ignore'
[0.602s] [34mcolcon.colcon_core.package_identification[0m [1;30mLevel 1[0m _identify(video) by extension 'ignore_ament_install'
[0.602s] [34mcolcon.colcon_core.package_identification[0m [1;30mLevel 1[0m _identify(video) by extensions ['colcon_pkg']
[0.602s] [34mcolcon.colcon_core.package_identification[0m [1;30mLevel 1[0m _identify(video) by extension 'colcon_pkg'
[0.603s] [34mcolcon.colcon_core.package_identification[0m [1;30mLevel 1[0m _identify(video) by extensions ['colcon_meta']
[0.603s] [34mcolcon.colcon_core.package_identification[0m [1;30mLevel 1[0m _identify(video) by extension 'colcon_meta'
[0.603s] [34mcolcon.colcon_core.package_identification[0m [1;30mLevel 1[0m _identify(video) by extensions ['ros']
[0.603s] [34mcolcon.colcon_core.package_identification[0m [1;30mLevel 1[0m _identify(video) by extension 'ros'
[0.603s] [34mcolcon.colcon_core.package_identification[0m [1;30mLevel 1[0m _identify(video) by extensions ['cmake', 'python']
[0.603s] [34mcolcon.colcon_core.package_identification[0m [1;30mLevel 1[0m _identify(video) by extension 'cmake'
[0.603s] [34mcolcon.colcon_core.package_identification[0m [1;30mLevel 1[0m _identify(video) by extension 'python'
[0.603s] [34mcolcon.colcon_core.package_identification[0m [1;30mLevel 1[0m _identify(video) by extensions ['python_setup_py']
[0.603s] [34mcolcon.colcon_core.package_identification[0m [1;30mLevel 1[0m _identify(video) by extension 'python_setup_py'
[0.603s] [34mcolcon.colcon_core.package_discovery[0m [1;30mLevel 1[0m discover_packages(recursive) using defaults
[0.603s] [34mcolcon.colcon_core.package_discovery[0m [1;30mLevel 1[0m discover_packages(ignore) discover
[0.604s] [34mcolcon.colcon_core.package_discovery[0m [1;30mLevel 1[0m discover_packages(ignore) using defaults
[0.604s] [34mcolcon.colcon_core.package_discovery[0m [1;30mLevel 1[0m discover_packages(path) discover
[0.604s] [34mcolcon.colcon_core.package_discovery[0m [1;30mLevel 1[0m discover_packages(path) using defaults
[0.663s] [34mcolcon.colcon_core.package_discovery[0m [1;30mLevel 1[0m discover_packages(prefix_path) check parameters
[0.663s] [34mcolcon.colcon_core.package_discovery[0m [1;30mLevel 1[0m discover_packages(prefix_path) discover
[0.667s] [34mcolcon.colcon_installed_package_information.package_discovery[0m [1;30mDEBUG[0m [32mFound 7 installed packages in /home/jetson/projects/bishe/edge/install[0m
[0.670s] [34mcolcon.colcon_installed_package_information.package_discovery[0m [1;30mDEBUG[0m [32mFound 271 installed packages in /opt/ros/humble[0m
[0.672s] [34mcolcon.colcon_core.package_discovery[0m [1;30mLevel 1[0m discover_packages(prefix_path) using defaults
[0.737s] [34mcolcon.colcon_core.verb[0m [1;30mLevel 5[0m set package 'bishe_mqtt' build argument 'cmake_args' from command line to 'None'
[0.737s] [34mcolcon.colcon_core.verb[0m [1;30mLevel 5[0m set package 'bishe_mqtt' build argument 'cmake_target' from command line to 'None'
[0.737s] [34mcolcon.colcon_core.verb[0m [1;30mLevel 5[0m set package 'bishe_mqtt' build argument 'cmake_target_skip_unavailable' from command line to 'False'
[0.738s] [34mcolcon.colcon_core.verb[0m [1;30mLevel 5[0m set package 'bishe_mqtt' build argument 'cmake_clean_cache' from command line to 'False'
[0.738s] [34mcolcon.colcon_core.verb[0m [1;30mLevel 5[0m set package 'bishe_mqtt' build argument 'cmake_clean_first' from command line to 'False'
[0.738s] [34mcolcon.colcon_core.verb[0m [1;30mLevel 5[0m set package 'bishe_mqtt' build argument 'cmake_force_configure' from command line to 'False'
[0.738s] [34mcolcon.colcon_core.verb[0m [1;30mLevel 5[0m set package 'bishe_mqtt' build argument 'ament_cmake_args' from command line to 'None'
[0.738s] [34mcolcon.colcon_core.verb[0m [1;30mLevel 5[0m set package 'bishe_mqtt' build argument 'catkin_cmake_args' from command line to 'None'
[0.738s] [34mcolcon.colcon_core.verb[0m [1;30mLevel 5[0m set package 'bishe_mqtt' build argument 'catkin_skip_building_tests' from command line to 'False'
[0.738s] [34mcolcon.colcon_core.verb[0m [1;30mDEBUG[0m [32mBuilding package 'bishe_mqtt' with the following arguments: {'ament_cmake_args': None, 'build_base': '/home/jetson/projects/bishe/edge/build/bishe_mqtt', 'catkin_cmake_args': None, 'catkin_skip_building_tests': False, 'cmake_args': None, 'cmake_clean_cache': False, 'cmake_clean_first': False, 'cmake_force_configure': False, 'cmake_target': None, 'cmake_target_skip_unavailable': False, 'install_base': '/home/jetson/projects/bishe/edge/install/bishe_mqtt', 'merge_install': False, 'path': '/home/jetson/projects/bishe/edge/src/bishe_mqtt', 'symlink_install': False, 'test_result_base': None}[0m
[0.739s] [34mcolcon.colcon_core.verb[0m [1;30mLevel 5[0m set package 'bishe_msgs' build argument 'cmake_args' from command line to 'None'
[0.739s] [34mcolcon.colcon_core.verb[0m [1;30mLevel 5[0m set package 'bishe_msgs' build argument 'cmake_target' from command line to 'None'
[0.739s] [34mcolcon.colcon_core.verb[0m [1;30mLevel 5[0m set package 'bishe_msgs' build argument 'cmake_target_skip_unavailable' from command line to 'False'
[0.739s] [34mcolcon.colcon_core.verb[0m [1;30mLevel 5[0m set package 'bishe_msgs' build argument 'cmake_clean_cache' from command line to 'False'
[0.739s] [34mcolcon.colcon_core.verb[0m [1;30mLevel 5[0m set package 'bishe_msgs' build argument 'cmake_clean_first' from command line to 'False'
[0.739s] [34mcolcon.colcon_core.verb[0m [1;30mLevel 5[0m set package 'bishe_msgs' build argument 'cmake_force_configure' from command line to 'False'
[0.739s] [34mcolcon.colcon_core.verb[0m [1;30mLevel 5[0m set package 'bishe_msgs' build argument 'ament_cmake_args' from command line to 'None'
[0.739s] [34mcolcon.colcon_core.verb[0m [1;30mLevel 5[0m set package 'bishe_msgs' build argument 'catkin_cmake_args' from command line to 'None'
[0.739s] [34mcolcon.colcon_core.verb[0m [1;30mLevel 5[0m set package 'bishe_msgs' build argument 'catkin_skip_building_tests' from command line to 'False'
[0.739s] [34mcolcon.colcon_core.verb[0m [1;30mDEBUG[0m [32mBuilding package 'bishe_msgs' with the following arguments: {'ament_cmake_args': None, 'build_base': '/home/jetson/projects/bishe/edge/build/bishe_msgs', 'catkin_cmake_args': None, 'catkin_skip_building_tests': False, 'cmake_args': None, 'cmake_clean_cache': False, 'cmake_clean_first': False, 'cmake_force_configure': False, 'cmake_target': None, 'cmake_target_skip_unavailable': False, 'install_base': '/home/jetson/projects/bishe/edge/install/bishe_msgs', 'merge_install': False, 'path': '/home/jetson/projects/bishe/edge/src/bishe_msgs', 'symlink_install': False, 'test_result_base': None}[0m
[0.740s] [34mcolcon.colcon_core.verb[0m [1;30mLevel 5[0m set package 'bishe_camera' build argument 'cmake_args' from command line to 'None'
[0.740s] [34mcolcon.colcon_core.verb[0m [1;30mLevel 5[0m set package 'bishe_camera' build argument 'cmake_target' from command line to 'None'
[0.740s] [34mcolcon.colcon_core.verb[0m [1;30mLevel 5[0m set package 'bishe_camera' build argument 'cmake_target_skip_unavailable' from command line to 'False'
[0.740s] [34mcolcon.colcon_core.verb[0m [1;30mLevel 5[0m set package 'bishe_camera' build argument 'cmake_clean_cache' from command line to 'False'
[0.740s] [34mcolcon.colcon_core.verb[0m [1;30mLevel 5[0m set package 'bishe_camera' build argument 'cmake_clean_first' from command line to 'False'
[0.740s] [34mcolcon.colcon_core.verb[0m [1;30mLevel 5[0m set package 'bishe_camera' build argument 'cmake_force_configure' from command line to 'False'
[0.740s] [34mcolcon.colcon_core.verb[0m [1;30mLevel 5[0m set package 'bishe_camera' build argument 'ament_cmake_args' from command line to 'None'
[0.740s] [34mcolcon.colcon_core.verb[0m [1;30mLevel 5[0m set package 'bishe_camera' build argument 'catkin_cmake_args' from command line to 'None'
[0.740s] [34mcolcon.colcon_core.verb[0m [1;30mLevel 5[0m set package 'bishe_camera' build argument 'catkin_skip_building_tests' from command line to 'False'
[0.740s] [34mcolcon.colcon_core.verb[0m [1;30mDEBUG[0m [32mBuilding package 'bishe_camera' with the following arguments: {'ament_cmake_args': None, 'build_base': '/home/jetson/projects/bishe/edge/build/bishe_camera', 'catkin_cmake_args': None, 'catkin_skip_building_tests': False, 'cmake_args': None, 'cmake_clean_cache': False, 'cmake_clean_first': False, 'cmake_force_configure': False, 'cmake_target': None, 'cmake_target_skip_unavailable': False, 'install_base': '/home/jetson/projects/bishe/edge/install/bishe_camera', 'merge_install': False, 'path': '/home/jetson/projects/bishe/edge/src/bishe_camera', 'symlink_install': False, 'test_result_base': None}[0m
[0.741s] [34mcolcon.colcon_core.verb[0m [1;30mLevel 5[0m set package 'bishe_detector' build argument 'cmake_args' from command line to 'None'
[0.741s] [34mcolcon.colcon_core.verb[0m [1;30mLevel 5[0m set package 'bishe_detector' build argument 'cmake_target' from command line to 'None'
[0.741s] [34mcolcon.colcon_core.verb[0m [1;30mLevel 5[0m set package 'bishe_detector' build argument 'cmake_target_skip_unavailable' from command line to 'False'
[0.741s] [34mcolcon.colcon_core.verb[0m [1;30mLevel 5[0m set package 'bishe_detector' build argument 'cmake_clean_cache' from command line to 'False'
[0.741s] [34mcolcon.colcon_core.verb[0m [1;30mLevel 5[0m set package 'bishe_detector' build argument 'cmake_clean_first' from command line to 'False'
[0.741s] [34mcolcon.colcon_core.verb[0m [1;30mLevel 5[0m set package 'bishe_detector' build argument 'cmake_force_configure' from command line to 'False'
[0.741s] [34mcolcon.colcon_core.verb[0m [1;30mLevel 5[0m set package 'bishe_detector' build argument 'ament_cmake_args' from command line to 'None'
[0.741s] [34mcolcon.colcon_core.verb[0m [1;30mLevel 5[0m set package 'bishe_detector' build argument 'catkin_cmake_args' from command line to 'None'
[0.741s] [34mcolcon.colcon_core.verb[0m [1;30mLevel 5[0m set package 'bishe_detector' build argument 'catkin_skip_building_tests' from command line to 'False'
[0.741s] [34mcolcon.colcon_core.verb[0m [1;30mDEBUG[0m [32mBuilding package 'bishe_detector' with the following arguments: {'ament_cmake_args': None, 'build_base': '/home/jetson/projects/bishe/edge/build/bishe_detector', 'catkin_cmake_args': None, 'catkin_skip_building_tests': False, 'cmake_args': None, 'cmake_clean_cache': False, 'cmake_clean_first': False, 'cmake_force_configure': False, 'cmake_target': None, 'cmake_target_skip_unavailable': False, 'install_base': '/home/jetson/projects/bishe/edge/install/bishe_detector', 'merge_install': False, 'path': '/home/jetson/projects/bishe/edge/src/bishe_detector', 'symlink_install': False, 'test_result_base': None}[0m
[0.742s] [34mcolcon.colcon_core.verb[0m [1;30mLevel 5[0m set package 'bishe_monitor' build argument 'cmake_args' from command line to 'None'
[0.742s] [34mcolcon.colcon_core.verb[0m [1;30mLevel 5[0m set package 'bishe_monitor' build argument 'cmake_target' from command line to 'None'
[0.742s] [34mcolcon.colcon_core.verb[0m [1;30mLevel 5[0m set package 'bishe_monitor' build argument 'cmake_target_skip_unavailable' from command line to 'False'
[0.742s] [34mcolcon.colcon_core.verb[0m [1;30mLevel 5[0m set package 'bishe_monitor' build argument 'cmake_clean_cache' from command line to 'False'
[0.742s] [34mcolcon.colcon_core.verb[0m [1;30mLevel 5[0m set package 'bishe_monitor' build argument 'cmake_clean_first' from command line to 'False'
[0.742s] [34mcolcon.colcon_core.verb[0m [1;30mLevel 5[0m set package 'bishe_monitor' build argument 'cmake_force_configure' from command line to 'False'
[0.742s] [34mcolcon.colcon_core.verb[0m [1;30mLevel 5[0m set package 'bishe_monitor' build argument 'ament_cmake_args' from command line to 'None'
[0.742s] [34mcolcon.colcon_core.verb[0m [1;30mLevel 5[0m set package 'bishe_monitor' build argument 'catkin_cmake_args' from command line to 'None'
[0.742s] [34mcolcon.colcon_core.verb[0m [1;30mLevel 5[0m set package 'bishe_monitor' build argument 'catkin_skip_building_tests' from command line to 'False'
[0.742s] [34mcolcon.colcon_core.verb[0m [1;30mDEBUG[0m [32mBuilding package 'bishe_monitor' with the following arguments: {'ament_cmake_args': None, 'build_base': '/home/jetson/projects/bishe/edge/build/bishe_monitor', 'catkin_cmake_args': None, 'catkin_skip_building_tests': False, 'cmake_args': None, 'cmake_clean_cache': False, 'cmake_clean_first': False, 'cmake_force_configure': False, 'cmake_target': None, 'cmake_target_skip_unavailable': False, 'install_base': '/home/jetson/projects/bishe/edge/install/bishe_monitor', 'merge_install': False, 'path': '/home/jetson/projects/bishe/edge/src/bishe_monitor', 'symlink_install': False, 'test_result_base': None}[0m
[0.743s] [34mcolcon.colcon_core.verb[0m [1;30mLevel 5[0m set package 'bishe_streamer' build argument 'cmake_args' from command line to 'None'
[0.743s] [34mcolcon.colcon_core.verb[0m [1;30mLevel 5[0m set package 'bishe_streamer' build argument 'cmake_target' from command line to 'None'
[0.743s] [34mcolcon.colcon_core.verb[0m [1;30mLevel 5[0m set package 'bishe_streamer' build argument 'cmake_target_skip_unavailable' from command line to 'False'
[0.743s] [34mcolcon.colcon_core.verb[0m [1;30mLevel 5[0m set package 'bishe_streamer' build argument 'cmake_clean_cache' from command line to 'False'
[0.743s] [34mcolcon.colcon_core.verb[0m [1;30mLevel 5[0m set package 'bishe_streamer' build argument 'cmake_clean_first' from command line to 'False'
[0.743s] [34mcolcon.colcon_core.verb[0m [1;30mLevel 5[0m set package 'bishe_streamer' build argument 'cmake_force_configure' from command line to 'False'
[0.743s] [34mcolcon.colcon_core.verb[0m [1;30mLevel 5[0m set package 'bishe_streamer' build argument 'ament_cmake_args' from command line to 'None'
[0.743s] [34mcolcon.colcon_core.verb[0m [1;30mLevel 5[0m set package 'bishe_streamer' build argument 'catkin_cmake_args' from command line to 'None'
[0.743s] [34mcolcon.colcon_core.verb[0m [1;30mLevel 5[0m set package 'bishe_streamer' build argument 'catkin_skip_building_tests' from command line to 'False'
[0.743s] [34mcolcon.colcon_core.verb[0m [1;30mDEBUG[0m [32mBuilding package 'bishe_streamer' with the following arguments: {'ament_cmake_args': None, 'build_base': '/home/jetson/projects/bishe/edge/build/bishe_streamer', 'catkin_cmake_args': None, 'catkin_skip_building_tests': False, 'cmake_args': None, 'cmake_clean_cache': False, 'cmake_clean_first': False, 'cmake_force_configure': False, 'cmake_target': None, 'cmake_target_skip_unavailable': False, 'install_base': '/home/jetson/projects/bishe/edge/install/bishe_streamer', 'merge_install': False, 'path': '/home/jetson/projects/bishe/edge/src/bishe_streamer', 'symlink_install': False, 'test_result_base': None}[0m
[0.744s] [34mcolcon.colcon_core.verb[0m [1;30mLevel 5[0m set package 'bishe_launch' build argument 'cmake_args' from command line to 'None'
[0.744s] [34mcolcon.colcon_core.verb[0m [1;30mLevel 5[0m set package 'bishe_launch' build argument 'cmake_target' from command line to 'None'
[0.744s] [34mcolcon.colcon_core.verb[0m [1;30mLevel 5[0m set package 'bishe_launch' build argument 'cmake_target_skip_unavailable' from command line to 'False'
[0.744s] [34mcolcon.colcon_core.verb[0m [1;30mLevel 5[0m set package 'bishe_launch' build argument 'cmake_clean_cache' from command line to 'False'
[0.744s] [34mcolcon.colcon_core.verb[0m [1;30mLevel 5[0m set package 'bishe_launch' build argument 'cmake_clean_first' from command line to 'False'
[0.744s] [34mcolcon.colcon_core.verb[0m [1;30mLevel 5[0m set package 'bishe_launch' build argument 'cmake_force_configure' from command line to 'False'
[0.744s] [34mcolcon.colcon_core.verb[0m [1;30mLevel 5[0m set package 'bishe_launch' build argument 'ament_cmake_args' from command line to 'None'
[0.744s] [34mcolcon.colcon_core.verb[0m [1;30mLevel 5[0m set package 'bishe_launch' build argument 'catkin_cmake_args' from command line to 'None'
[0.744s] [34mcolcon.colcon_core.verb[0m [1;30mLevel 5[0m set package 'bishe_launch' build argument 'catkin_skip_building_tests' from command line to 'False'
[0.744s] [34mcolcon.colcon_core.verb[0m [1;30mDEBUG[0m [32mBuilding package 'bishe_launch' with the following arguments: {'ament_cmake_args': None, 'build_base': '/home/jetson/projects/bishe/edge/build/bishe_launch', 'catkin_cmake_args': None, 'catkin_skip_building_tests': False, 'cmake_args': None, 'cmake_clean_cache': False, 'cmake_clean_first': False, 'cmake_force_configure': False, 'cmake_target': None, 'cmake_target_skip_unavailable': False, 'install_base': '/home/jetson/projects/bishe/edge/install/bishe_launch', 'merge_install': False, 'path': '/home/jetson/projects/bishe/edge/src/bishe_launch', 'symlink_install': False, 'test_result_base': None}[0m
[0.745s] [34mcolcon.colcon_core.executor[0m [1;30mINFO[0m Executing jobs using 'parallel' executor
[0.746s] [34mcolcon.colcon_parallel_executor.executor.parallel[0m [1;30mDEBUG[0m [32mrun_until_complete[0m
[0.747s] [34mcolcon.colcon_ros.task.ament_cmake.build[0m [1;30mINFO[0m Building ROS package in '/home/jetson/projects/bishe/edge/src/bishe_msgs' with build type 'ament_cmake'
[0.747s] [34mcolcon.colcon_cmake.task.cmake.build[0m [1;30mINFO[0m Building CMake package in '/home/jetson/projects/bishe/edge/src/bishe_msgs'
[0.752s] [34mcolcon.colcon_core.plugin_system[0m [1;30mINFO[0m Skipping extension 'colcon_core.shell.bat': Not used on non-Windows systems
[0.752s] [34mcolcon.colcon_core.shell[0m [1;30mINFO[0m Skip shell extension 'powershell' for command environment: Not usable outside of PowerShell
[0.752s] [34mcolcon.colcon_core.shell[0m [1;30mDEBUG[0m [32mSkip shell extension 'dsv' for command environment[0m
[0.759s] [34mcolcon.colcon_ros.task.ament_cmake.build[0m [1;30mINFO[0m Building ROS package in '/home/jetson/projects/bishe/edge/src/bishe_mqtt' with build type 'ament_cmake'
[0.759s] [34mcolcon.colcon_cmake.task.cmake.build[0m [1;30mINFO[0m Building CMake package in '/home/jetson/projects/bishe/edge/src/bishe_mqtt'
[0.760s] [34mcolcon.colcon_core.shell[0m [1;30mINFO[0m Skip shell extension 'powershell' for command environment: Not usable outside of PowerShell
[0.760s] [34mcolcon.colcon_core.shell[0m [1;30mDEBUG[0m [32mSkip shell extension 'dsv' for command environment[0m
[0.772s] [34mcolcon.colcon_core.event_handler.log_command[0m [1;30mDEBUG[0m [32mInvoking command in '/home/jetson/projects/bishe/edge/build/bishe_msgs': CMAKE_PREFIX_PATH=${CMAKE_PREFIX_PATH}:/home/jetson/projects/bishe/edge/install/bishe_launch:/opt/ros/humble /usr/bin/cmake --build /home/jetson/projects/bishe/edge/build/bishe_msgs -- -j6 -l6[0m
[0.780s] [34mcolcon.colcon_core.event_handler.log_command[0m [1;30mDEBUG[0m [32mInvoking command in '/home/jetson/projects/bishe/edge/build/bishe_mqtt': CMAKE_PREFIX_PATH=${CMAKE_PREFIX_PATH}:/home/jetson/projects/bishe/edge/install/bishe_launch:/opt/ros/humble /usr/bin/cmake --build /home/jetson/projects/bishe/edge/build/bishe_mqtt -- -j6 -l6[0m
[0.917s] [34mcolcon.colcon_core.event_handler.log_command[0m [1;30mDEBUG[0m [32mInvoked command in '/home/jetson/projects/bishe/edge/build/bishe_mqtt' returned '0': CMAKE_PREFIX_PATH=${CMAKE_PREFIX_PATH}:/home/jetson/projects/bishe/edge/install/bishe_launch:/opt/ros/humble /usr/bin/cmake --build /home/jetson/projects/bishe/edge/build/bishe_mqtt -- -j6 -l6[0m
[0.939s] [34mcolcon.colcon_core.event_handler.log_command[0m [1;30mDEBUG[0m [32mInvoking command in '/home/jetson/projects/bishe/edge/build/bishe_mqtt': CMAKE_PREFIX_PATH=${CMAKE_PREFIX_PATH}:/home/jetson/projects/bishe/edge/install/bishe_launch:/opt/ros/humble /usr/bin/cmake --install /home/jetson/projects/bishe/edge/build/bishe_mqtt[0m
[0.978s] [34mcolcon.colcon_core.environment[0m [1;30mLevel 1[0m create_environment_scripts_only(bishe_mqtt)
[0.980s] [34mcolcon.colcon_core.event_handler.log_command[0m [1;30mDEBUG[0m [32mInvoked command in '/home/jetson/projects/bishe/edge/build/bishe_mqtt' returned '0': CMAKE_PREFIX_PATH=${CMAKE_PREFIX_PATH}:/home/jetson/projects/bishe/edge/install/bishe_launch:/opt/ros/humble /usr/bin/cmake --install /home/jetson/projects/bishe/edge/build/bishe_mqtt[0m
[0.987s] [34mcolcon.colcon_core.environment[0m [1;30mLevel 1[0m checking '/home/jetson/projects/bishe/edge/install/bishe_mqtt' for CMake module files
[0.989s] [34mcolcon.colcon_core.environment[0m [1;30mLevel 1[0m checking '/home/jetson/projects/bishe/edge/install/bishe_mqtt' for CMake config files
[0.990s] [34mcolcon.colcon_core.shell[0m [1;30mLevel 1[0m create_environment_hook('bishe_mqtt', 'cmake_prefix_path')
[0.991s] [34mcolcon.colcon_core.shell[0m [1;30mINFO[0m Creating environment hook '/home/jetson/projects/bishe/edge/install/bishe_mqtt/share/bishe_mqtt/hook/cmake_prefix_path.ps1'
[0.994s] [34mcolcon.colcon_core.shell[0m [1;30mINFO[0m Creating environment descriptor '/home/jetson/projects/bishe/edge/install/bishe_mqtt/share/bishe_mqtt/hook/cmake_prefix_path.dsv'
[0.995s] [34mcolcon.colcon_core.shell[0m [1;30mINFO[0m Creating environment hook '/home/jetson/projects/bishe/edge/install/bishe_mqtt/share/bishe_mqtt/hook/cmake_prefix_path.sh'
[0.999s] [34mcolcon.colcon_core.environment[0m [1;30mLevel 1[0m checking '/home/jetson/projects/bishe/edge/install/bishe_mqtt/lib'
[0.999s] [34mcolcon.colcon_core.environment[0m [1;30mLevel 1[0m checking '/home/jetson/projects/bishe/edge/install/bishe_mqtt/bin'
[1.000s] [34mcolcon.colcon_core.environment[0m [1;30mLevel 1[0m checking '/home/jetson/projects/bishe/edge/install/bishe_mqtt/lib/pkgconfig/bishe_mqtt.pc'
[1.000s] [34mcolcon.colcon_core.environment[0m [1;30mLevel 1[0m checking '/home/jetson/projects/bishe/edge/install/bishe_mqtt/lib/python3.10/site-packages'
[1.002s] [34mcolcon.colcon_core.environment[0m [1;30mLevel 1[0m checking '/home/jetson/projects/bishe/edge/install/bishe_mqtt/bin'
[1.003s] [34mcolcon.colcon_core.shell[0m [1;30mINFO[0m Creating package script '/home/jetson/projects/bishe/edge/install/bishe_mqtt/share/bishe_mqtt/package.ps1'
[1.006s] [34mcolcon.colcon_core.shell[0m [1;30mINFO[0m Creating package descriptor '/home/jetson/projects/bishe/edge/install/bishe_mqtt/share/bishe_mqtt/package.dsv'
[1.008s] [34mcolcon.colcon_core.shell[0m [1;30mINFO[0m Creating package script '/home/jetson/projects/bishe/edge/install/bishe_mqtt/share/bishe_mqtt/package.sh'
[1.009s] [34mcolcon.colcon_core.shell[0m [1;30mINFO[0m Creating package script '/home/jetson/projects/bishe/edge/install/bishe_mqtt/share/bishe_mqtt/package.bash'
[1.010s] [34mcolcon.colcon_core.shell[0m [1;30mINFO[0m Creating package script '/home/jetson/projects/bishe/edge/install/bishe_mqtt/share/bishe_mqtt/package.zsh'
[1.013s] [34mcolcon.colcon_core.environment[0m [1;30mLevel 1[0m create_file_with_runtime_dependencies(/home/jetson/projects/bishe/edge/install/bishe_mqtt/share/colcon-core/packages/bishe_mqtt)
[1.015s] [34mcolcon.colcon_core.environment[0m [1;30mLevel 1[0m create_environment_scripts_only(bishe_mqtt)
[1.016s] [34mcolcon.colcon_core.environment[0m [1;30mLevel 1[0m checking '/home/jetson/projects/bishe/edge/install/bishe_mqtt' for CMake module files
[1.017s] [34mcolcon.colcon_core.environment[0m [1;30mLevel 1[0m checking '/home/jetson/projects/bishe/edge/install/bishe_mqtt' for CMake config files
[1.018s] [34mcolcon.colcon_core.shell[0m [1;30mLevel 1[0m create_environment_hook('bishe_mqtt', 'cmake_prefix_path')
[1.019s] [34mcolcon.colcon_core.shell[0m [1;30mINFO[0m Creating environment hook '/home/jetson/projects/bishe/edge/install/bishe_mqtt/share/bishe_mqtt/hook/cmake_prefix_path.ps1'
[1.021s] [34mcolcon.colcon_core.shell[0m [1;30mINFO[0m Creating environment descriptor '/home/jetson/projects/bishe/edge/install/bishe_mqtt/share/bishe_mqtt/hook/cmake_prefix_path.dsv'
[1.022s] [34mcolcon.colcon_core.shell[0m [1;30mINFO[0m Creating environment hook '/home/jetson/projects/bishe/edge/install/bishe_mqtt/share/bishe_mqtt/hook/cmake_prefix_path.sh'
[1.024s] [34mcolcon.colcon_core.environment[0m [1;30mLevel 1[0m checking '/home/jetson/projects/bishe/edge/install/bishe_mqtt/lib'
[1.024s] [34mcolcon.colcon_core.environment[0m [1;30mLevel 1[0m checking '/home/jetson/projects/bishe/edge/install/bishe_mqtt/bin'
[1.024s] [34mcolcon.colcon_core.environment[0m [1;30mLevel 1[0m checking '/home/jetson/projects/bishe/edge/install/bishe_mqtt/lib/pkgconfig/bishe_mqtt.pc'
[1.025s] [34mcolcon.colcon_core.environment[0m [1;30mLevel 1[0m checking '/home/jetson/projects/bishe/edge/install/bishe_mqtt/lib/python3.10/site-packages'
[1.026s] [34mcolcon.colcon_core.environment[0m [1;30mLevel 1[0m checking '/home/jetson/projects/bishe/edge/install/bishe_mqtt/bin'
[1.027s] [34mcolcon.colcon_core.shell[0m [1;30mINFO[0m Creating package script '/home/jetson/projects/bishe/edge/install/bishe_mqtt/share/bishe_mqtt/package.ps1'
[1.029s] [34mcolcon.colcon_core.shell[0m [1;30mINFO[0m Creating package descriptor '/home/jetson/projects/bishe/edge/install/bishe_mqtt/share/bishe_mqtt/package.dsv'
[1.030s] [34mcolcon.colcon_core.shell[0m [1;30mINFO[0m Creating package script '/home/jetson/projects/bishe/edge/install/bishe_mqtt/share/bishe_mqtt/package.sh'
[1.032s] [34mcolcon.colcon_core.shell[0m [1;30mINFO[0m Creating package script '/home/jetson/projects/bishe/edge/install/bishe_mqtt/share/bishe_mqtt/package.bash'
[1.033s] [34mcolcon.colcon_core.shell[0m [1;30mINFO[0m Creating package script '/home/jetson/projects/bishe/edge/install/bishe_mqtt/share/bishe_mqtt/package.zsh'
[1.034s] [34mcolcon.colcon_core.environment[0m [1;30mLevel 1[0m create_file_with_runtime_dependencies(/home/jetson/projects/bishe/edge/install/bishe_mqtt/share/colcon-core/packages/bishe_mqtt)
[1.490s] [34mcolcon.colcon_core.event_handler.log_command[0m [1;30mDEBUG[0m [32mInvoked command in '/home/jetson/projects/bishe/edge/build/bishe_msgs' returned '0': CMAKE_PREFIX_PATH=${CMAKE_PREFIX_PATH}:/home/jetson/projects/bishe/edge/install/bishe_launch:/opt/ros/humble /usr/bin/cmake --build /home/jetson/projects/bishe/edge/build/bishe_msgs -- -j6 -l6[0m
[1.495s] [34mcolcon.colcon_core.event_handler.log_command[0m [1;30mDEBUG[0m [32mInvoking command in '/home/jetson/projects/bishe/edge/build/bishe_msgs': CMAKE_PREFIX_PATH=${CMAKE_PREFIX_PATH}:/home/jetson/projects/bishe/edge/install/bishe_launch:/opt/ros/humble /usr/bin/cmake --install /home/jetson/projects/bishe/edge/build/bishe_msgs[0m
[1.646s] [34mcolcon.colcon_core.environment[0m [1;30mLevel 1[0m create_environment_scripts_only(bishe_msgs)
[1.648s] [34mcolcon.colcon_core.environment[0m [1;30mLevel 1[0m checking '/home/jetson/projects/bishe/edge/install/bishe_msgs' for CMake module files
[1.649s] [34mcolcon.colcon_core.event_handler.log_command[0m [1;30mDEBUG[0m [32mInvoked command in '/home/jetson/projects/bishe/edge/build/bishe_msgs' returned '0': CMAKE_PREFIX_PATH=${CMAKE_PREFIX_PATH}:/home/jetson/projects/bishe/edge/install/bishe_launch:/opt/ros/humble /usr/bin/cmake --install /home/jetson/projects/bishe/edge/build/bishe_msgs[0m
[1.652s] [34mcolcon.colcon_core.environment[0m [1;30mLevel 1[0m checking '/home/jetson/projects/bishe/edge/install/bishe_msgs' for CMake config files
[1.656s] [34mcolcon.colcon_core.shell[0m [1;30mLevel 1[0m create_environment_hook('bishe_msgs', 'cmake_prefix_path')
[1.657s] [34mcolcon.colcon_core.shell[0m [1;30mINFO[0m Creating environment hook '/home/jetson/projects/bishe/edge/install/bishe_msgs/share/bishe_msgs/hook/cmake_prefix_path.ps1'
[1.659s] [34mcolcon.colcon_core.shell[0m [1;30mINFO[0m Creating environment descriptor '/home/jetson/projects/bishe/edge/install/bishe_msgs/share/bishe_msgs/hook/cmake_prefix_path.dsv'
[1.660s] [34mcolcon.colcon_core.shell[0m [1;30mINFO[0m Creating environment hook '/home/jetson/projects/bishe/edge/install/bishe_msgs/share/bishe_msgs/hook/cmake_prefix_path.sh'
[1.662s] [34mcolcon.colcon_core.environment[0m [1;30mLevel 1[0m checking '/home/jetson/projects/bishe/edge/install/bishe_msgs/lib'
[1.663s] [34mcolcon.colcon_core.shell[0m [1;30mLevel 1[0m create_environment_hook('bishe_msgs', 'ld_library_path_lib')
[1.663s] [34mcolcon.colcon_core.shell[0m [1;30mINFO[0m Creating environment hook '/home/jetson/projects/bishe/edge/install/bishe_msgs/share/bishe_msgs/hook/ld_library_path_lib.ps1'
[1.665s] [34mcolcon.colcon_core.shell[0m [1;30mINFO[0m Creating environment descriptor '/home/jetson/projects/bishe/edge/install/bishe_msgs/share/bishe_msgs/hook/ld_library_path_lib.dsv'
[1.666s] [34mcolcon.colcon_core.shell[0m [1;30mINFO[0m Creating environment hook '/home/jetson/projects/bishe/edge/install/bishe_msgs/share/bishe_msgs/hook/ld_library_path_lib.sh'
[1.668s] [34mcolcon.colcon_core.environment[0m [1;30mLevel 1[0m checking '/home/jetson/projects/bishe/edge/install/bishe_msgs/bin'
[1.668s] [34mcolcon.colcon_core.environment[0m [1;30mLevel 1[0m checking '/home/jetson/projects/bishe/edge/install/bishe_msgs/lib/pkgconfig/bishe_msgs.pc'
[1.669s] [34mcolcon.colcon_core.environment[0m [1;30mLevel 1[0m checking '/home/jetson/projects/bishe/edge/install/bishe_msgs/lib/python3.10/site-packages'
[1.670s] [34mcolcon.colcon_core.environment[0m [1;30mLevel 1[0m checking '/home/jetson/projects/bishe/edge/install/bishe_msgs/bin'
[1.671s] [34mcolcon.colcon_core.shell[0m [1;30mINFO[0m Creating package script '/home/jetson/projects/bishe/edge/install/bishe_msgs/share/bishe_msgs/package.ps1'
[1.673s] [34mcolcon.colcon_core.shell[0m [1;30mINFO[0m Creating package descriptor '/home/jetson/projects/bishe/edge/install/bishe_msgs/share/bishe_msgs/package.dsv'
[1.675s] [34mcolcon.colcon_core.shell[0m [1;30mINFO[0m Creating package script '/home/jetson/projects/bishe/edge/install/bishe_msgs/share/bishe_msgs/package.sh'
[1.677s] [34mcolcon.colcon_core.shell[0m [1;30mINFO[0m Creating package script '/home/jetson/projects/bishe/edge/install/bishe_msgs/share/bishe_msgs/package.bash'
[1.678s] [34mcolcon.colcon_core.shell[0m [1;30mINFO[0m Creating package script '/home/jetson/projects/bishe/edge/install/bishe_msgs/share/bishe_msgs/package.zsh'
[1.679s] [34mcolcon.colcon_core.environment[0m [1;30mLevel 1[0m create_file_with_runtime_dependencies(/home/jetson/projects/bishe/edge/install/bishe_msgs/share/colcon-core/packages/bishe_msgs)
[1.681s] [34mcolcon.colcon_core.environment[0m [1;30mLevel 1[0m create_environment_scripts_only(bishe_msgs)
[1.682s] [34mcolcon.colcon_core.environment[0m [1;30mLevel 1[0m checking '/home/jetson/projects/bishe/edge/install/bishe_msgs' for CMake module files
[1.683s] [34mcolcon.colcon_core.environment[0m [1;30mLevel 1[0m checking '/home/jetson/projects/bishe/edge/install/bishe_msgs' for CMake config files
[1.687s] [34mcolcon.colcon_core.shell[0m [1;30mLevel 1[0m create_environment_hook('bishe_msgs', 'cmake_prefix_path')
[1.688s] [34mcolcon.colcon_core.shell[0m [1;30mINFO[0m Creating environment hook '/home/jetson/projects/bishe/edge/install/bishe_msgs/share/bishe_msgs/hook/cmake_prefix_path.ps1'
[1.690s] [34mcolcon.colcon_core.shell[0m [1;30mINFO[0m Creating environment descriptor '/home/jetson/projects/bishe/edge/install/bishe_msgs/share/bishe_msgs/hook/cmake_prefix_path.dsv'
[1.691s] [34mcolcon.colcon_core.shell[0m [1;30mINFO[0m Creating environment hook '/home/jetson/projects/bishe/edge/install/bishe_msgs/share/bishe_msgs/hook/cmake_prefix_path.sh'
[1.693s] [34mcolcon.colcon_core.environment[0m [1;30mLevel 1[0m checking '/home/jetson/projects/bishe/edge/install/bishe_msgs/lib'
[1.693s] [34mcolcon.colcon_core.shell[0m [1;30mLevel 1[0m create_environment_hook('bishe_msgs', 'ld_library_path_lib')
[1.694s] [34mcolcon.colcon_core.shell[0m [1;30mINFO[0m Creating environment hook '/home/jetson/projects/bishe/edge/install/bishe_msgs/share/bishe_msgs/hook/ld_library_path_lib.ps1'
[1.696s] [34mcolcon.colcon_core.shell[0m [1;30mINFO[0m Creating environment descriptor '/home/jetson/projects/bishe/edge/install/bishe_msgs/share/bishe_msgs/hook/ld_library_path_lib.dsv'
[1.697s] [34mcolcon.colcon_core.shell[0m [1;30mINFO[0m Creating environment hook '/home/jetson/projects/bishe/edge/install/bishe_msgs/share/bishe_msgs/hook/ld_library_path_lib.sh'
[1.698s] [34mcolcon.colcon_core.environment[0m [1;30mLevel 1[0m checking '/home/jetson/projects/bishe/edge/install/bishe_msgs/bin'
[1.699s] [34mcolcon.colcon_core.environment[0m [1;30mLevel 1[0m checking '/home/jetson/projects/bishe/edge/install/bishe_msgs/lib/pkgconfig/bishe_msgs.pc'
[1.699s] [34mcolcon.colcon_core.environment[0m [1;30mLevel 1[0m checking '/home/jetson/projects/bishe/edge/install/bishe_msgs/lib/python3.10/site-packages'
[1.701s] [34mcolcon.colcon_core.environment[0m [1;30mLevel 1[0m checking '/home/jetson/projects/bishe/edge/install/bishe_msgs/bin'
[1.702s] [34mcolcon.colcon_core.shell[0m [1;30mINFO[0m Creating package script '/home/jetson/projects/bishe/edge/install/bishe_msgs/share/bishe_msgs/package.ps1'
[1.703s] [34mcolcon.colcon_core.shell[0m [1;30mINFO[0m Creating package descriptor '/home/jetson/projects/bishe/edge/install/bishe_msgs/share/bishe_msgs/package.dsv'
[1.705s] [34mcolcon.colcon_core.shell[0m [1;30mINFO[0m Creating package script '/home/jetson/projects/bishe/edge/install/bishe_msgs/share/bishe_msgs/package.sh'
[1.707s] [34mcolcon.colcon_core.shell[0m [1;30mINFO[0m Creating package script '/home/jetson/projects/bishe/edge/install/bishe_msgs/share/bishe_msgs/package.bash'
[1.708s] [34mcolcon.colcon_core.shell[0m [1;30mINFO[0m Creating package script '/home/jetson/projects/bishe/edge/install/bishe_msgs/share/bishe_msgs/package.zsh'
[1.709s] [34mcolcon.colcon_core.environment[0m [1;30mLevel 1[0m create_file_with_runtime_dependencies(/home/jetson/projects/bishe/edge/install/bishe_msgs/share/colcon-core/packages/bishe_msgs)
[1.711s] [34mcolcon.colcon_ros.task.ament_cmake.build[0m [1;30mINFO[0m Building ROS package in '/home/jetson/projects/bishe/edge/src/bishe_camera' with build type 'ament_cmake'
[1.712s] [34mcolcon.colcon_cmake.task.cmake.build[0m [1;30mINFO[0m Building CMake package in '/home/jetson/projects/bishe/edge/src/bishe_camera'
[1.712s] [34mcolcon.colcon_core.shell[0m [1;30mINFO[0m Skip shell extension 'powershell' for command environment: Not usable outside of PowerShell
[1.713s] [34mcolcon.colcon_core.shell[0m [1;30mDEBUG[0m [32mSkip shell extension 'dsv' for command environment[0m
[1.726s] [34mcolcon.colcon_ros.task.ament_cmake.build[0m [1;30mINFO[0m Building ROS package in '/home/jetson/projects/bishe/edge/src/bishe_detector' with build type 'ament_cmake'
[1.728s] [34mcolcon.colcon_cmake.task.cmake.build[0m [1;30mINFO[0m Building CMake package in '/home/jetson/projects/bishe/edge/src/bishe_detector'
[1.729s] [34mcolcon.colcon_core.shell[0m [1;30mINFO[0m Skip shell extension 'powershell' for command environment: Not usable outside of PowerShell
[1.729s] [34mcolcon.colcon_core.shell[0m [1;30mDEBUG[0m [32mSkip shell extension 'dsv' for command environment[0m
[1.741s] [34mcolcon.colcon_ros.task.ament_cmake.build[0m [1;30mINFO[0m Building ROS package in '/home/jetson/projects/bishe/edge/src/bishe_monitor' with build type 'ament_cmake'
[1.742s] [34mcolcon.colcon_cmake.task.cmake.build[0m [1;30mINFO[0m Building CMake package in '/home/jetson/projects/bishe/edge/src/bishe_monitor'
[1.743s] [34mcolcon.colcon_core.shell[0m [1;30mINFO[0m Skip shell extension 'powershell' for command environment: Not usable outside of PowerShell
[1.743s] [34mcolcon.colcon_core.shell[0m [1;30mDEBUG[0m [32mSkip shell extension 'dsv' for command environment[0m
[1.751s] [34mcolcon.colcon_ros.task.ament_cmake.build[0m [1;30mINFO[0m Building ROS package in '/home/jetson/projects/bishe/edge/src/bishe_streamer' with build type 'ament_cmake'
[1.752s] [34mcolcon.colcon_cmake.task.cmake.build[0m [1;30mINFO[0m Building CMake package in '/home/jetson/projects/bishe/edge/src/bishe_streamer'
[1.753s] [34mcolcon.colcon_core.shell[0m [1;30mINFO[0m Skip shell extension 'powershell' for command environment: Not usable outside of PowerShell
[1.753s] [34mcolcon.colcon_core.shell[0m [1;30mDEBUG[0m [32mSkip shell extension 'dsv' for command environment[0m
[1.775s] [34mcolcon.colcon_core.event_handler.log_command[0m [1;30mDEBUG[0m [32mInvoking command in '/home/jetson/projects/bishe/edge/build/bishe_camera': CMAKE_PREFIX_PATH=/home/jetson/projects/bishe/edge/install/bishe_msgs:/home/jetson/projects/bishe/edge/install/bishe_streamer:/home/jetson/projects/bishe/edge/install/bishe_monitor:/home/jetson/projects/bishe/edge/install/bishe_detector:/home/jetson/projects/bishe/edge/install/bishe_camera:/home/jetson/projects/bishe/edge/install/bishe_mqtt:/home/jetson/projects/bishe/edge/install/bishe_launch:/opt/ros/humble LD_LIBRARY_PATH=/home/jetson/projects/bishe/edge/install/bishe_msgs/lib:/home/jetson/projects/bishe/edge/install/bishe_detector/lib:/home/jetson/projects/bishe/edge/install/bishe_camera/lib:/opt/ros/humble/opt/rviz_ogre_vendor/lib:/opt/ros/humble/lib/aarch64-linux-gnu:/opt/ros/humble/lib:/usr/local/cuda-12.6/lib64 /usr/bin/cmake --build /home/jetson/projects/bishe/edge/build/bishe_camera -- -j6 -l6[0m
[1.781s] [34mcolcon.colcon_core.event_handler.log_command[0m [1;30mDEBUG[0m [32mInvoking command in '/home/jetson/projects/bishe/edge/build/bishe_detector': CMAKE_PREFIX_PATH=/home/jetson/projects/bishe/edge/install/bishe_msgs:/home/jetson/projects/bishe/edge/install/bishe_streamer:/home/jetson/projects/bishe/edge/install/bishe_monitor:/home/jetson/projects/bishe/edge/install/bishe_detector:/home/jetson/projects/bishe/edge/install/bishe_camera:/home/jetson/projects/bishe/edge/install/bishe_mqtt:/home/jetson/projects/bishe/edge/install/bishe_launch:/opt/ros/humble LD_LIBRARY_PATH=/home/jetson/projects/bishe/edge/install/bishe_msgs/lib:/home/jetson/projects/bishe/edge/install/bishe_detector/lib:/home/jetson/projects/bishe/edge/install/bishe_camera/lib:/opt/ros/humble/opt/rviz_ogre_vendor/lib:/opt/ros/humble/lib/aarch64-linux-gnu:/opt/ros/humble/lib:/usr/local/cuda-12.6/lib64 /usr/bin/cmake --build /home/jetson/projects/bishe/edge/build/bishe_detector -- -j6 -l6[0m
[1.788s] [34mcolcon.colcon_core.event_handler.log_command[0m [1;30mDEBUG[0m [32mInvoking command in '/home/jetson/projects/bishe/edge/build/bishe_monitor': CMAKE_PREFIX_PATH=/home/jetson/projects/bishe/edge/install/bishe_msgs:/home/jetson/projects/bishe/edge/install/bishe_streamer:/home/jetson/projects/bishe/edge/install/bishe_monitor:/home/jetson/projects/bishe/edge/install/bishe_detector:/home/jetson/projects/bishe/edge/install/bishe_camera:/home/jetson/projects/bishe/edge/install/bishe_mqtt:/home/jetson/projects/bishe/edge/install/bishe_launch:/opt/ros/humble LD_LIBRARY_PATH=/home/jetson/projects/bishe/edge/install/bishe_msgs/lib:/home/jetson/projects/bishe/edge/install/bishe_detector/lib:/home/jetson/projects/bishe/edge/install/bishe_camera/lib:/opt/ros/humble/opt/rviz_ogre_vendor/lib:/opt/ros/humble/lib/aarch64-linux-gnu:/opt/ros/humble/lib:/usr/local/cuda-12.6/lib64 /usr/bin/cmake --build /home/jetson/projects/bishe/edge/build/bishe_monitor -- -j6 -l6[0m
[1.797s] [34mcolcon.colcon_core.event_handler.log_command[0m [1;30mDEBUG[0m [32mInvoking command in '/home/jetson/projects/bishe/edge/build/bishe_streamer': CMAKE_PREFIX_PATH=/home/jetson/projects/bishe/edge/install/bishe_msgs:/home/jetson/projects/bishe/edge/install/bishe_streamer:/home/jetson/projects/bishe/edge/install/bishe_monitor:/home/jetson/projects/bishe/edge/install/bishe_detector:/home/jetson/projects/bishe/edge/install/bishe_camera:/home/jetson/projects/bishe/edge/install/bishe_mqtt:/home/jetson/projects/bishe/edge/install/bishe_launch:/opt/ros/humble LD_LIBRARY_PATH=/home/jetson/projects/bishe/edge/install/bishe_msgs/lib:/home/jetson/projects/bishe/edge/install/bishe_detector/lib:/home/jetson/projects/bishe/edge/install/bishe_camera/lib:/opt/ros/humble/opt/rviz_ogre_vendor/lib:/opt/ros/humble/lib/aarch64-linux-gnu:/opt/ros/humble/lib:/usr/local/cuda-12.6/lib64 /usr/bin/cmake --build /home/jetson/projects/bishe/edge/build/bishe_streamer -- -j6 -l6[0m
[1.964s] [34mcolcon.colcon_core.event_handler.log_command[0m [1;30mDEBUG[0m [32mInvoked command in '/home/jetson/projects/bishe/edge/build/bishe_streamer' returned '0': CMAKE_PREFIX_PATH=/home/jetson/projects/bishe/edge/install/bishe_msgs:/home/jetson/projects/bishe/edge/install/bishe_streamer:/home/jetson/projects/bishe/edge/install/bishe_monitor:/home/jetson/projects/bishe/edge/install/bishe_detector:/home/jetson/projects/bishe/edge/install/bishe_camera:/home/jetson/projects/bishe/edge/install/bishe_mqtt:/home/jetson/projects/bishe/edge/install/bishe_launch:/opt/ros/humble LD_LIBRARY_PATH=/home/jetson/projects/bishe/edge/install/bishe_msgs/lib:/home/jetson/projects/bishe/edge/install/bishe_detector/lib:/home/jetson/projects/bishe/edge/install/bishe_camera/lib:/opt/ros/humble/opt/rviz_ogre_vendor/lib:/opt/ros/humble/lib/aarch64-linux-gnu:/opt/ros/humble/lib:/usr/local/cuda-12.6/lib64 /usr/bin/cmake --build /home/jetson/projects/bishe/edge/build/bishe_streamer -- -j6 -l6[0m
[1.965s] [34mcolcon.colcon_core.event_handler.log_command[0m [1;30mDEBUG[0m [32mInvoking command in '/home/jetson/projects/bishe/edge/build/bishe_streamer': CMAKE_PREFIX_PATH=/home/jetson/projects/bishe/edge/install/bishe_msgs:/home/jetson/projects/bishe/edge/install/bishe_streamer:/home/jetson/projects/bishe/edge/install/bishe_monitor:/home/jetson/projects/bishe/edge/install/bishe_detector:/home/jetson/projects/bishe/edge/install/bishe_camera:/home/jetson/projects/bishe/edge/install/bishe_mqtt:/home/jetson/projects/bishe/edge/install/bishe_launch:/opt/ros/humble LD_LIBRARY_PATH=/home/jetson/projects/bishe/edge/install/bishe_msgs/lib:/home/jetson/projects/bishe/edge/install/bishe_detector/lib:/home/jetson/projects/bishe/edge/install/bishe_camera/lib:/opt/ros/humble/opt/rviz_ogre_vendor/lib:/opt/ros/humble/lib/aarch64-linux-gnu:/opt/ros/humble/lib:/usr/local/cuda-12.6/lib64 /usr/bin/cmake --install /home/jetson/projects/bishe/edge/build/bishe_streamer[0m
[1.979s] [34mcolcon.colcon_core.event_handler.log_command[0m [1;30mDEBUG[0m [32mInvoked command in '/home/jetson/projects/bishe/edge/build/bishe_camera' returned '0': CMAKE_PREFIX_PATH=/home/jetson/projects/bishe/edge/install/bishe_msgs:/home/jetson/projects/bishe/edge/install/bishe_streamer:/home/jetson/projects/bishe/edge/install/bishe_monitor:/home/jetson/projects/bishe/edge/install/bishe_detector:/home/jetson/projects/bishe/edge/install/bishe_camera:/home/jetson/projects/bishe/edge/install/bishe_mqtt:/home/jetson/projects/bishe/edge/install/bishe_launch:/opt/ros/humble LD_LIBRARY_PATH=/home/jetson/projects/bishe/edge/install/bishe_msgs/lib:/home/jetson/projects/bishe/edge/install/bishe_detector/lib:/home/jetson/projects/bishe/edge/install/bishe_camera/lib:/opt/ros/humble/opt/rviz_ogre_vendor/lib:/opt/ros/humble/lib/aarch64-linux-gnu:/opt/ros/humble/lib:/usr/local/cuda-12.6/lib64 /usr/bin/cmake --build /home/jetson/projects/bishe/edge/build/bishe_camera -- -j6 -l6[0m
[1.990s] [34mcolcon.colcon_core.event_handler.log_command[0m [1;30mDEBUG[0m [32mInvoking command in '/home/jetson/projects/bishe/edge/build/bishe_camera': CMAKE_PREFIX_PATH=/home/jetson/projects/bishe/edge/install/bishe_msgs:/home/jetson/projects/bishe/edge/install/bishe_streamer:/home/jetson/projects/bishe/edge/install/bishe_monitor:/home/jetson/projects/bishe/edge/install/bishe_detector:/home/jetson/projects/bishe/edge/install/bishe_camera:/home/jetson/projects/bishe/edge/install/bishe_mqtt:/home/jetson/projects/bishe/edge/install/bishe_launch:/opt/ros/humble LD_LIBRARY_PATH=/home/jetson/projects/bishe/edge/install/bishe_msgs/lib:/home/jetson/projects/bishe/edge/install/bishe_detector/lib:/home/jetson/projects/bishe/edge/install/bishe_camera/lib:/opt/ros/humble/opt/rviz_ogre_vendor/lib:/opt/ros/humble/lib/aarch64-linux-gnu:/opt/ros/humble/lib:/usr/local/cuda-12.6/lib64 /usr/bin/cmake --install /home/jetson/projects/bishe/edge/build/bishe_camera[0m
[1.997s] [34mcolcon.colcon_core.event_handler.log_command[0m [1;30mDEBUG[0m [32mInvoked command in '/home/jetson/projects/bishe/edge/build/bishe_detector' returned '0': CMAKE_PREFIX_PATH=/home/jetson/projects/bishe/edge/install/bishe_msgs:/home/jetson/projects/bishe/edge/install/bishe_streamer:/home/jetson/projects/bishe/edge/install/bishe_monitor:/home/jetson/projects/bishe/edge/install/bishe_detector:/home/jetson/projects/bishe/edge/install/bishe_camera:/home/jetson/projects/bishe/edge/install/bishe_mqtt:/home/jetson/projects/bishe/edge/install/bishe_launch:/opt/ros/humble LD_LIBRARY_PATH=/home/jetson/projects/bishe/edge/install/bishe_msgs/lib:/home/jetson/projects/bishe/edge/install/bishe_detector/lib:/home/jetson/projects/bishe/edge/install/bishe_camera/lib:/opt/ros/humble/opt/rviz_ogre_vendor/lib:/opt/ros/humble/lib/aarch64-linux-gnu:/opt/ros/humble/lib:/usr/local/cuda-12.6/lib64 /usr/bin/cmake --build /home/jetson/projects/bishe/edge/build/bishe_detector -- -j6 -l6[0m
[1.998s] [34mcolcon.colcon_core.event_handler.log_command[0m [1;30mDEBUG[0m [32mInvoking command in '/home/jetson/projects/bishe/edge/build/bishe_detector': CMAKE_PREFIX_PATH=/home/jetson/projects/bishe/edge/install/bishe_msgs:/home/jetson/projects/bishe/edge/install/bishe_streamer:/home/jetson/projects/bishe/edge/install/bishe_monitor:/home/jetson/projects/bishe/edge/install/bishe_detector:/home/jetson/projects/bishe/edge/install/bishe_camera:/home/jetson/projects/bishe/edge/install/bishe_mqtt:/home/jetson/projects/bishe/edge/install/bishe_launch:/opt/ros/humble LD_LIBRARY_PATH=/home/jetson/projects/bishe/edge/install/bishe_msgs/lib:/home/jetson/projects/bishe/edge/install/bishe_detector/lib:/home/jetson/projects/bishe/edge/install/bishe_camera/lib:/opt/ros/humble/opt/rviz_ogre_vendor/lib:/opt/ros/humble/lib/aarch64-linux-gnu:/opt/ros/humble/lib:/usr/local/cuda-12.6/lib64 /usr/bin/cmake --install /home/jetson/projects/bishe/edge/build/bishe_detector[0m
[2.013s] [34mcolcon.colcon_core.environment[0m [1;30mLevel 1[0m create_environment_scripts_only(bishe_streamer)
[2.014s] [34mcolcon.colcon_core.environment[0m [1;30mLevel 1[0m checking '/home/jetson/projects/bishe/edge/install/bishe_streamer' for CMake module files
[2.015s] [34mcolcon.colcon_core.event_handler.log_command[0m [1;30mDEBUG[0m [32mInvoked command in '/home/jetson/projects/bishe/edge/build/bishe_streamer' returned '0': CMAKE_PREFIX_PATH=/home/jetson/projects/bishe/edge/install/bishe_msgs:/home/jetson/projects/bishe/edge/install/bishe_streamer:/home/jetson/projects/bishe/edge/install/bishe_monitor:/home/jetson/projects/bishe/edge/install/bishe_detector:/home/jetson/projects/bishe/edge/install/bishe_camera:/home/jetson/projects/bishe/edge/install/bishe_mqtt:/home/jetson/projects/bishe/edge/install/bishe_launch:/opt/ros/humble LD_LIBRARY_PATH=/home/jetson/projects/bishe/edge/install/bishe_msgs/lib:/home/jetson/projects/bishe/edge/install/bishe_detector/lib:/home/jetson/projects/bishe/edge/install/bishe_camera/lib:/opt/ros/humble/opt/rviz_ogre_vendor/lib:/opt/ros/humble/lib/aarch64-linux-gnu:/opt/ros/humble/lib:/usr/local/cuda-12.6/lib64 /usr/bin/cmake --install /home/jetson/projects/bishe/edge/build/bishe_streamer[0m
[2.016s] [34mcolcon.colcon_core.environment[0m [1;30mLevel 1[0m checking '/home/jetson/projects/bishe/edge/install/bishe_streamer' for CMake config files
[2.017s] [34mcolcon.colcon_core.shell[0m [1;30mLevel 1[0m create_environment_hook('bishe_streamer', 'cmake_prefix_path')
[2.017s] [34mcolcon.colcon_core.shell[0m [1;30mINFO[0m Creating environment hook '/home/jetson/projects/bishe/edge/install/bishe_streamer/share/bishe_streamer/hook/cmake_prefix_path.ps1'
[2.019s] [34mcolcon.colcon_core.shell[0m [1;30mINFO[0m Creating environment descriptor '/home/jetson/projects/bishe/edge/install/bishe_streamer/share/bishe_streamer/hook/cmake_prefix_path.dsv'
[2.020s] [34mcolcon.colcon_core.shell[0m [1;30mINFO[0m Creating environment hook '/home/jetson/projects/bishe/edge/install/bishe_streamer/share/bishe_streamer/hook/cmake_prefix_path.sh'
[2.021s] [34mcolcon.colcon_core.environment[0m [1;30mLevel 1[0m checking '/home/jetson/projects/bishe/edge/install/bishe_streamer/lib'
[2.021s] [34mcolcon.colcon_core.environment[0m [1;30mLevel 1[0m checking '/home/jetson/projects/bishe/edge/install/bishe_streamer/bin'
[2.022s] [34mcolcon.colcon_core.environment[0m [1;30mLevel 1[0m checking '/home/jetson/projects/bishe/edge/install/bishe_streamer/lib/pkgconfig/bishe_streamer.pc'
[2.023s] [34mcolcon.colcon_core.environment[0m [1;30mLevel 1[0m checking '/home/jetson/projects/bishe/edge/install/bishe_streamer/lib/python3.10/site-packages'
[2.024s] [34mcolcon.colcon_core.environment[0m [1;30mLevel 1[0m checking '/home/jetson/projects/bishe/edge/install/bishe_streamer/bin'
[2.025s] [34mcolcon.colcon_core.shell[0m [1;30mINFO[0m Creating package script '/home/jetson/projects/bishe/edge/install/bishe_streamer/share/bishe_streamer/package.ps1'
[2.028s] [34mcolcon.colcon_core.shell[0m [1;30mINFO[0m Creating package descriptor '/home/jetson/projects/bishe/edge/install/bishe_streamer/share/bishe_streamer/package.dsv'
[2.031s] [34mcolcon.colcon_core.shell[0m [1;30mINFO[0m Creating package script '/home/jetson/projects/bishe/edge/install/bishe_streamer/share/bishe_streamer/package.sh'
[2.036s] [34mcolcon.colcon_core.shell[0m [1;30mINFO[0m Creating package script '/home/jetson/projects/bishe/edge/install/bishe_streamer/share/bishe_streamer/package.bash'
[2.036s] [34mcolcon.colcon_core.shell[0m [1;30mINFO[0m Creating package script '/home/jetson/projects/bishe/edge/install/bishe_streamer/share/bishe_streamer/package.zsh'
[2.037s] [34mcolcon.colcon_core.environment[0m [1;30mLevel 1[0m create_file_with_runtime_dependencies(/home/jetson/projects/bishe/edge/install/bishe_streamer/share/colcon-core/packages/bishe_streamer)
[2.038s] [34mcolcon.colcon_core.environment[0m [1;30mLevel 1[0m create_environment_scripts_only(bishe_streamer)
[2.039s] [34mcolcon.colcon_core.environment[0m [1;30mLevel 1[0m checking '/home/jetson/projects/bishe/edge/install/bishe_streamer' for CMake module files
[2.040s] [34mcolcon.colcon_core.environment[0m [1;30mLevel 1[0m checking '/home/jetson/projects/bishe/edge/install/bishe_streamer' for CMake config files
[2.041s] [34mcolcon.colcon_core.shell[0m [1;30mLevel 1[0m create_environment_hook('bishe_streamer', 'cmake_prefix_path')
[2.042s] [34mcolcon.colcon_core.shell[0m [1;30mINFO[0m Creating environment hook '/home/jetson/projects/bishe/edge/install/bishe_streamer/share/bishe_streamer/hook/cmake_prefix_path.ps1'
[2.043s] [34mcolcon.colcon_core.shell[0m [1;30mINFO[0m Creating environment descriptor '/home/jetson/projects/bishe/edge/install/bishe_streamer/share/bishe_streamer/hook/cmake_prefix_path.dsv'
[2.043s] [34mcolcon.colcon_core.shell[0m [1;30mINFO[0m Creating environment hook '/home/jetson/projects/bishe/edge/install/bishe_streamer/share/bishe_streamer/hook/cmake_prefix_path.sh'
[2.045s] [34mcolcon.colcon_core.environment[0m [1;30mLevel 1[0m checking '/home/jetson/projects/bishe/edge/install/bishe_streamer/lib'
[2.045s] [34mcolcon.colcon_core.environment[0m [1;30mLevel 1[0m checking '/home/jetson/projects/bishe/edge/install/bishe_streamer/bin'
[2.045s] [34mcolcon.colcon_core.environment[0m [1;30mLevel 1[0m checking '/home/jetson/projects/bishe/edge/install/bishe_streamer/lib/pkgconfig/bishe_streamer.pc'
[2.045s] [34mcolcon.colcon_core.environment[0m [1;30mLevel 1[0m checking '/home/jetson/projects/bishe/edge/install/bishe_streamer/lib/python3.10/site-packages'
[2.046s] [34mcolcon.colcon_core.environment[0m [1;30mLevel 1[0m checking '/home/jetson/projects/bishe/edge/install/bishe_streamer/bin'
[2.046s] [34mcolcon.colcon_core.shell[0m [1;30mINFO[0m Creating package script '/home/jetson/projects/bishe/edge/install/bishe_streamer/share/bishe_streamer/package.ps1'
[2.047s] [34mcolcon.colcon_core.shell[0m [1;30mINFO[0m Creating package descriptor '/home/jetson/projects/bishe/edge/install/bishe_streamer/share/bishe_streamer/package.dsv'
[2.048s] [34mcolcon.colcon_core.shell[0m [1;30mINFO[0m Creating package script '/home/jetson/projects/bishe/edge/install/bishe_streamer/share/bishe_streamer/package.sh'
[2.051s] [34mcolcon.colcon_core.shell[0m [1;30mINFO[0m Creating package script '/home/jetson/projects/bishe/edge/install/bishe_streamer/share/bishe_streamer/package.bash'
[2.053s] [34mcolcon.colcon_core.shell[0m [1;30mINFO[0m Creating package script '/home/jetson/projects/bishe/edge/install/bishe_streamer/share/bishe_streamer/package.zsh'
[2.055s] [34mcolcon.colcon_core.environment[0m [1;30mLevel 1[0m create_file_with_runtime_dependencies(/home/jetson/projects/bishe/edge/install/bishe_streamer/share/colcon-core/packages/bishe_streamer)
[2.058s] [34mcolcon.colcon_core.environment[0m [1;30mLevel 1[0m create_environment_scripts_only(bishe_camera)
[2.059s] [34mcolcon.colcon_core.environment[0m [1;30mLevel 1[0m checking '/home/jetson/projects/bishe/edge/install/bishe_camera' for CMake module files
[2.061s] [34mcolcon.colcon_core.event_handler.log_command[0m [1;30mDEBUG[0m [32mInvoked command in '/home/jetson/projects/bishe/edge/build/bishe_camera' returned '0': CMAKE_PREFIX_PATH=/home/jetson/projects/bishe/edge/install/bishe_msgs:/home/jetson/projects/bishe/edge/install/bishe_streamer:/home/jetson/projects/bishe/edge/install/bishe_monitor:/home/jetson/projects/bishe/edge/install/bishe_detector:/home/jetson/projects/bishe/edge/install/bishe_camera:/home/jetson/projects/bishe/edge/install/bishe_mqtt:/home/jetson/projects/bishe/edge/install/bishe_launch:/opt/ros/humble LD_LIBRARY_PATH=/home/jetson/projects/bishe/edge/install/bishe_msgs/lib:/home/jetson/projects/bishe/edge/install/bishe_detector/lib:/home/jetson/projects/bishe/edge/install/bishe_camera/lib:/opt/ros/humble/opt/rviz_ogre_vendor/lib:/opt/ros/humble/lib/aarch64-linux-gnu:/opt/ros/humble/lib:/usr/local/cuda-12.6/lib64 /usr/bin/cmake --install /home/jetson/projects/bishe/edge/build/bishe_camera[0m
[2.062s] [34mcolcon.colcon_core.environment[0m [1;30mLevel 1[0m checking '/home/jetson/projects/bishe/edge/install/bishe_camera' for CMake config files
[2.063s] [34mcolcon.colcon_core.shell[0m [1;30mLevel 1[0m create_environment_hook('bishe_camera', 'cmake_prefix_path')
[2.064s] [34mcolcon.colcon_core.shell[0m [1;30mINFO[0m Creating environment hook '/home/jetson/projects/bishe/edge/install/bishe_camera/share/bishe_camera/hook/cmake_prefix_path.ps1'
[2.065s] [34mcolcon.colcon_core.shell[0m [1;30mINFO[0m Creating environment descriptor '/home/jetson/projects/bishe/edge/install/bishe_camera/share/bishe_camera/hook/cmake_prefix_path.dsv'
[2.066s] [34mcolcon.colcon_core.shell[0m [1;30mINFO[0m Creating environment hook '/home/jetson/projects/bishe/edge/install/bishe_camera/share/bishe_camera/hook/cmake_prefix_path.sh'
[2.068s] [34mcolcon.colcon_core.environment[0m [1;30mLevel 1[0m checking '/home/jetson/projects/bishe/edge/install/bishe_camera/lib'
[2.068s] [34mcolcon.colcon_core.shell[0m [1;30mLevel 1[0m create_environment_hook('bishe_camera', 'ld_library_path_lib')
[2.068s] [34mcolcon.colcon_core.shell[0m [1;30mINFO[0m Creating environment hook '/home/jetson/projects/bishe/edge/install/bishe_camera/share/bishe_camera/hook/ld_library_path_lib.ps1'
[2.069s] [34mcolcon.colcon_core.shell[0m [1;30mINFO[0m Creating environment descriptor '/home/jetson/projects/bishe/edge/install/bishe_camera/share/bishe_camera/hook/ld_library_path_lib.dsv'
[2.069s] [34mcolcon.colcon_core.shell[0m [1;30mINFO[0m Creating environment hook '/home/jetson/projects/bishe/edge/install/bishe_camera/share/bishe_camera/hook/ld_library_path_lib.sh'
[2.071s] [34mcolcon.colcon_core.environment[0m [1;30mLevel 1[0m checking '/home/jetson/projects/bishe/edge/install/bishe_camera/bin'
[2.071s] [34mcolcon.colcon_core.environment[0m [1;30mLevel 1[0m checking '/home/jetson/projects/bishe/edge/install/bishe_camera/lib/pkgconfig/bishe_camera.pc'
[2.071s] [34mcolcon.colcon_core.environment[0m [1;30mLevel 1[0m checking '/home/jetson/projects/bishe/edge/install/bishe_camera/lib/python3.10/site-packages'
[2.072s] [34mcolcon.colcon_core.environment[0m [1;30mLevel 1[0m checking '/home/jetson/projects/bishe/edge/install/bishe_camera/bin'
[2.073s] [34mcolcon.colcon_core.shell[0m [1;30mINFO[0m Creating package script '/home/jetson/projects/bishe/edge/install/bishe_camera/share/bishe_camera/package.ps1'
[2.075s] [34mcolcon.colcon_core.shell[0m [1;30mINFO[0m Creating package descriptor '/home/jetson/projects/bishe/edge/install/bishe_camera/share/bishe_camera/package.dsv'
[2.076s] [34mcolcon.colcon_core.shell[0m [1;30mINFO[0m Creating package script '/home/jetson/projects/bishe/edge/install/bishe_camera/share/bishe_camera/package.sh'
[2.077s] [34mcolcon.colcon_core.shell[0m [1;30mINFO[0m Creating package script '/home/jetson/projects/bishe/edge/install/bishe_camera/share/bishe_camera/package.bash'
[2.078s] [34mcolcon.colcon_core.shell[0m [1;30mINFO[0m Creating package script '/home/jetson/projects/bishe/edge/install/bishe_camera/share/bishe_camera/package.zsh'
[2.079s] [34mcolcon.colcon_core.environment[0m [1;30mLevel 1[0m create_file_with_runtime_dependencies(/home/jetson/projects/bishe/edge/install/bishe_camera/share/colcon-core/packages/bishe_camera)
[2.080s] [34mcolcon.colcon_core.environment[0m [1;30mLevel 1[0m create_environment_scripts_only(bishe_camera)
[2.081s] [34mcolcon.colcon_core.environment[0m [1;30mLevel 1[0m checking '/home/jetson/projects/bishe/edge/install/bishe_camera' for CMake module files
[2.082s] [34mcolcon.colcon_core.environment[0m [1;30mLevel 1[0m checking '/home/jetson/projects/bishe/edge/install/bishe_camera' for CMake config files
[2.083s] [34mcolcon.colcon_core.shell[0m [1;30mLevel 1[0m create_environment_hook('bishe_camera', 'cmake_prefix_path')
[2.083s] [34mcolcon.colcon_core.shell[0m [1;30mINFO[0m Creating environment hook '/home/jetson/projects/bishe/edge/install/bishe_camera/share/bishe_camera/hook/cmake_prefix_path.ps1'
[2.084s] [34mcolcon.colcon_core.shell[0m [1;30mINFO[0m Creating environment descriptor '/home/jetson/projects/bishe/edge/install/bishe_camera/share/bishe_camera/hook/cmake_prefix_path.dsv'
[2.085s] [34mcolcon.colcon_core.shell[0m [1;30mINFO[0m Creating environment hook '/home/jetson/projects/bishe/edge/install/bishe_camera/share/bishe_camera/hook/cmake_prefix_path.sh'
[2.086s] [34mcolcon.colcon_core.environment[0m [1;30mLevel 1[0m checking '/home/jetson/projects/bishe/edge/install/bishe_camera/lib'
[2.087s] [34mcolcon.colcon_core.shell[0m [1;30mLevel 1[0m create_environment_hook('bishe_camera', 'ld_library_path_lib')
[2.087s] [34mcolcon.colcon_core.shell[0m [1;30mINFO[0m Creating environment hook '/home/jetson/projects/bishe/edge/install/bishe_camera/share/bishe_camera/hook/ld_library_path_lib.ps1'
[2.088s] [34mcolcon.colcon_core.shell[0m [1;30mINFO[0m Creating environment descriptor '/home/jetson/projects/bishe/edge/install/bishe_camera/share/bishe_camera/hook/ld_library_path_lib.dsv'
[2.089s] [34mcolcon.colcon_core.shell[0m [1;30mINFO[0m Creating environment hook '/home/jetson/projects/bishe/edge/install/bishe_camera/share/bishe_camera/hook/ld_library_path_lib.sh'
[2.090s] [34mcolcon.colcon_core.environment[0m [1;30mLevel 1[0m checking '/home/jetson/projects/bishe/edge/install/bishe_camera/bin'
[2.090s] [34mcolcon.colcon_core.environment[0m [1;30mLevel 1[0m checking '/home/jetson/projects/bishe/edge/install/bishe_camera/lib/pkgconfig/bishe_camera.pc'
[2.090s] [34mcolcon.colcon_core.environment[0m [1;30mLevel 1[0m checking '/home/jetson/projects/bishe/edge/install/bishe_camera/lib/python3.10/site-packages'
[2.091s] [34mcolcon.colcon_core.environment[0m [1;30mLevel 1[0m checking '/home/jetson/projects/bishe/edge/install/bishe_camera/bin'
[2.092s] [34mcolcon.colcon_core.shell[0m [1;30mINFO[0m Creating package script '/home/jetson/projects/bishe/edge/install/bishe_camera/share/bishe_camera/package.ps1'
[2.093s] [34mcolcon.colcon_core.shell[0m [1;30mINFO[0m Creating package descriptor '/home/jetson/projects/bishe/edge/install/bishe_camera/share/bishe_camera/package.dsv'
[2.094s] [34mcolcon.colcon_core.shell[0m [1;30mINFO[0m Creating package script '/home/jetson/projects/bishe/edge/install/bishe_camera/share/bishe_camera/package.sh'
[2.095s] [34mcolcon.colcon_core.shell[0m [1;30mINFO[0m Creating package script '/home/jetson/projects/bishe/edge/install/bishe_camera/share/bishe_camera/package.bash'
[2.096s] [34mcolcon.colcon_core.shell[0m [1;30mINFO[0m Creating package script '/home/jetson/projects/bishe/edge/install/bishe_camera/share/bishe_camera/package.zsh'
[2.097s] [34mcolcon.colcon_core.environment[0m [1;30mLevel 1[0m create_file_with_runtime_dependencies(/home/jetson/projects/bishe/edge/install/bishe_camera/share/colcon-core/packages/bishe_camera)
[2.103s] [34mcolcon.colcon_core.event_handler.log_command[0m [1;30mDEBUG[0m [32mInvoked command in '/home/jetson/projects/bishe/edge/build/bishe_monitor' returned '0': CMAKE_PREFIX_PATH=/home/jetson/projects/bishe/edge/install/bishe_msgs:/home/jetson/projects/bishe/edge/install/bishe_streamer:/home/jetson/projects/bishe/edge/install/bishe_monitor:/home/jetson/projects/bishe/edge/install/bishe_detector:/home/jetson/projects/bishe/edge/install/bishe_camera:/home/jetson/projects/bishe/edge/install/bishe_mqtt:/home/jetson/projects/bishe/edge/install/bishe_launch:/opt/ros/humble LD_LIBRARY_PATH=/home/jetson/projects/bishe/edge/install/bishe_msgs/lib:/home/jetson/projects/bishe/edge/install/bishe_detector/lib:/home/jetson/projects/bishe/edge/install/bishe_camera/lib:/opt/ros/humble/opt/rviz_ogre_vendor/lib:/opt/ros/humble/lib/aarch64-linux-gnu:/opt/ros/humble/lib:/usr/local/cuda-12.6/lib64 /usr/bin/cmake --build /home/jetson/projects/bishe/edge/build/bishe_monitor -- -j6 -l6[0m
[2.104s] [34mcolcon.colcon_core.environment[0m [1;30mLevel 1[0m create_environment_scripts_only(bishe_detector)
[2.105s] [34mcolcon.colcon_core.environment[0m [1;30mLevel 1[0m checking '/home/jetson/projects/bishe/edge/install/bishe_detector' for CMake module files
[2.106s] [34mcolcon.colcon_core.event_handler.log_command[0m [1;30mDEBUG[0m [32mInvoking command in '/home/jetson/projects/bishe/edge/build/bishe_monitor': CMAKE_PREFIX_PATH=/home/jetson/projects/bishe/edge/install/bishe_msgs:/home/jetson/projects/bishe/edge/install/bishe_streamer:/home/jetson/projects/bishe/edge/install/bishe_monitor:/home/jetson/projects/bishe/edge/install/bishe_detector:/home/jetson/projects/bishe/edge/install/bishe_camera:/home/jetson/projects/bishe/edge/install/bishe_mqtt:/home/jetson/projects/bishe/edge/install/bishe_launch:/opt/ros/humble LD_LIBRARY_PATH=/home/jetson/projects/bishe/edge/install/bishe_msgs/lib:/home/jetson/projects/bishe/edge/install/bishe_detector/lib:/home/jetson/projects/bishe/edge/install/bishe_camera/lib:/opt/ros/humble/opt/rviz_ogre_vendor/lib:/opt/ros/humble/lib/aarch64-linux-gnu:/opt/ros/humble/lib:/usr/local/cuda-12.6/lib64 /usr/bin/cmake --install /home/jetson/projects/bishe/edge/build/bishe_monitor[0m
[2.107s] [34mcolcon.colcon_core.event_handler.log_command[0m [1;30mDEBUG[0m [32mInvoked command in '/home/jetson/projects/bishe/edge/build/bishe_detector' returned '0': CMAKE_PREFIX_PATH=/home/jetson/projects/bishe/edge/install/bishe_msgs:/home/jetson/projects/bishe/edge/install/bishe_streamer:/home/jetson/projects/bishe/edge/install/bishe_monitor:/home/jetson/projects/bishe/edge/install/bishe_detector:/home/jetson/projects/bishe/edge/install/bishe_camera:/home/jetson/projects/bishe/edge/install/bishe_mqtt:/home/jetson/projects/bishe/edge/install/bishe_launch:/opt/ros/humble LD_LIBRARY_PATH=/home/jetson/projects/bishe/edge/install/bishe_msgs/lib:/home/jetson/projects/bishe/edge/install/bishe_detector/lib:/home/jetson/projects/bishe/edge/install/bishe_camera/lib:/opt/ros/humble/opt/rviz_ogre_vendor/lib:/opt/ros/humble/lib/aarch64-linux-gnu:/opt/ros/humble/lib:/usr/local/cuda-12.6/lib64 /usr/bin/cmake --install /home/jetson/projects/bishe/edge/build/bishe_detector[0m
[2.108s] [34mcolcon.colcon_core.environment[0m [1;30mLevel 1[0m checking '/home/jetson/projects/bishe/edge/install/bishe_detector' for CMake config files
[2.109s] [34mcolcon.colcon_core.shell[0m [1;30mLevel 1[0m create_environment_hook('bishe_detector', 'cmake_prefix_path')
[2.109s] [34mcolcon.colcon_core.shell[0m [1;30mINFO[0m Creating environment hook '/home/jetson/projects/bishe/edge/install/bishe_detector/share/bishe_detector/hook/cmake_prefix_path.ps1'
[2.111s] [34mcolcon.colcon_core.shell[0m [1;30mINFO[0m Creating environment descriptor '/home/jetson/projects/bishe/edge/install/bishe_detector/share/bishe_detector/hook/cmake_prefix_path.dsv'
[2.111s] [34mcolcon.colcon_core.shell[0m [1;30mINFO[0m Creating environment hook '/home/jetson/projects/bishe/edge/install/bishe_detector/share/bishe_detector/hook/cmake_prefix_path.sh'
[2.113s] [34mcolcon.colcon_core.environment[0m [1;30mLevel 1[0m checking '/home/jetson/projects/bishe/edge/install/bishe_detector/lib'
[2.113s] [34mcolcon.colcon_core.shell[0m [1;30mLevel 1[0m create_environment_hook('bishe_detector', 'ld_library_path_lib')
[2.113s] [34mcolcon.colcon_core.shell[0m [1;30mINFO[0m Creating environment hook '/home/jetson/projects/bishe/edge/install/bishe_detector/share/bishe_detector/hook/ld_library_path_lib.ps1'
[2.114s] [34mcolcon.colcon_core.shell[0m [1;30mINFO[0m Creating environment descriptor '/home/jetson/projects/bishe/edge/install/bishe_detector/share/bishe_detector/hook/ld_library_path_lib.dsv'
[2.115s] [34mcolcon.colcon_core.shell[0m [1;30mINFO[0m Creating environment hook '/home/jetson/projects/bishe/edge/install/bishe_detector/share/bishe_detector/hook/ld_library_path_lib.sh'
[2.116s] [34mcolcon.colcon_core.environment[0m [1;30mLevel 1[0m checking '/home/jetson/projects/bishe/edge/install/bishe_detector/bin'
[2.116s] [34mcolcon.colcon_core.environment[0m [1;30mLevel 1[0m checking '/home/jetson/projects/bishe/edge/install/bishe_detector/lib/pkgconfig/bishe_detector.pc'
[2.117s] [34mcolcon.colcon_core.environment[0m [1;30mLevel 1[0m checking '/home/jetson/projects/bishe/edge/install/bishe_detector/lib/python3.10/site-packages'
[2.118s] [34mcolcon.colcon_core.environment[0m [1;30mLevel 1[0m checking '/home/jetson/projects/bishe/edge/install/bishe_detector/bin'
[2.118s] [34mcolcon.colcon_core.shell[0m [1;30mINFO[0m Creating package script '/home/jetson/projects/bishe/edge/install/bishe_detector/share/bishe_detector/package.ps1'
[2.120s] [34mcolcon.colcon_core.shell[0m [1;30mINFO[0m Creating package descriptor '/home/jetson/projects/bishe/edge/install/bishe_detector/share/bishe_detector/package.dsv'
[2.121s] [34mcolcon.colcon_core.shell[0m [1;30mINFO[0m Creating package script '/home/jetson/projects/bishe/edge/install/bishe_detector/share/bishe_detector/package.sh'
[2.122s] [34mcolcon.colcon_core.shell[0m [1;30mINFO[0m Creating package script '/home/jetson/projects/bishe/edge/install/bishe_detector/share/bishe_detector/package.bash'
[2.123s] [34mcolcon.colcon_core.shell[0m [1;30mINFO[0m Creating package script '/home/jetson/projects/bishe/edge/install/bishe_detector/share/bishe_detector/package.zsh'
[2.123s] [34mcolcon.colcon_core.environment[0m [1;30mLevel 1[0m create_file_with_runtime_dependencies(/home/jetson/projects/bishe/edge/install/bishe_detector/share/colcon-core/packages/bishe_detector)
[2.125s] [34mcolcon.colcon_core.environment[0m [1;30mLevel 1[0m create_environment_scripts_only(bishe_detector)
[2.125s] [34mcolcon.colcon_core.environment[0m [1;30mLevel 1[0m checking '/home/jetson/projects/bishe/edge/install/bishe_detector' for CMake module files
[2.126s] [34mcolcon.colcon_core.environment[0m [1;30mLevel 1[0m checking '/home/jetson/projects/bishe/edge/install/bishe_detector' for CMake config files
[2.127s] [34mcolcon.colcon_core.shell[0m [1;30mLevel 1[0m create_environment_hook('bishe_detector', 'cmake_prefix_path')
[2.127s] [34mcolcon.colcon_core.shell[0m [1;30mINFO[0m Creating environment hook '/home/jetson/projects/bishe/edge/install/bishe_detector/share/bishe_detector/hook/cmake_prefix_path.ps1'
[2.128s] [34mcolcon.colcon_core.shell[0m [1;30mINFO[0m Creating environment descriptor '/home/jetson/projects/bishe/edge/install/bishe_detector/share/bishe_detector/hook/cmake_prefix_path.dsv'
[2.129s] [34mcolcon.colcon_core.shell[0m [1;30mINFO[0m Creating environment hook '/home/jetson/projects/bishe/edge/install/bishe_detector/share/bishe_detector/hook/cmake_prefix_path.sh'
[2.130s] [34mcolcon.colcon_core.environment[0m [1;30mLevel 1[0m checking '/home/jetson/projects/bishe/edge/install/bishe_detector/lib'
[2.130s] [34mcolcon.colcon_core.shell[0m [1;30mLevel 1[0m create_environment_hook('bishe_detector', 'ld_library_path_lib')
[2.131s] [34mcolcon.colcon_core.shell[0m [1;30mINFO[0m Creating environment hook '/home/jetson/projects/bishe/edge/install/bishe_detector/share/bishe_detector/hook/ld_library_path_lib.ps1'
[2.132s] [34mcolcon.colcon_core.shell[0m [1;30mINFO[0m Creating environment descriptor '/home/jetson/projects/bishe/edge/install/bishe_detector/share/bishe_detector/hook/ld_library_path_lib.dsv'
[2.133s] [34mcolcon.colcon_core.shell[0m [1;30mINFO[0m Creating environment hook '/home/jetson/projects/bishe/edge/install/bishe_detector/share/bishe_detector/hook/ld_library_path_lib.sh'
[2.133s] [34mcolcon.colcon_core.environment[0m [1;30mLevel 1[0m checking '/home/jetson/projects/bishe/edge/install/bishe_detector/bin'
[2.133s] [34mcolcon.colcon_core.environment[0m [1;30mLevel 1[0m checking '/home/jetson/projects/bishe/edge/install/bishe_detector/lib/pkgconfig/bishe_detector.pc'
[2.134s] [34mcolcon.colcon_core.environment[0m [1;30mLevel 1[0m checking '/home/jetson/projects/bishe/edge/install/bishe_detector/lib/python3.10/site-packages'
[2.135s] [34mcolcon.colcon_core.environment[0m [1;30mLevel 1[0m checking '/home/jetson/projects/bishe/edge/install/bishe_detector/bin'
[2.135s] [34mcolcon.colcon_core.shell[0m [1;30mINFO[0m Creating package script '/home/jetson/projects/bishe/edge/install/bishe_detector/share/bishe_detector/package.ps1'
[2.137s] [34mcolcon.colcon_core.shell[0m [1;30mINFO[0m Creating package descriptor '/home/jetson/projects/bishe/edge/install/bishe_detector/share/bishe_detector/package.dsv'
[2.138s] [34mcolcon.colcon_core.shell[0m [1;30mINFO[0m Creating package script '/home/jetson/projects/bishe/edge/install/bishe_detector/share/bishe_detector/package.sh'
[2.139s] [34mcolcon.colcon_core.shell[0m [1;30mINFO[0m Creating package script '/home/jetson/projects/bishe/edge/install/bishe_detector/share/bishe_detector/package.bash'
[2.140s] [34mcolcon.colcon_core.shell[0m [1;30mINFO[0m Creating package script '/home/jetson/projects/bishe/edge/install/bishe_detector/share/bishe_detector/package.zsh'
[2.141s] [34mcolcon.colcon_core.environment[0m [1;30mLevel 1[0m create_file_with_runtime_dependencies(/home/jetson/projects/bishe/edge/install/bishe_detector/share/colcon-core/packages/bishe_detector)
[2.148s] [34mcolcon.colcon_core.environment[0m [1;30mLevel 1[0m create_environment_scripts_only(bishe_monitor)
[2.149s] [34mcolcon.colcon_core.environment[0m [1;30mLevel 1[0m checking '/home/jetson/projects/bishe/edge/install/bishe_monitor' for CMake module files
[2.150s] [34mcolcon.colcon_core.event_handler.log_command[0m [1;30mDEBUG[0m [32mInvoked command in '/home/jetson/projects/bishe/edge/build/bishe_monitor' returned '0': CMAKE_PREFIX_PATH=/home/jetson/projects/bishe/edge/install/bishe_msgs:/home/jetson/projects/bishe/edge/install/bishe_streamer:/home/jetson/projects/bishe/edge/install/bishe_monitor:/home/jetson/projects/bishe/edge/install/bishe_detector:/home/jetson/projects/bishe/edge/install/bishe_camera:/home/jetson/projects/bishe/edge/install/bishe_mqtt:/home/jetson/projects/bishe/edge/install/bishe_launch:/opt/ros/humble LD_LIBRARY_PATH=/home/jetson/projects/bishe/edge/install/bishe_msgs/lib:/home/jetson/projects/bishe/edge/install/bishe_detector/lib:/home/jetson/projects/bishe/edge/install/bishe_camera/lib:/opt/ros/humble/opt/rviz_ogre_vendor/lib:/opt/ros/humble/lib/aarch64-linux-gnu:/opt/ros/humble/lib:/usr/local/cuda-12.6/lib64 /usr/bin/cmake --install /home/jetson/projects/bishe/edge/build/bishe_monitor[0m
[2.151s] [34mcolcon.colcon_core.environment[0m [1;30mLevel 1[0m checking '/home/jetson/projects/bishe/edge/install/bishe_monitor' for CMake config files
[2.152s] [34mcolcon.colcon_core.shell[0m [1;30mLevel 1[0m create_environment_hook('bishe_monitor', 'cmake_prefix_path')
[2.153s] [34mcolcon.colcon_core.shell[0m [1;30mINFO[0m Creating environment hook '/home/jetson/projects/bishe/edge/install/bishe_monitor/share/bishe_monitor/hook/cmake_prefix_path.ps1'
[2.154s] [34mcolcon.colcon_core.shell[0m [1;30mINFO[0m Creating environment descriptor '/home/jetson/projects/bishe/edge/install/bishe_monitor/share/bishe_monitor/hook/cmake_prefix_path.dsv'
[2.155s] [34mcolcon.colcon_core.shell[0m [1;30mINFO[0m Creating environment hook '/home/jetson/projects/bishe/edge/install/bishe_monitor/share/bishe_monitor/hook/cmake_prefix_path.sh'
[2.156s] [34mcolcon.colcon_core.environment[0m [1;30mLevel 1[0m checking '/home/jetson/projects/bishe/edge/install/bishe_monitor/lib'
[2.156s] [34mcolcon.colcon_core.environment[0m [1;30mLevel 1[0m checking '/home/jetson/projects/bishe/edge/install/bishe_monitor/bin'
[2.157s] [34mcolcon.colcon_core.environment[0m [1;30mLevel 1[0m checking '/home/jetson/projects/bishe/edge/install/bishe_monitor/lib/pkgconfig/bishe_monitor.pc'
[2.157s] [34mcolcon.colcon_core.environment[0m [1;30mLevel 1[0m checking '/home/jetson/projects/bishe/edge/install/bishe_monitor/lib/python3.10/site-packages'
[2.158s] [34mcolcon.colcon_core.environment[0m [1;30mLevel 1[0m checking '/home/jetson/projects/bishe/edge/install/bishe_monitor/bin'
[2.159s] [34mcolcon.colcon_core.shell[0m [1;30mINFO[0m Creating package script '/home/jetson/projects/bishe/edge/install/bishe_monitor/share/bishe_monitor/package.ps1'
[2.160s] [34mcolcon.colcon_core.shell[0m [1;30mINFO[0m Creating package descriptor '/home/jetson/projects/bishe/edge/install/bishe_monitor/share/bishe_monitor/package.dsv'
[2.161s] [34mcolcon.colcon_core.shell[0m [1;30mINFO[0m Creating package script '/home/jetson/projects/bishe/edge/install/bishe_monitor/share/bishe_monitor/package.sh'
[2.162s] [34mcolcon.colcon_core.shell[0m [1;30mINFO[0m Creating package script '/home/jetson/projects/bishe/edge/install/bishe_monitor/share/bishe_monitor/package.bash'
[2.162s] [34mcolcon.colcon_core.shell[0m [1;30mINFO[0m Creating package script '/home/jetson/projects/bishe/edge/install/bishe_monitor/share/bishe_monitor/package.zsh'
[2.163s] [34mcolcon.colcon_core.environment[0m [1;30mLevel 1[0m create_file_with_runtime_dependencies(/home/jetson/projects/bishe/edge/install/bishe_monitor/share/colcon-core/packages/bishe_monitor)
[2.165s] [34mcolcon.colcon_core.environment[0m [1;30mLevel 1[0m create_environment_scripts_only(bishe_monitor)
[2.165s] [34mcolcon.colcon_core.environment[0m [1;30mLevel 1[0m checking '/home/jetson/projects/bishe/edge/install/bishe_monitor' for CMake module files
[2.166s] [34mcolcon.colcon_core.environment[0m [1;30mLevel 1[0m checking '/home/jetson/projects/bishe/edge/install/bishe_monitor' for CMake config files
[2.167s] [34mcolcon.colcon_core.shell[0m [1;30mLevel 1[0m create_environment_hook('bishe_monitor', 'cmake_prefix_path')
[2.167s] [34mcolcon.colcon_core.shell[0m [1;30mINFO[0m Creating environment hook '/home/jetson/projects/bishe/edge/install/bishe_monitor/share/bishe_monitor/hook/cmake_prefix_path.ps1'
[2.168s] [34mcolcon.colcon_core.shell[0m [1;30mINFO[0m Creating environment descriptor '/home/jetson/projects/bishe/edge/install/bishe_monitor/share/bishe_monitor/hook/cmake_prefix_path.dsv'
[2.169s] [34mcolcon.colcon_core.shell[0m [1;30mINFO[0m Creating environment hook '/home/jetson/projects/bishe/edge/install/bishe_monitor/share/bishe_monitor/hook/cmake_prefix_path.sh'
[2.170s] [34mcolcon.colcon_core.environment[0m [1;30mLevel 1[0m checking '/home/jetson/projects/bishe/edge/install/bishe_monitor/lib'
[2.170s] [34mcolcon.colcon_core.environment[0m [1;30mLevel 1[0m checking '/home/jetson/projects/bishe/edge/install/bishe_monitor/bin'
[2.170s] [34mcolcon.colcon_core.environment[0m [1;30mLevel 1[0m checking '/home/jetson/projects/bishe/edge/install/bishe_monitor/lib/pkgconfig/bishe_monitor.pc'
[2.171s] [34mcolcon.colcon_core.environment[0m [1;30mLevel 1[0m checking '/home/jetson/projects/bishe/edge/install/bishe_monitor/lib/python3.10/site-packages'
[2.171s] [34mcolcon.colcon_core.environment[0m [1;30mLevel 1[0m checking '/home/jetson/projects/bishe/edge/install/bishe_monitor/bin'
[2.172s] [34mcolcon.colcon_core.shell[0m [1;30mINFO[0m Creating package script '/home/jetson/projects/bishe/edge/install/bishe_monitor/share/bishe_monitor/package.ps1'
[2.173s] [34mcolcon.colcon_core.shell[0m [1;30mINFO[0m Creating package descriptor '/home/jetson/projects/bishe/edge/install/bishe_monitor/share/bishe_monitor/package.dsv'
[2.174s] [34mcolcon.colcon_core.shell[0m [1;30mINFO[0m Creating package script '/home/jetson/projects/bishe/edge/install/bishe_monitor/share/bishe_monitor/package.sh'
[2.175s] [34mcolcon.colcon_core.shell[0m [1;30mINFO[0m Creating package script '/home/jetson/projects/bishe/edge/install/bishe_monitor/share/bishe_monitor/package.bash'
[2.176s] [34mcolcon.colcon_core.shell[0m [1;30mINFO[0m Creating package script '/home/jetson/projects/bishe/edge/install/bishe_monitor/share/bishe_monitor/package.zsh'
[2.176s] [34mcolcon.colcon_core.environment[0m [1;30mLevel 1[0m create_file_with_runtime_dependencies(/home/jetson/projects/bishe/edge/install/bishe_monitor/share/colcon-core/packages/bishe_monitor)
[2.177s] [34mcolcon.colcon_ros.task.ament_python.build[0m [1;30mINFO[0m Building ROS package in '/home/jetson/projects/bishe/edge/src/bishe_launch' with build type 'ament_python'
[2.178s] [34mcolcon.colcon_core.shell[0m [1;30mLevel 1[0m create_environment_hook('bishe_launch', 'ament_prefix_path')
[2.178s] [34mcolcon.colcon_core.shell[0m [1;30mINFO[0m Creating environment hook '/home/jetson/projects/bishe/edge/install/bishe_launch/share/bishe_launch/hook/ament_prefix_path.ps1'
[2.179s] [34mcolcon.colcon_core.shell[0m [1;30mINFO[0m Creating environment descriptor '/home/jetson/projects/bishe/edge/install/bishe_launch/share/bishe_launch/hook/ament_prefix_path.dsv'
[2.180s] [34mcolcon.colcon_core.shell[0m [1;30mINFO[0m Creating environment hook '/home/jetson/projects/bishe/edge/install/bishe_launch/share/bishe_launch/hook/ament_prefix_path.sh'
[2.181s] [34mcolcon.colcon_core.shell[0m [1;30mINFO[0m Skip shell extension 'powershell' for command environment: Not usable outside of PowerShell
[2.181s] [34mcolcon.colcon_core.shell[0m [1;30mDEBUG[0m [32mSkip shell extension 'dsv' for command environment[0m
[2.681s] [34mcolcon.colcon_core.task.python.build[0m [1;30mINFO[0m Building Python package in '/home/jetson/projects/bishe/edge/src/bishe_launch'
[2.683s] [34mcolcon.colcon_core.shell[0m [1;30mINFO[0m Skip shell extension 'powershell' for command environment: Not usable outside of PowerShell
[2.683s] [34mcolcon.colcon_core.shell[0m [1;30mDEBUG[0m [32mSkip shell extension 'dsv' for command environment[0m
[3.318s] [34mcolcon.colcon_core.event_handler.log_command[0m [1;30mDEBUG[0m [32mInvoking command in '/home/jetson/projects/bishe/edge/src/bishe_launch': LD_LIBRARY_PATH=/home/jetson/projects/bishe/edge/install/bishe_detector/lib:/home/jetson/projects/bishe/edge/install/bishe_camera/lib:/home/jetson/projects/bishe/edge/install/bishe_msgs/lib:/opt/ros/humble/opt/rviz_ogre_vendor/lib:/opt/ros/humble/lib/aarch64-linux-gnu:/opt/ros/humble/lib:/usr/local/cuda-12.6/lib64 PYTHONPATH=/home/jetson/projects/bishe/edge/build/bishe_launch/prefix_override:/usr/lib/python3/dist-packages/colcon_core/task/python/colcon_distutils_commands:/home/jetson/projects/bishe/edge/install/bishe_launch/lib/python3.10/site-packages:${PYTHONPATH} /usr/bin/python3 -W ignore:setup.py install is deprecated -W ignore:easy_install command is deprecated setup.py egg_info --egg-base ../../build/bishe_launch build --build-base /home/jetson/projects/bishe/edge/build/bishe_launch/build install --record /home/jetson/projects/bishe/edge/build/bishe_launch/install.log --single-version-externally-managed install_data[0m
[3.870s] [34mcolcon.colcon_core.environment[0m [1;30mLevel 1[0m checking '/home/jetson/projects/bishe/edge/install/bishe_launch' for CMake module files
[3.873s] [34mcolcon.colcon_core.event_handler.log_command[0m [1;30mDEBUG[0m [32mInvoked command in '/home/jetson/projects/bishe/edge/src/bishe_launch' returned '0': LD_LIBRARY_PATH=/home/jetson/projects/bishe/edge/install/bishe_detector/lib:/home/jetson/projects/bishe/edge/install/bishe_camera/lib:/home/jetson/projects/bishe/edge/install/bishe_msgs/lib:/opt/ros/humble/opt/rviz_ogre_vendor/lib:/opt/ros/humble/lib/aarch64-linux-gnu:/opt/ros/humble/lib:/usr/local/cuda-12.6/lib64 PYTHONPATH=/home/jetson/projects/bishe/edge/build/bishe_launch/prefix_override:/usr/lib/python3/dist-packages/colcon_core/task/python/colcon_distutils_commands:/home/jetson/projects/bishe/edge/install/bishe_launch/lib/python3.10/site-packages:${PYTHONPATH} /usr/bin/python3 -W ignore:setup.py install is deprecated -W ignore:easy_install command is deprecated setup.py egg_info --egg-base ../../build/bishe_launch build --build-base /home/jetson/projects/bishe/edge/build/bishe_launch/build install --record /home/jetson/projects/bishe/edge/build/bishe_launch/install.log --single-version-externally-managed install_data[0m
[3.874s] [34mcolcon.colcon_core.environment[0m [1;30mLevel 1[0m checking '/home/jetson/projects/bishe/edge/install/bishe_launch' for CMake config files
[3.875s] [34mcolcon.colcon_core.environment[0m [1;30mLevel 1[0m checking '/home/jetson/projects/bishe/edge/install/bishe_launch/lib'
[3.875s] [34mcolcon.colcon_core.environment[0m [1;30mLevel 1[0m checking '/home/jetson/projects/bishe/edge/install/bishe_launch/bin'
[3.875s] [34mcolcon.colcon_core.environment[0m [1;30mLevel 1[0m checking '/home/jetson/projects/bishe/edge/install/bishe_launch/lib/pkgconfig/bishe_launch.pc'
[3.876s] [34mcolcon.colcon_core.environment[0m [1;30mLevel 1[0m checking '/home/jetson/projects/bishe/edge/install/bishe_launch/lib/python3.10/site-packages'
[3.876s] [34mcolcon.colcon_core.shell[0m [1;30mLevel 1[0m create_environment_hook('bishe_launch', 'pythonpath')
[3.877s] [34mcolcon.colcon_core.shell[0m [1;30mINFO[0m Creating environment hook '/home/jetson/projects/bishe/edge/install/bishe_launch/share/bishe_launch/hook/pythonpath.ps1'
[3.878s] [34mcolcon.colcon_core.shell[0m [1;30mINFO[0m Creating environment descriptor '/home/jetson/projects/bishe/edge/install/bishe_launch/share/bishe_launch/hook/pythonpath.dsv'
[3.879s] [34mcolcon.colcon_core.shell[0m [1;30mINFO[0m Creating environment hook '/home/jetson/projects/bishe/edge/install/bishe_launch/share/bishe_launch/hook/pythonpath.sh'
[3.881s] [34mcolcon.colcon_core.environment[0m [1;30mLevel 1[0m checking '/home/jetson/projects/bishe/edge/install/bishe_launch/bin'
[3.881s] [34mcolcon.colcon_core.environment[0m [1;30mLevel 1[0m create_environment_scripts_only(bishe_launch)
[3.882s] [34mcolcon.colcon_core.shell[0m [1;30mINFO[0m Creating package script '/home/jetson/projects/bishe/edge/install/bishe_launch/share/bishe_launch/package.ps1'
[3.884s] [34mcolcon.colcon_core.shell[0m [1;30mINFO[0m Creating package descriptor '/home/jetson/projects/bishe/edge/install/bishe_launch/share/bishe_launch/package.dsv'
[3.885s] [34mcolcon.colcon_core.shell[0m [1;30mINFO[0m Creating package script '/home/jetson/projects/bishe/edge/install/bishe_launch/share/bishe_launch/package.sh'
[3.887s] [34mcolcon.colcon_core.shell[0m [1;30mINFO[0m Creating package script '/home/jetson/projects/bishe/edge/install/bishe_launch/share/bishe_launch/package.bash'
[3.888s] [34mcolcon.colcon_core.shell[0m [1;30mINFO[0m Creating package script '/home/jetson/projects/bishe/edge/install/bishe_launch/share/bishe_launch/package.zsh'
[3.889s] [34mcolcon.colcon_core.environment[0m [1;30mLevel 1[0m create_file_with_runtime_dependencies(/home/jetson/projects/bishe/edge/install/bishe_launch/share/colcon-core/packages/bishe_launch)
[3.890s] [34mcolcon.colcon_parallel_executor.executor.parallel[0m [1;30mDEBUG[0m [32mclosing loop[0m
[3.892s] [34mcolcon.colcon_parallel_executor.executor.parallel[0m [1;30mDEBUG[0m [32mloop closed[0m
[3.892s] [34mcolcon.colcon_parallel_executor.executor.parallel[0m [1;30mDEBUG[0m [32mrun_until_complete finished with '0'[0m
[3.893s] [34mcolcon.colcon_core.event_reactor[0m [1;30mDEBUG[0m [32mjoining thread[0m
[3.910s] [34mcolcon.colcon_core.plugin_system[0m [1;30mINFO[0m Skipping extension 'colcon_notification.desktop_notification.terminal_notifier': Not used on non-Darwin systems
[3.910s] [34mcolcon.colcon_core.plugin_system[0m [1;30mINFO[0m Skipping extension 'colcon_notification.desktop_notification.win32': Not used on non-Windows systems
[3.911s] [34mcolcon.colcon_notification.desktop_notification[0m [1;30mINFO[0m Sending desktop notification using 'notify2'
[3.965s] [34mcolcon.colcon_core.event_reactor[0m [1;30mDEBUG[0m [32mjoined thread[0m
[3.967s] [34mcolcon.colcon_core.shell[0m [1;30mINFO[0m Creating prefix script '/home/jetson/projects/bishe/edge/install/local_setup.ps1'
[3.969s] [34mcolcon.colcon_core.shell[0m [1;30mINFO[0m Creating prefix util module '/home/jetson/projects/bishe/edge/install/_local_setup_util_ps1.py'
[3.972s] [34mcolcon.colcon_core.shell[0m [1;30mINFO[0m Creating prefix chain script '/home/jetson/projects/bishe/edge/install/setup.ps1'
[3.975s] [34mcolcon.colcon_core.shell[0m [1;30mINFO[0m Creating prefix script '/home/jetson/projects/bishe/edge/install/local_setup.sh'
[3.977s] [34mcolcon.colcon_core.shell[0m [1;30mINFO[0m Creating prefix util module '/home/jetson/projects/bishe/edge/install/_local_setup_util_sh.py'
[3.978s] [34mcolcon.colcon_core.shell[0m [1;30mINFO[0m Creating prefix chain script '/home/jetson/projects/bishe/edge/install/setup.sh'
[3.981s] [34mcolcon.colcon_core.shell[0m [1;30mINFO[0m Creating prefix script '/home/jetson/projects/bishe/edge/install/local_setup.bash'
[3.982s] [34mcolcon.colcon_core.shell[0m [1;30mINFO[0m Creating prefix chain script '/home/jetson/projects/bishe/edge/install/setup.bash'
[3.985s] [34mcolcon.colcon_core.shell[0m [1;30mINFO[0m Creating prefix script '/home/jetson/projects/bishe/edge/install/local_setup.zsh'
[3.986s] [34mcolcon.colcon_core.shell[0m [1;30mINFO[0m Creating prefix chain script '/home/jetson/projects/bishe/edge/install/setup.zsh'
