[0.281s] [34mcolcon[0m [1;30mDEBUG[0m [32mCommand line arguments: ['/usr/bin/colcon', 'build'][0m
[0.281s] [34mcolcon[0m [1;30mDEBUG[0m [32mParsed command line arguments: Namespace(log_base=None, log_level=None, verb_name='build', build_base='build', install_base='install', merge_install=False, symlink_install=False, test_result_base=None, continue_on_error=False, executor='parallel', parallel_workers=6, event_handlers=None, ignore_user_meta=False, metas=['./colcon.meta'], base_paths=['.'], packages_ignore=None, packages_ignore_regex=None, paths=None, packages_up_to=None, packages_up_to_regex=None, packages_above=None, packages_above_and_dependencies=None, packages_above_depth=None, packages_select_by_dep=None, packages_skip_by_dep=None, packages_skip_up_to=None, packages_select_build_failed=False, packages_skip_build_finished=False, packages_select_test_failures=False, packages_skip_test_passed=False, packages_select=None, packages_skip=None, packages_select_regex=None, packages_skip_regex=None, packages_start=None, packages_end=None, allow_overriding=[], cmake_args=None, cmake_target=None, cmake_target_skip_unavailable=False, cmake_clean_cache=False, cmake_clean_first=False, cmake_force_configure=False, ament_cmake_args=None, catkin_cmake_args=None, catkin_skip_building_tests=False, verb_parser=<colcon_defaults.argument_parser.defaults.DefaultArgumentsDecorator object at 0xffffb738a080>, verb_extension=<colcon_core.verb.build.BuildVerb object at 0xffffb7389b40>, main=<bound method BuildVerb.main of <colcon_core.verb.build.BuildVerb object at 0xffffb7389b40>>)[0m
[0.672s] [34mcolcon.colcon_core.package_discovery[0m [1;30mLevel 1[0m discover_packages(colcon_meta) check parameters
[0.672s] [34mcolcon.colcon_core.package_discovery[0m [1;30mLevel 1[0m discover_packages(recursive) check parameters
[0.672s] [34mcolcon.colcon_core.package_discovery[0m [1;30mLevel 1[0m discover_packages(ignore) check parameters
[0.672s] [34mcolcon.colcon_core.package_discovery[0m [1;30mLevel 1[0m discover_packages(path) check parameters
[0.672s] [34mcolcon.colcon_core.package_discovery[0m [1;30mLevel 1[0m discover_packages(colcon_meta) discover
[0.673s] [34mcolcon.colcon_core.package_discovery[0m [1;30mLevel 1[0m discover_packages(recursive) discover
[0.673s] [34mcolcon.colcon_core.package_discovery[0m [1;30mINFO[0m Crawling recursively for packages in '/home/jetson/projects/bishe/edge'
[0.673s] [34mcolcon.colcon_core.package_identification[0m [1;30mLevel 1[0m _identify(.) by extensions ['ignore', 'ignore_ament_install']
[0.673s] [34mcolcon.colcon_core.package_identification[0m [1;30mLevel 1[0m _identify(.) by extension 'ignore'
[0.673s] [34mcolcon.colcon_core.package_identification[0m [1;30mLevel 1[0m _identify(.) by extension 'ignore_ament_install'
[0.673s] [34mcolcon.colcon_core.package_identification[0m [1;30mLevel 1[0m _identify(.) by extensions ['colcon_pkg']
[0.674s] [34mcolcon.colcon_core.package_identification[0m [1;30mLevel 1[0m _identify(.) by extension 'colcon_pkg'
[0.674s] [34mcolcon.colcon_core.package_identification[0m [1;30mLevel 1[0m _identify(.) by extensions ['colcon_meta']
[0.674s] [34mcolcon.colcon_core.package_identification[0m [1;30mLevel 1[0m _identify(.) by extension 'colcon_meta'
[0.674s] [34mcolcon.colcon_core.package_identification[0m [1;30mLevel 1[0m _identify(.) by extensions ['ros']
[0.674s] [34mcolcon.colcon_core.package_identification[0m [1;30mLevel 1[0m _identify(.) by extension 'ros'
[0.695s] [34mcolcon.colcon_core.package_identification[0m [1;30mLevel 1[0m _identify(.) by extensions ['cmake', 'python']
[0.695s] [34mcolcon.colcon_core.package_identification[0m [1;30mLevel 1[0m _identify(.) by extension 'cmake'
[0.695s] [34mcolcon.colcon_core.package_identification[0m [1;30mLevel 1[0m _identify(.) by extension 'python'
[0.695s] [34mcolcon.colcon_core.package_identification[0m [1;30mLevel 1[0m _identify(.) by extensions ['python_setup_py']
[0.695s] [34mcolcon.colcon_core.package_identification[0m [1;30mLevel 1[0m _identify(.) by extension 'python_setup_py'
[0.696s] [34mcolcon.colcon_core.package_identification[0m [1;30mLevel 1[0m _identify(assets) by extensions ['ignore', 'ignore_ament_install']
[0.696s] [34mcolcon.colcon_core.package_identification[0m [1;30mLevel 1[0m _identify(assets) by extension 'ignore'
[0.696s] [34mcolcon.colcon_core.package_identification[0m [1;30mLevel 1[0m _identify(assets) by extension 'ignore_ament_install'
[0.696s] [34mcolcon.colcon_core.package_identification[0m [1;30mLevel 1[0m _identify(assets) by extensions ['colcon_pkg']
[0.696s] [34mcolcon.colcon_core.package_identification[0m [1;30mLevel 1[0m _identify(assets) by extension 'colcon_pkg'
[0.696s] [34mcolcon.colcon_core.package_identification[0m [1;30mLevel 1[0m _identify(assets) by extensions ['colcon_meta']
[0.696s] [34mcolcon.colcon_core.package_identification[0m [1;30mLevel 1[0m _identify(assets) by extension 'colcon_meta'
[0.697s] [34mcolcon.colcon_core.package_identification[0m [1;30mLevel 1[0m _identify(assets) by extensions ['ros']
[0.697s] [34mcolcon.colcon_core.package_identification[0m [1;30mLevel 1[0m _identify(assets) by extension 'ros'
[0.697s] [34mcolcon.colcon_core.package_identification[0m [1;30mLevel 1[0m _identify(assets) by extensions ['cmake', 'python']
[0.697s] [34mcolcon.colcon_core.package_identification[0m [1;30mLevel 1[0m _identify(assets) by extension 'cmake'
[0.697s] [34mcolcon.colcon_core.package_identification[0m [1;30mLevel 1[0m _identify(assets) by extension 'python'
[0.697s] [34mcolcon.colcon_core.package_identification[0m [1;30mLevel 1[0m _identify(assets) by extensions ['python_setup_py']
[0.697s] [34mcolcon.colcon_core.package_identification[0m [1;30mLevel 1[0m _identify(assets) by extension 'python_setup_py'
[0.697s] [34mcolcon.colcon_core.package_identification[0m [1;30mLevel 1[0m _identify(build) by extensions ['ignore', 'ignore_ament_install']
[0.698s] [34mcolcon.colcon_core.package_identification[0m [1;30mLevel 1[0m _identify(build) by extension 'ignore'
[0.698s] [34mcolcon.colcon_core.package_identification[0m [1;30mLevel 1[0m _identify(build) ignored
[0.698s] [34mcolcon.colcon_core.package_identification[0m [1;30mLevel 1[0m _identify(docs) by extensions ['ignore', 'ignore_ament_install']
[0.698s] [34mcolcon.colcon_core.package_identification[0m [1;30mLevel 1[0m _identify(docs) by extension 'ignore'
[0.698s] [34mcolcon.colcon_core.package_identification[0m [1;30mLevel 1[0m _identify(docs) by extension 'ignore_ament_install'
[0.698s] [34mcolcon.colcon_core.package_identification[0m [1;30mLevel 1[0m _identify(docs) by extensions ['colcon_pkg']
[0.698s] [34mcolcon.colcon_core.package_identification[0m [1;30mLevel 1[0m _identify(docs) by extension 'colcon_pkg'
[0.698s] [34mcolcon.colcon_core.package_identification[0m [1;30mLevel 1[0m _identify(docs) by extensions ['colcon_meta']
[0.698s] [34mcolcon.colcon_core.package_identification[0m [1;30mLevel 1[0m _identify(docs) by extension 'colcon_meta'
[0.699s] [34mcolcon.colcon_core.package_identification[0m [1;30mLevel 1[0m _identify(docs) by extensions ['ros']
[0.699s] [34mcolcon.colcon_core.package_identification[0m [1;30mLevel 1[0m _identify(docs) by extension 'ros'
[0.699s] [34mcolcon.colcon_core.package_identification[0m [1;30mLevel 1[0m _identify(docs) by extensions ['cmake', 'python']
[0.699s] [34mcolcon.colcon_core.package_identification[0m [1;30mLevel 1[0m _identify(docs) by extension 'cmake'
[0.699s] [34mcolcon.colcon_core.package_identification[0m [1;30mLevel 1[0m _identify(docs) by extension 'python'
[0.699s] [34mcolcon.colcon_core.package_identification[0m [1;30mLevel 1[0m _identify(docs) by extensions ['python_setup_py']
[0.699s] [34mcolcon.colcon_core.package_identification[0m [1;30mLevel 1[0m _identify(docs) by extension 'python_setup_py'
[0.699s] [34mcolcon.colcon_core.package_identification[0m [1;30mLevel 1[0m _identify(docs/superpowers) by extensions ['ignore', 'ignore_ament_install']
[0.699s] [34mcolcon.colcon_core.package_identification[0m [1;30mLevel 1[0m _identify(docs/superpowers) by extension 'ignore'
[0.700s] [34mcolcon.colcon_core.package_identification[0m [1;30mLevel 1[0m _identify(docs/superpowers) by extension 'ignore_ament_install'
[0.700s] [34mcolcon.colcon_core.package_identification[0m [1;30mLevel 1[0m _identify(docs/superpowers) by extensions ['colcon_pkg']
[0.700s] [34mcolcon.colcon_core.package_identification[0m [1;30mLevel 1[0m _identify(docs/superpowers) by extension 'colcon_pkg'
[0.700s] [34mcolcon.colcon_core.package_identification[0m [1;30mLevel 1[0m _identify(docs/superpowers) by extensions ['colcon_meta']
[0.700s] [34mcolcon.colcon_core.package_identification[0m [1;30mLevel 1[0m _identify(docs/superpowers) by extension 'colcon_meta'
[0.700s] [34mcolcon.colcon_core.package_identification[0m [1;30mLevel 1[0m _identify(docs/superpowers) by extensions ['ros']
[0.700s] [34mcolcon.colcon_core.package_identification[0m [1;30mLevel 1[0m _identify(docs/superpowers) by extension 'ros'
[0.700s] [34mcolcon.colcon_core.package_identification[0m [1;30mLevel 1[0m _identify(docs/superpowers) by extensions ['cmake', 'python']
[0.700s] [34mcolcon.colcon_core.package_identification[0m [1;30mLevel 1[0m _identify(docs/superpowers) by extension 'cmake'
[0.700s] [34mcolcon.colcon_core.package_identification[0m [1;30mLevel 1[0m _identify(docs/superpowers) by extension 'python'
[0.701s] [34mcolcon.colcon_core.package_identification[0m [1;30mLevel 1[0m _identify(docs/superpowers) by extensions ['python_setup_py']
[0.701s] [34mcolcon.colcon_core.package_identification[0m [1;30mLevel 1[0m _identify(docs/superpowers) by extension 'python_setup_py'
[0.701s] [34mcolcon.colcon_core.package_identification[0m [1;30mLevel 1[0m _identify(docs/superpowers/plans) by extensions ['ignore', 'ignore_ament_install']
[0.701s] [34mcolcon.colcon_core.package_identification[0m [1;30mLevel 1[0m _identify(docs/superpowers/plans) by extension 'ignore'
[0.701s] [34mcolcon.colcon_core.package_identification[0m [1;30mLevel 1[0m _identify(docs/superpowers/plans) by extension 'ignore_ament_install'
[0.701s] [34mcolcon.colcon_core.package_identification[0m [1;30mLevel 1[0m _identify(docs/superpowers/plans) by extensions ['colcon_pkg']
[0.701s] [34mcolcon.colcon_core.package_identification[0m [1;30mLevel 1[0m _identify(docs/superpowers/plans) by extension 'colcon_pkg'
[0.701s] [34mcolcon.colcon_core.package_identification[0m [1;30mLevel 1[0m _identify(docs/superpowers/plans) by extensions ['colcon_meta']
[0.701s] [34mcolcon.colcon_core.package_identification[0m [1;30mLevel 1[0m _identify(docs/superpowers/plans) by extension 'colcon_meta'
[0.702s] [34mcolcon.colcon_core.package_identification[0m [1;30mLevel 1[0m _identify(docs/superpowers/plans) by extensions ['ros']
[0.702s] [34mcolcon.colcon_core.package_identification[0m [1;30mLevel 1[0m _identify(docs/superpowers/plans) by extension 'ros'
[0.702s] [34mcolcon.colcon_core.package_identification[0m [1;30mLevel 1[0m _identify(docs/superpowers/plans) by extensions ['cmake', 'python']
[0.702s] [34mcolcon.colcon_core.package_identification[0m [1;30mLevel 1[0m _identify(docs/superpowers/plans) by extension 'cmake'
[0.702s] [34mcolcon.colcon_core.package_identification[0m [1;30mLevel 1[0m _identify(docs/superpowers/plans) by extension 'python'
[0.702s] [34mcolcon.colcon_core.package_identification[0m [1;30mLevel 1[0m _identify(docs/superpowers/plans) by extensions ['python_setup_py']
[0.702s] [34mcolcon.colcon_core.package_identification[0m [1;30mLevel 1[0m _identify(docs/superpowers/plans) by extension 'python_setup_py'
[0.702s] [34mcolcon.colcon_core.package_identification[0m [1;30mLevel 1[0m _identify(docs/superpowers/specs) by extensions ['ignore', 'ignore_ament_install']
[0.702s] [34mcolcon.colcon_core.package_identification[0m [1;30mLevel 1[0m _identify(docs/superpowers/specs) by extension 'ignore'
[0.703s] [34mcolcon.colcon_core.package_identification[0m [1;30mLevel 1[0m _identify(docs/superpowers/specs) by extension 'ignore_ament_install'
[0.703s] [34mcolcon.colcon_core.package_identification[0m [1;30mLevel 1[0m _identify(docs/superpowers/specs) by extensions ['colcon_pkg']
[0.703s] [34mcolcon.colcon_core.package_identification[0m [1;30mLevel 1[0m _identify(docs/superpowers/specs) by extension 'colcon_pkg'
[0.703s] [34mcolcon.colcon_core.package_identification[0m [1;30mLevel 1[0m _identify(docs/superpowers/specs) by extensions ['colcon_meta']
[0.703s] [34mcolcon.colcon_core.package_identification[0m [1;30mLevel 1[0m _identify(docs/superpowers/specs) by extension 'colcon_meta'
[0.703s] [34mcolcon.colcon_core.package_identification[0m [1;30mLevel 1[0m _identify(docs/superpowers/specs) by extensions ['ros']
[0.703s] [34mcolcon.colcon_core.package_identification[0m [1;30mLevel 1[0m _identify(docs/superpowers/specs) by extension 'ros'
[0.703s] [34mcolcon.colcon_core.package_identification[0m [1;30mLevel 1[0m _identify(docs/superpowers/specs) by extensions ['cmake', 'python']
[0.703s] [34mcolcon.colcon_core.package_identification[0m [1;30mLevel 1[0m _identify(docs/superpowers/specs) by extension 'cmake'
[0.703s] [34mcolcon.colcon_core.package_identification[0m [1;30mLevel 1[0m _identify(docs/superpowers/specs) by extension 'python'
[0.703s] [34mcolcon.colcon_core.package_identification[0m [1;30mLevel 1[0m _identify(docs/superpowers/specs) by extensions ['python_setup_py']
[0.704s] [34mcolcon.colcon_core.package_identification[0m [1;30mLevel 1[0m _identify(docs/superpowers/specs) by extension 'python_setup_py'
[0.704s] [34mcolcon.colcon_core.package_identification[0m [1;30mLevel 1[0m _identify(install) by extensions ['ignore', 'ignore_ament_install']
[0.704s] [34mcolcon.colcon_core.package_identification[0m [1;30mLevel 1[0m _identify(install) by extension 'ignore'
[0.704s] [34mcolcon.colcon_core.package_identification[0m [1;30mLevel 1[0m _identify(install) ignored
[0.705s] [34mcolcon.colcon_core.package_identification[0m [1;30mLevel 1[0m _identify(log) by extensions ['ignore', 'ignore_ament_install']
[0.705s] [34mcolcon.colcon_core.package_identification[0m [1;30mLevel 1[0m _identify(log) by extension 'ignore'
[0.705s] [34mcolcon.colcon_core.package_identification[0m [1;30mLevel 1[0m _identify(log) ignored
[0.705s] [34mcolcon.colcon_core.package_identification[0m [1;30mLevel 1[0m _identify(models) by extensions ['ignore', 'ignore_ament_install']
[0.705s] [34mcolcon.colcon_core.package_identification[0m [1;30mLevel 1[0m _identify(models) by extension 'ignore'
[0.705s] [34mcolcon.colcon_core.package_identification[0m [1;30mLevel 1[0m _identify(models) by extension 'ignore_ament_install'
[0.706s] [34mcolcon.colcon_core.package_identification[0m [1;30mLevel 1[0m _identify(models) by extensions ['colcon_pkg']
[0.706s] [34mcolcon.colcon_core.package_identification[0m [1;30mLevel 1[0m _identify(models) by extension 'colcon_pkg'
[0.706s] [34mcolcon.colcon_core.package_identification[0m [1;30mLevel 1[0m _identify(models) by extensions ['colcon_meta']
[0.706s] [34mcolcon.colcon_core.package_identification[0m [1;30mLevel 1[0m _identify(models) by extension 'colcon_meta'
[0.706s] [34mcolcon.colcon_core.package_identification[0m [1;30mLevel 1[0m _identify(models) by extensions ['ros']
[0.706s] [34mcolcon.colcon_core.package_identification[0m [1;30mLevel 1[0m _identify(models) by extension 'ros'
[0.706s] [34mcolcon.colcon_core.package_identification[0m [1;30mLevel 1[0m _identify(models) by extensions ['cmake', 'python']
[0.706s] [34mcolcon.colcon_core.package_identification[0m [1;30mLevel 1[0m _identify(models) by extension 'cmake'
[0.706s] [34mcolcon.colcon_core.package_identification[0m [1;30mLevel 1[0m _identify(models) by extension 'python'
[0.706s] [34mcolcon.colcon_core.package_identification[0m [1;30mLevel 1[0m _identify(models) by extensions ['python_setup_py']
[0.706s] [34mcolcon.colcon_core.package_identification[0m [1;30mLevel 1[0m _identify(models) by extension 'python_setup_py'
[0.707s] [34mcolcon.colcon_core.package_identification[0m [1;30mLevel 1[0m _identify(models/charts) by extensions ['ignore', 'ignore_ament_install']
[0.707s] [34mcolcon.colcon_core.package_identification[0m [1;30mLevel 1[0m _identify(models/charts) by extension 'ignore'
[0.707s] [34mcolcon.colcon_core.package_identification[0m [1;30mLevel 1[0m _identify(models/charts) by extension 'ignore_ament_install'
[0.707s] [34mcolcon.colcon_core.package_identification[0m [1;30mLevel 1[0m _identify(models/charts) by extensions ['colcon_pkg']
[0.707s] [34mcolcon.colcon_core.package_identification[0m [1;30mLevel 1[0m _identify(models/charts) by extension 'colcon_pkg'
[0.707s] [34mcolcon.colcon_core.package_identification[0m [1;30mLevel 1[0m _identify(models/charts) by extensions ['colcon_meta']
[0.707s] [34mcolcon.colcon_core.package_identification[0m [1;30mLevel 1[0m _identify(models/charts) by extension 'colcon_meta'
[0.707s] [34mcolcon.colcon_core.package_identification[0m [1;30mLevel 1[0m _identify(models/charts) by extensions ['ros']
[0.707s] [34mcolcon.colcon_core.package_identification[0m [1;30mLevel 1[0m _identify(models/charts) by extension 'ros'
[0.707s] [34mcolcon.colcon_core.package_identification[0m [1;30mLevel 1[0m _identify(models/charts) by extensions ['cmake', 'python']
[0.708s] [34mcolcon.colcon_core.package_identification[0m [1;30mLevel 1[0m _identify(models/charts) by extension 'cmake'
[0.708s] [34mcolcon.colcon_core.package_identification[0m [1;30mLevel 1[0m _identify(models/charts) by extension 'python'
[0.708s] [34mcolcon.colcon_core.package_identification[0m [1;30mLevel 1[0m _identify(models/charts) by extensions ['python_setup_py']
[0.708s] [34mcolcon.colcon_core.package_identification[0m [1;30mLevel 1[0m _identify(models/charts) by extension 'python_setup_py'
[0.708s] [34mcolcon.colcon_core.package_identification[0m [1;30mLevel 1[0m _identify(src) by extensions ['ignore', 'ignore_ament_install']
[0.708s] [34mcolcon.colcon_core.package_identification[0m [1;30mLevel 1[0m _identify(src) by extension 'ignore'
[0.708s] [34mcolcon.colcon_core.package_identification[0m [1;30mLevel 1[0m _identify(src) by extension 'ignore_ament_install'
[0.708s] [34mcolcon.colcon_core.package_identification[0m [1;30mLevel 1[0m _identify(src) by extensions ['colcon_pkg']
[0.708s] [34mcolcon.colcon_core.package_identification[0m [1;30mLevel 1[0m _identify(src) by extension 'colcon_pkg'
[0.708s] [34mcolcon.colcon_core.package_identification[0m [1;30mLevel 1[0m _identify(src) by extensions ['colcon_meta']
[0.709s] [34mcolcon.colcon_core.package_identification[0m [1;30mLevel 1[0m _identify(src) by extension 'colcon_meta'
[0.709s] [34mcolcon.colcon_core.package_identification[0m [1;30mLevel 1[0m _identify(src) by extensions ['ros']
[0.709s] [34mcolcon.colcon_core.package_identification[0m [1;30mLevel 1[0m _identify(src) by extension 'ros'
[0.709s] [34mcolcon.colcon_core.package_identification[0m [1;30mLevel 1[0m _identify(src) by extensions ['cmake', 'python']
[0.709s] [34mcolcon.colcon_core.package_identification[0m [1;30mLevel 1[0m _identify(src) by extension 'cmake'
[0.709s] [34mcolcon.colcon_core.package_identification[0m [1;30mLevel 1[0m _identify(src) by extension 'python'
[0.709s] [34mcolcon.colcon_core.package_identification[0m [1;30mLevel 1[0m _identify(src) by extensions ['python_setup_py']
[0.709s] [34mcolcon.colcon_core.package_identification[0m [1;30mLevel 1[0m _identify(src) by extension 'python_setup_py'
[0.709s] [34mcolcon.colcon_core.package_identification[0m [1;30mLevel 1[0m _identify(src/bishe_camera) by extensions ['ignore', 'ignore_ament_install']
[0.710s] [34mcolcon.colcon_core.package_identification[0m [1;30mLevel 1[0m _identify(src/bishe_camera) by extension 'ignore'
[0.710s] [34mcolcon.colcon_core.package_identification[0m [1;30mLevel 1[0m _identify(src/bishe_camera) by extension 'ignore_ament_install'
[0.710s] [34mcolcon.colcon_core.package_identification[0m [1;30mLevel 1[0m _identify(src/bishe_camera) by extensions ['colcon_pkg']
[0.710s] [34mcolcon.colcon_core.package_identification[0m [1;30mLevel 1[0m _identify(src/bishe_camera) by extension 'colcon_pkg'
[0.710s] [34mcolcon.colcon_core.package_identification[0m [1;30mLevel 1[0m _identify(src/bishe_camera) by extensions ['colcon_meta']
[0.710s] [34mcolcon.colcon_core.package_identification[0m [1;30mLevel 1[0m _identify(src/bishe_camera) by extension 'colcon_meta'
[0.710s] [34mcolcon.colcon_core.package_identification[0m [1;30mLevel 1[0m _identify(src/bishe_camera) by extensions ['ros']
[0.710s] [34mcolcon.colcon_core.package_identification[0m [1;30mLevel 1[0m _identify(src/bishe_camera) by extension 'ros'
[0.716s] [34mcolcon.colcon_core.package_identification[0m [1;30mDEBUG[0m [32mPackage 'src/bishe_camera' with type 'ros.ament_cmake' and name 'bishe_camera'[0m
[0.716s] [34mcolcon.colcon_core.package_identification[0m [1;30mLevel 1[0m _identify(src/bishe_detector) by extensions ['ignore', 'ignore_ament_install']
[0.716s] [34mcolcon.colcon_core.package_identification[0m [1;30mLevel 1[0m _identify(src/bishe_detector) by extension 'ignore'
[0.717s] [34mcolcon.colcon_core.package_identification[0m [1;30mLevel 1[0m _identify(src/bishe_detector) by extension 'ignore_ament_install'
[0.717s] [34mcolcon.colcon_core.package_identification[0m [1;30mLevel 1[0m _identify(src/bishe_detector) by extensions ['colcon_pkg']
[0.717s] [34mcolcon.colcon_core.package_identification[0m [1;30mLevel 1[0m _identify(src/bishe_detector) by extension 'colcon_pkg'
[0.717s] [34mcolcon.colcon_core.package_identification[0m [1;30mLevel 1[0m _identify(src/bishe_detector) by extensions ['colcon_meta']
[0.717s] [34mcolcon.colcon_core.package_identification[0m [1;30mLevel 1[0m _identify(src/bishe_detector) by extension 'colcon_meta'
[0.717s] [34mcolcon.colcon_core.package_identification[0m [1;30mLevel 1[0m _identify(src/bishe_detector) by extensions ['ros']
[0.717s] [34mcolcon.colcon_core.package_identification[0m [1;30mLevel 1[0m _identify(src/bishe_detector) by extension 'ros'
[0.719s] [34mcolcon.colcon_core.package_identification[0m [1;30mDEBUG[0m [32mPackage 'src/bishe_detector' with type 'ros.ament_cmake' and name 'bishe_detector'[0m
[0.719s] [34mcolcon.colcon_core.package_identification[0m [1;30mLevel 1[0m _identify(src/bishe_launch) by extensions ['ignore', 'ignore_ament_install']
[0.720s] [34mcolcon.colcon_core.package_identification[0m [1;30mLevel 1[0m _identify(src/bishe_launch) by extension 'ignore'
[0.720s] [34mcolcon.colcon_core.package_identification[0m [1;30mLevel 1[0m _identify(src/bishe_launch) by extension 'ignore_ament_install'
[0.720s] [34mcolcon.colcon_core.package_identification[0m [1;30mLevel 1[0m _identify(src/bishe_launch) by extensions ['colcon_pkg']
[0.720s] [34mcolcon.colcon_core.package_identification[0m [1;30mLevel 1[0m _identify(src/bishe_launch) by extension 'colcon_pkg'
[0.720s] [34mcolcon.colcon_core.package_identification[0m [1;30mLevel 1[0m _identify(src/bishe_launch) by extensions ['colcon_meta']
[0.720s] [34mcolcon.colcon_core.package_identification[0m [1;30mLevel 1[0m _identify(src/bishe_launch) by extension 'colcon_meta'
[0.720s] [34mcolcon.colcon_core.package_identification[0m [1;30mLevel 1[0m _identify(src/bishe_launch) by extensions ['ros']
[0.720s] [34mcolcon.colcon_core.package_identification[0m [1;30mLevel 1[0m _identify(src/bishe_launch) by extension 'ros'
[0.722s] [34mcolcon.colcon_core.package_identification[0m [1;30mDEBUG[0m [32mPackage 'src/bishe_launch' with type 'ros.ament_python' and name 'bishe_launch'[0m
[0.722s] [34mcolcon.colcon_core.package_identification[0m [1;30mLevel 1[0m _identify(src/bishe_monitor) by extensions ['ignore', 'ignore_ament_install']
[0.722s] [34mcolcon.colcon_core.package_identification[0m [1;30mLevel 1[0m _identify(src/bishe_monitor) by extension 'ignore'
[0.722s] [34mcolcon.colcon_core.package_identification[0m [1;30mLevel 1[0m _identify(src/bishe_monitor) by extension 'ignore_ament_install'
[0.722s] [34mcolcon.colcon_core.package_identification[0m [1;30mLevel 1[0m _identify(src/bishe_monitor) by extensions ['colcon_pkg']
[0.722s] [34mcolcon.colcon_core.package_identification[0m [1;30mLevel 1[0m _identify(src/bishe_monitor) by extension 'colcon_pkg'
[0.722s] [34mcolcon.colcon_core.package_identification[0m [1;30mLevel 1[0m _identify(src/bishe_monitor) by extensions ['colcon_meta']
[0.722s] [34mcolcon.colcon_core.package_identification[0m [1;30mLevel 1[0m _identify(src/bishe_monitor) by extension 'colcon_meta'
[0.723s] [34mcolcon.colcon_core.package_identification[0m [1;30mLevel 1[0m _identify(src/bishe_monitor) by extensions ['ros']
[0.723s] [34mcolcon.colcon_core.package_identification[0m [1;30mLevel 1[0m _identify(src/bishe_monitor) by extension 'ros'
[0.724s] [34mcolcon.colcon_core.package_identification[0m [1;30mDEBUG[0m [32mPackage 'src/bishe_monitor' with type 'ros.ament_cmake' and name 'bishe_monitor'[0m
[0.724s] [34mcolcon.colcon_core.package_identification[0m [1;30mLevel 1[0m _identify(src/bishe_mqtt) by extensions ['ignore', 'ignore_ament_install']
[0.725s] [34mcolcon.colcon_core.package_identification[0m [1;30mLevel 1[0m _identify(src/bishe_mqtt) by extension 'ignore'
[0.725s] [34mcolcon.colcon_core.package_identification[0m [1;30mLevel 1[0m _identify(src/bishe_mqtt) by extension 'ignore_ament_install'
[0.725s] [34mcolcon.colcon_core.package_identification[0m [1;30mLevel 1[0m _identify(src/bishe_mqtt) by extensions ['colcon_pkg']
[0.725s] [34mcolcon.colcon_core.package_identification[0m [1;30mLevel 1[0m _identify(src/bishe_mqtt) by extension 'colcon_pkg'
[0.725s] [34mcolcon.colcon_core.package_identification[0m [1;30mLevel 1[0m _identify(src/bishe_mqtt) by extensions ['colcon_meta']
[0.725s] [34mcolcon.colcon_core.package_identification[0m [1;30mLevel 1[0m _identify(src/bishe_mqtt) by extension 'colcon_meta'
[0.725s] [34mcolcon.colcon_core.package_identification[0m [1;30mLevel 1[0m _identify(src/bishe_mqtt) by extensions ['ros']
[0.725s] [34mcolcon.colcon_core.package_identification[0m [1;30mLevel 1[0m _identify(src/bishe_mqtt) by extension 'ros'
[0.727s] [34mcolcon.colcon_core.package_identification[0m [1;30mDEBUG[0m [32mPackage 'src/bishe_mqtt' with type 'ros.ament_cmake' and name 'bishe_mqtt'[0m
[0.727s] [34mcolcon.colcon_core.package_identification[0m [1;30mLevel 1[0m _identify(src/bishe_msgs) by extensions ['ignore', 'ignore_ament_install']
[0.727s] [34mcolcon.colcon_core.package_identification[0m [1;30mLevel 1[0m _identify(src/bishe_msgs) by extension 'ignore'
[0.727s] [34mcolcon.colcon_core.package_identification[0m [1;30mLevel 1[0m _identify(src/bishe_msgs) by extension 'ignore_ament_install'
[0.727s] [34mcolcon.colcon_core.package_identification[0m [1;30mLevel 1[0m _identify(src/bishe_msgs) by extensions ['colcon_pkg']
[0.727s] [34mcolcon.colcon_core.package_identification[0m [1;30mLevel 1[0m _identify(src/bishe_msgs) by extension 'colcon_pkg'
[0.728s] [34mcolcon.colcon_core.package_identification[0m [1;30mLevel 1[0m _identify(src/bishe_msgs) by extensions ['colcon_meta']
[0.728s] [34mcolcon.colcon_core.package_identification[0m [1;30mLevel 1[0m _identify(src/bishe_msgs) by extension 'colcon_meta'
[0.728s] [34mcolcon.colcon_core.package_identification[0m [1;30mLevel 1[0m _identify(src/bishe_msgs) by extensions ['ros']
[0.728s] [34mcolcon.colcon_core.package_identification[0m [1;30mLevel 1[0m _identify(src/bishe_msgs) by extension 'ros'
[0.729s] [34mcolcon.colcon_core.package_identification[0m [1;30mDEBUG[0m [32mPackage 'src/bishe_msgs' with type 'ros.ament_cmake' and name 'bishe_msgs'[0m
[0.729s] [34mcolcon.colcon_core.package_identification[0m [1;30mLevel 1[0m _identify(src/bishe_streamer) by extensions ['ignore', 'ignore_ament_install']
[0.729s] [34mcolcon.colcon_core.package_identification[0m [1;30mLevel 1[0m _identify(src/bishe_streamer) by extension 'ignore'
[0.729s] [34mcolcon.colcon_core.package_identification[0m [1;30mLevel 1[0m _identify(src/bishe_streamer) by extension 'ignore_ament_install'
[0.730s] [34mcolcon.colcon_core.package_identification[0m [1;30mLevel 1[0m _identify(src/bishe_streamer) by extensions ['colcon_pkg']
[0.730s] [34mcolcon.colcon_core.package_identification[0m [1;30mLevel 1[0m _identify(src/bishe_streamer) by extension 'colcon_pkg'
[0.730s] [34mcolcon.colcon_core.package_identification[0m [1;30mLevel 1[0m _identify(src/bishe_streamer) by extensions ['colcon_meta']
[0.730s] [34mcolcon.colcon_core.package_identification[0m [1;30mLevel 1[0m _identify(src/bishe_streamer) by extension 'colcon_meta'
[0.730s] [34mcolcon.colcon_core.package_identification[0m [1;30mLevel 1[0m _identify(src/bishe_streamer) by extensions ['ros']
[0.730s] [34mcolcon.colcon_core.package_identification[0m [1;30mLevel 1[0m _identify(src/bishe_streamer) by extension 'ros'
[0.732s] [34mcolcon.colcon_core.package_identification[0m [1;30mDEBUG[0m [32mPackage 'src/bishe_streamer' with type 'ros.ament_cmake' and name 'bishe_streamer'[0m
[0.732s] [34mcolcon.colcon_core.package_identification[0m [1;30mLevel 1[0m _identify(video) by extensions ['ignore', 'ignore_ament_install']
[0.732s] [34mcolcon.colcon_core.package_identification[0m [1;30mLevel 1[0m _identify(video) by extension 'ignore'
[0.732s] [34mcolcon.colcon_core.package_identification[0m [1;30mLevel 1[0m _identify(video) by extension 'ignore_ament_install'
[0.732s] [34mcolcon.colcon_core.package_identification[0m [1;30mLevel 1[0m _identify(video) by extensions ['colcon_pkg']
[0.733s] [34mcolcon.colcon_core.package_identification[0m [1;30mLevel 1[0m _identify(video) by extension 'colcon_pkg'
[0.733s] [34mcolcon.colcon_core.package_identification[0m [1;30mLevel 1[0m _identify(video) by extensions ['colcon_meta']
[0.733s] [34mcolcon.colcon_core.package_identification[0m [1;30mLevel 1[0m _identify(video) by extension 'colcon_meta'
[0.733s] [34mcolcon.colcon_core.package_identification[0m [1;30mLevel 1[0m _identify(video) by extensions ['ros']
[0.733s] [34mcolcon.colcon_core.package_identification[0m [1;30mLevel 1[0m _identify(video) by extension 'ros'
[0.733s] [34mcolcon.colcon_core.package_identification[0m [1;30mLevel 1[0m _identify(video) by extensions ['cmake', 'python']
[0.733s] [34mcolcon.colcon_core.package_identification[0m [1;30mLevel 1[0m _identify(video) by extension 'cmake'
[0.733s] [34mcolcon.colcon_core.package_identification[0m [1;30mLevel 1[0m _identify(video) by extension 'python'
[0.733s] [34mcolcon.colcon_core.package_identification[0m [1;30mLevel 1[0m _identify(video) by extensions ['python_setup_py']
[0.733s] [34mcolcon.colcon_core.package_identification[0m [1;30mLevel 1[0m _identify(video) by extension 'python_setup_py'
[0.734s] [34mcolcon.colcon_core.package_discovery[0m [1;30mLevel 1[0m discover_packages(recursive) using defaults
[0.734s] [34mcolcon.colcon_core.package_discovery[0m [1;30mLevel 1[0m discover_packages(ignore) discover
[0.734s] [34mcolcon.colcon_core.package_discovery[0m [1;30mLevel 1[0m discover_packages(ignore) using defaults
[0.734s] [34mcolcon.colcon_core.package_discovery[0m [1;30mLevel 1[0m discover_packages(path) discover
[0.734s] [34mcolcon.colcon_core.package_discovery[0m [1;30mLevel 1[0m discover_packages(path) using defaults
[0.792s] [34mcolcon.colcon_core.package_discovery[0m [1;30mLevel 1[0m discover_packages(prefix_path) check parameters
[0.792s] [34mcolcon.colcon_core.package_discovery[0m [1;30mLevel 1[0m discover_packages(prefix_path) discover
[0.797s] [34mcolcon.colcon_installed_package_information.package_discovery[0m [1;30mDEBUG[0m [32mFound 7 installed packages in /home/jetson/projects/bishe/edge/install[0m
[0.800s] [34mcolcon.colcon_installed_package_information.package_discovery[0m [1;30mDEBUG[0m [32mFound 271 installed packages in /opt/ros/humble[0m
[0.802s] [34mcolcon.colcon_core.package_discovery[0m [1;30mLevel 1[0m discover_packages(prefix_path) using defaults
[0.877s] [34mcolcon.colcon_core.verb[0m [1;30mLevel 5[0m set package 'bishe_mqtt' build argument 'cmake_args' from command line to 'None'
[0.877s] [34mcolcon.colcon_core.verb[0m [1;30mLevel 5[0m set package 'bishe_mqtt' build argument 'cmake_target' from command line to 'None'
[0.877s] [34mcolcon.colcon_core.verb[0m [1;30mLevel 5[0m set package 'bishe_mqtt' build argument 'cmake_target_skip_unavailable' from command line to 'False'
[0.877s] [34mcolcon.colcon_core.verb[0m [1;30mLevel 5[0m set package 'bishe_mqtt' build argument 'cmake_clean_cache' from command line to 'False'
[0.877s] [34mcolcon.colcon_core.verb[0m [1;30mLevel 5[0m set package 'bishe_mqtt' build argument 'cmake_clean_first' from command line to 'False'
[0.877s] [34mcolcon.colcon_core.verb[0m [1;30mLevel 5[0m set package 'bishe_mqtt' build argument 'cmake_force_configure' from command line to 'False'
[0.878s] [34mcolcon.colcon_core.verb[0m [1;30mLevel 5[0m set package 'bishe_mqtt' build argument 'ament_cmake_args' from command line to 'None'
[0.878s] [34mcolcon.colcon_core.verb[0m [1;30mLevel 5[0m set package 'bishe_mqtt' build argument 'catkin_cmake_args' from command line to 'None'
[0.878s] [34mcolcon.colcon_core.verb[0m [1;30mLevel 5[0m set package 'bishe_mqtt' build argument 'catkin_skip_building_tests' from command line to 'False'
[0.878s] [34mcolcon.colcon_core.verb[0m [1;30mDEBUG[0m [32mBuilding package 'bishe_mqtt' with the following arguments: {'ament_cmake_args': None, 'build_base': '/home/jetson/projects/bishe/edge/build/bishe_mqtt', 'catkin_cmake_args': None, 'catkin_skip_building_tests': False, 'cmake_args': None, 'cmake_clean_cache': False, 'cmake_clean_first': False, 'cmake_force_configure': False, 'cmake_target': None, 'cmake_target_skip_unavailable': False, 'install_base': '/home/jetson/projects/bishe/edge/install/bishe_mqtt', 'merge_install': False, 'path': '/home/jetson/projects/bishe/edge/src/bishe_mqtt', 'symlink_install': False, 'test_result_base': None}[0m
[0.878s] [34mcolcon.colcon_core.verb[0m [1;30mLevel 5[0m set package 'bishe_msgs' build argument 'cmake_args' from command line to 'None'
[0.878s] [34mcolcon.colcon_core.verb[0m [1;30mLevel 5[0m set package 'bishe_msgs' build argument 'cmake_target' from command line to 'None'
[0.879s] [34mcolcon.colcon_core.verb[0m [1;30mLevel 5[0m set package 'bishe_msgs' build argument 'cmake_target_skip_unavailable' from command line to 'False'
[0.879s] [34mcolcon.colcon_core.verb[0m [1;30mLevel 5[0m set package 'bishe_msgs' build argument 'cmake_clean_cache' from command line to 'False'
[0.879s] [34mcolcon.colcon_core.verb[0m [1;30mLevel 5[0m set package 'bishe_msgs' build argument 'cmake_clean_first' from command line to 'False'
[0.879s] [34mcolcon.colcon_core.verb[0m [1;30mLevel 5[0m set package 'bishe_msgs' build argument 'cmake_force_configure' from command line to 'False'
[0.879s] [34mcolcon.colcon_core.verb[0m [1;30mLevel 5[0m set package 'bishe_msgs' build argument 'ament_cmake_args' from command line to 'None'
[0.879s] [34mcolcon.colcon_core.verb[0m [1;30mLevel 5[0m set package 'bishe_msgs' build argument 'catkin_cmake_args' from command line to 'None'
[0.879s] [34mcolcon.colcon_core.verb[0m [1;30mLevel 5[0m set package 'bishe_msgs' build argument 'catkin_skip_building_tests' from command line to 'False'
[0.879s] [34mcolcon.colcon_core.verb[0m [1;30mDEBUG[0m [32mBuilding package 'bishe_msgs' with the following arguments: {'ament_cmake_args': None, 'build_base': '/home/jetson/projects/bishe/edge/build/bishe_msgs', 'catkin_cmake_args': None, 'catkin_skip_building_tests': False, 'cmake_args': None, 'cmake_clean_cache': False, 'cmake_clean_first': False, 'cmake_force_configure': False, 'cmake_target': None, 'cmake_target_skip_unavailable': False, 'install_base': '/home/jetson/projects/bishe/edge/install/bishe_msgs', 'merge_install': False, 'path': '/home/jetson/projects/bishe/edge/src/bishe_msgs', 'symlink_install': False, 'test_result_base': None}[0m
[0.879s] [34mcolcon.colcon_core.verb[0m [1;30mLevel 5[0m set package 'bishe_camera' build argument 'cmake_args' from command line to 'None'
[0.880s] [34mcolcon.colcon_core.verb[0m [1;30mLevel 5[0m set package 'bishe_camera' build argument 'cmake_target' from command line to 'None'
[0.880s] [34mcolcon.colcon_core.verb[0m [1;30mLevel 5[0m set package 'bishe_camera' build argument 'cmake_target_skip_unavailable' from command line to 'False'
[0.880s] [34mcolcon.colcon_core.verb[0m [1;30mLevel 5[0m set package 'bishe_camera' build argument 'cmake_clean_cache' from command line to 'False'
[0.880s] [34mcolcon.colcon_core.verb[0m [1;30mLevel 5[0m set package 'bishe_camera' build argument 'cmake_clean_first' from command line to 'False'
[0.880s] [34mcolcon.colcon_core.verb[0m [1;30mLevel 5[0m set package 'bishe_camera' build argument 'cmake_force_configure' from command line to 'False'
[0.880s] [34mcolcon.colcon_core.verb[0m [1;30mLevel 5[0m set package 'bishe_camera' build argument 'ament_cmake_args' from command line to 'None'
[0.880s] [34mcolcon.colcon_core.verb[0m [1;30mLevel 5[0m set package 'bishe_camera' build argument 'catkin_cmake_args' from command line to 'None'
[0.880s] [34mcolcon.colcon_core.verb[0m [1;30mLevel 5[0m set package 'bishe_camera' build argument 'catkin_skip_building_tests' from command line to 'False'
[0.880s] [34mcolcon.colcon_core.verb[0m [1;30mDEBUG[0m [32mBuilding package 'bishe_camera' with the following arguments: {'ament_cmake_args': None, 'build_base': '/home/jetson/projects/bishe/edge/build/bishe_camera', 'catkin_cmake_args': None, 'catkin_skip_building_tests': False, 'cmake_args': None, 'cmake_clean_cache': False, 'cmake_clean_first': False, 'cmake_force_configure': False, 'cmake_target': None, 'cmake_target_skip_unavailable': False, 'install_base': '/home/jetson/projects/bishe/edge/install/bishe_camera', 'merge_install': False, 'path': '/home/jetson/projects/bishe/edge/src/bishe_camera', 'symlink_install': False, 'test_result_base': None}[0m
[0.880s] [34mcolcon.colcon_core.verb[0m [1;30mLevel 5[0m set package 'bishe_detector' build argument 'cmake_args' from command line to 'None'
[0.881s] [34mcolcon.colcon_core.verb[0m [1;30mLevel 5[0m set package 'bishe_detector' build argument 'cmake_target' from command line to 'None'
[0.881s] [34mcolcon.colcon_core.verb[0m [1;30mLevel 5[0m set package 'bishe_detector' build argument 'cmake_target_skip_unavailable' from command line to 'False'
[0.881s] [34mcolcon.colcon_core.verb[0m [1;30mLevel 5[0m set package 'bishe_detector' build argument 'cmake_clean_cache' from command line to 'False'
[0.881s] [34mcolcon.colcon_core.verb[0m [1;30mLevel 5[0m set package 'bishe_detector' build argument 'cmake_clean_first' from command line to 'False'
[0.881s] [34mcolcon.colcon_core.verb[0m [1;30mLevel 5[0m set package 'bishe_detector' build argument 'cmake_force_configure' from command line to 'False'
[0.881s] [34mcolcon.colcon_core.verb[0m [1;30mLevel 5[0m set package 'bishe_detector' build argument 'ament_cmake_args' from command line to 'None'
[0.881s] [34mcolcon.colcon_core.verb[0m [1;30mLevel 5[0m set package 'bishe_detector' build argument 'catkin_cmake_args' from command line to 'None'
[0.881s] [34mcolcon.colcon_core.verb[0m [1;30mLevel 5[0m set package 'bishe_detector' build argument 'catkin_skip_building_tests' from command line to 'False'
[0.881s] [34mcolcon.colcon_core.verb[0m [1;30mDEBUG[0m [32mBuilding package 'bishe_detector' with the following arguments: {'ament_cmake_args': None, 'build_base': '/home/jetson/projects/bishe/edge/build/bishe_detector', 'catkin_cmake_args': None, 'catkin_skip_building_tests': False, 'cmake_args': None, 'cmake_clean_cache': False, 'cmake_clean_first': False, 'cmake_force_configure': False, 'cmake_target': None, 'cmake_target_skip_unavailable': False, 'install_base': '/home/jetson/projects/bishe/edge/install/bishe_detector', 'merge_install': False, 'path': '/home/jetson/projects/bishe/edge/src/bishe_detector', 'symlink_install': False, 'test_result_base': None}[0m
[0.882s] [34mcolcon.colcon_core.verb[0m [1;30mLevel 5[0m set package 'bishe_monitor' build argument 'cmake_args' from command line to 'None'
[0.882s] [34mcolcon.colcon_core.verb[0m [1;30mLevel 5[0m set package 'bishe_monitor' build argument 'cmake_target' from command line to 'None'
[0.882s] [34mcolcon.colcon_core.verb[0m [1;30mLevel 5[0m set package 'bishe_monitor' build argument 'cmake_target_skip_unavailable' from command line to 'False'
[0.882s] [34mcolcon.colcon_core.verb[0m [1;30mLevel 5[0m set package 'bishe_monitor' build argument 'cmake_clean_cache' from command line to 'False'
[0.882s] [34mcolcon.colcon_core.verb[0m [1;30mLevel 5[0m set package 'bishe_monitor' build argument 'cmake_clean_first' from command line to 'False'
[0.882s] [34mcolcon.colcon_core.verb[0m [1;30mLevel 5[0m set package 'bishe_monitor' build argument 'cmake_force_configure' from command line to 'False'
[0.882s] [34mcolcon.colcon_core.verb[0m [1;30mLevel 5[0m set package 'bishe_monitor' build argument 'ament_cmake_args' from command line to 'None'
[0.882s] [34mcolcon.colcon_core.verb[0m [1;30mLevel 5[0m set package 'bishe_monitor' build argument 'catkin_cmake_args' from command line to 'None'
[0.882s] [34mcolcon.colcon_core.verb[0m [1;30mLevel 5[0m set package 'bishe_monitor' build argument 'catkin_skip_building_tests' from command line to 'False'
[0.882s] [34mcolcon.colcon_core.verb[0m [1;30mDEBUG[0m [32mBuilding package 'bishe_monitor' with the following arguments: {'ament_cmake_args': None, 'build_base': '/home/jetson/projects/bishe/edge/build/bishe_monitor', 'catkin_cmake_args': None, 'catkin_skip_building_tests': False, 'cmake_args': None, 'cmake_clean_cache': False, 'cmake_clean_first': False, 'cmake_force_configure': False, 'cmake_target': None, 'cmake_target_skip_unavailable': False, 'install_base': '/home/jetson/projects/bishe/edge/install/bishe_monitor', 'merge_install': False, 'path': '/home/jetson/projects/bishe/edge/src/bishe_monitor', 'symlink_install': False, 'test_result_base': None}[0m
[0.883s] [34mcolcon.colcon_core.verb[0m [1;30mLevel 5[0m set package 'bishe_streamer' build argument 'cmake_args' from command line to 'None'
[0.883s] [34mcolcon.colcon_core.verb[0m [1;30mLevel 5[0m set package 'bishe_streamer' build argument 'cmake_target' from command line to 'None'
[0.883s] [34mcolcon.colcon_core.verb[0m [1;30mLevel 5[0m set package 'bishe_streamer' build argument 'cmake_target_skip_unavailable' from command line to 'False'
[0.883s] [34mcolcon.colcon_core.verb[0m [1;30mLevel 5[0m set package 'bishe_streamer' build argument 'cmake_clean_cache' from command line to 'False'
[0.883s] [34mcolcon.colcon_core.verb[0m [1;30mLevel 5[0m set package 'bishe_streamer' build argument 'cmake_clean_first' from command line to 'False'
[0.883s] [34mcolcon.colcon_core.verb[0m [1;30mLevel 5[0m set package 'bishe_streamer' build argument 'cmake_force_configure' from command line to 'False'
[0.883s] [34mcolcon.colcon_core.verb[0m [1;30mLevel 5[0m set package 'bishe_streamer' build argument 'ament_cmake_args' from command line to 'None'
[0.883s] [34mcolcon.colcon_core.verb[0m [1;30mLevel 5[0m set package 'bishe_streamer' build argument 'catkin_cmake_args' from command line to 'None'
[0.883s] [34mcolcon.colcon_core.verb[0m [1;30mLevel 5[0m set package 'bishe_streamer' build argument 'catkin_skip_building_tests' from command line to 'False'
[0.883s] [34mcolcon.colcon_core.verb[0m [1;30mDEBUG[0m [32mBuilding package 'bishe_streamer' with the following arguments: {'ament_cmake_args': None, 'build_base': '/home/jetson/projects/bishe/edge/build/bishe_streamer', 'catkin_cmake_args': None, 'catkin_skip_building_tests': False, 'cmake_args': None, 'cmake_clean_cache': False, 'cmake_clean_first': False, 'cmake_force_configure': False, 'cmake_target': None, 'cmake_target_skip_unavailable': False, 'install_base': '/home/jetson/projects/bishe/edge/install/bishe_streamer', 'merge_install': False, 'path': '/home/jetson/projects/bishe/edge/src/bishe_streamer', 'symlink_install': False, 'test_result_base': None}[0m
[0.884s] [34mcolcon.colcon_core.verb[0m [1;30mLevel 5[0m set package 'bishe_launch' build argument 'cmake_args' from command line to 'None'
[0.884s] [34mcolcon.colcon_core.verb[0m [1;30mLevel 5[0m set package 'bishe_launch' build argument 'cmake_target' from command line to 'None'
[0.884s] [34mcolcon.colcon_core.verb[0m [1;30mLevel 5[0m set package 'bishe_launch' build argument 'cmake_target_skip_unavailable' from command line to 'False'
[0.884s] [34mcolcon.colcon_core.verb[0m [1;30mLevel 5[0m set package 'bishe_launch' build argument 'cmake_clean_cache' from command line to 'False'
[0.884s] [34mcolcon.colcon_core.verb[0m [1;30mLevel 5[0m set package 'bishe_launch' build argument 'cmake_clean_first' from command line to 'False'
[0.884s] [34mcolcon.colcon_core.verb[0m [1;30mLevel 5[0m set package 'bishe_launch' build argument 'cmake_force_configure' from command line to 'False'
[0.884s] [34mcolcon.colcon_core.verb[0m [1;30mLevel 5[0m set package 'bishe_launch' build argument 'ament_cmake_args' from command line to 'None'
[0.884s] [34mcolcon.colcon_core.verb[0m [1;30mLevel 5[0m set package 'bishe_launch' build argument 'catkin_cmake_args' from command line to 'None'
[0.884s] [34mcolcon.colcon_core.verb[0m [1;30mLevel 5[0m set package 'bishe_launch' build argument 'catkin_skip_building_tests' from command line to 'False'
[0.884s] [34mcolcon.colcon_core.verb[0m [1;30mDEBUG[0m [32mBuilding package 'bishe_launch' with the following arguments: {'ament_cmake_args': None, 'build_base': '/home/jetson/projects/bishe/edge/build/bishe_launch', 'catkin_cmake_args': None, 'catkin_skip_building_tests': False, 'cmake_args': None, 'cmake_clean_cache': False, 'cmake_clean_first': False, 'cmake_force_configure': False, 'cmake_target': None, 'cmake_target_skip_unavailable': False, 'install_base': '/home/jetson/projects/bishe/edge/install/bishe_launch', 'merge_install': False, 'path': '/home/jetson/projects/bishe/edge/src/bishe_launch', 'symlink_install': False, 'test_result_base': None}[0m
[0.884s] [34mcolcon.colcon_core.executor[0m [1;30mINFO[0m Executing jobs using 'parallel' executor
[0.886s] [34mcolcon.colcon_parallel_executor.executor.parallel[0m [1;30mDEBUG[0m [32mrun_until_complete[0m
[0.887s] [34mcolcon.colcon_ros.task.ament_cmake.build[0m [1;30mINFO[0m Building ROS package in '/home/jetson/projects/bishe/edge/src/bishe_msgs' with build type 'ament_cmake'
[0.887s] [34mcolcon.colcon_cmake.task.cmake.build[0m [1;30mINFO[0m Building CMake package in '/home/jetson/projects/bishe/edge/src/bishe_msgs'
[0.892s] [34mcolcon.colcon_core.plugin_system[0m [1;30mINFO[0m Skipping extension 'colcon_core.shell.bat': Not used on non-Windows systems
[0.893s] [34mcolcon.colcon_core.shell[0m [1;30mINFO[0m Skip shell extension 'powershell' for command environment: Not usable outside of PowerShell
[0.893s] [34mcolcon.colcon_core.shell[0m [1;30mDEBUG[0m [32mSkip shell extension 'dsv' for command environment[0m
[0.900s] [34mcolcon.colcon_ros.task.ament_cmake.build[0m [1;30mINFO[0m Building ROS package in '/home/jetson/projects/bishe/edge/src/bishe_mqtt' with build type 'ament_cmake'
[0.900s] [34mcolcon.colcon_cmake.task.cmake.build[0m [1;30mINFO[0m Building CMake package in '/home/jetson/projects/bishe/edge/src/bishe_mqtt'
[0.901s] [34mcolcon.colcon_core.shell[0m [1;30mINFO[0m Skip shell extension 'powershell' for command environment: Not usable outside of PowerShell
[0.901s] [34mcolcon.colcon_core.shell[0m [1;30mDEBUG[0m [32mSkip shell extension 'dsv' for command environment[0m
[0.914s] [34mcolcon.colcon_core.event_handler.log_command[0m [1;30mDEBUG[0m [32mInvoking command in '/home/jetson/projects/bishe/edge/build/bishe_msgs': CMAKE_PREFIX_PATH=${CMAKE_PREFIX_PATH}:/home/jetson/projects/bishe/edge/install/bishe_launch:/opt/ros/humble /usr/bin/cmake --build /home/jetson/projects/bishe/edge/build/bishe_msgs -- -j6 -l6[0m
[0.920s] [34mcolcon.colcon_core.event_handler.log_command[0m [1;30mDEBUG[0m [32mInvoking command in '/home/jetson/projects/bishe/edge/build/bishe_mqtt': CMAKE_PREFIX_PATH=${CMAKE_PREFIX_PATH}:/home/jetson/projects/bishe/edge/install/bishe_launch:/opt/ros/humble /usr/bin/cmake --build /home/jetson/projects/bishe/edge/build/bishe_mqtt -- -j6 -l6[0m
[1.089s] [34mcolcon.colcon_core.event_handler.log_command[0m [1;30mDEBUG[0m [32mInvoked command in '/home/jetson/projects/bishe/edge/build/bishe_mqtt' returned '0': CMAKE_PREFIX_PATH=${CMAKE_PREFIX_PATH}:/home/jetson/projects/bishe/edge/install/bishe_launch:/opt/ros/humble /usr/bin/cmake --build /home/jetson/projects/bishe/edge/build/bishe_mqtt -- -j6 -l6[0m
[1.114s] [34mcolcon.colcon_core.event_handler.log_command[0m [1;30mDEBUG[0m [32mInvoking command in '/home/jetson/projects/bishe/edge/build/bishe_mqtt': CMAKE_PREFIX_PATH=${CMAKE_PREFIX_PATH}:/home/jetson/projects/bishe/edge/install/bishe_launch:/opt/ros/humble /usr/bin/cmake --install /home/jetson/projects/bishe/edge/build/bishe_mqtt[0m
[1.174s] [34mcolcon.colcon_core.environment[0m [1;30mLevel 1[0m create_environment_scripts_only(bishe_mqtt)
[1.177s] [34mcolcon.colcon_core.event_handler.log_command[0m [1;30mDEBUG[0m [32mInvoked command in '/home/jetson/projects/bishe/edge/build/bishe_mqtt' returned '0': CMAKE_PREFIX_PATH=${CMAKE_PREFIX_PATH}:/home/jetson/projects/bishe/edge/install/bishe_launch:/opt/ros/humble /usr/bin/cmake --install /home/jetson/projects/bishe/edge/build/bishe_mqtt[0m
[1.183s] [34mcolcon.colcon_core.environment[0m [1;30mLevel 1[0m checking '/home/jetson/projects/bishe/edge/install/bishe_mqtt' for CMake module files
[1.184s] [34mcolcon.colcon_core.environment[0m [1;30mLevel 1[0m checking '/home/jetson/projects/bishe/edge/install/bishe_mqtt' for CMake config files
[1.185s] [34mcolcon.colcon_core.shell[0m [1;30mLevel 1[0m create_environment_hook('bishe_mqtt', 'cmake_prefix_path')
[1.186s] [34mcolcon.colcon_core.shell[0m [1;30mINFO[0m Creating environment hook '/home/jetson/projects/bishe/edge/install/bishe_mqtt/share/bishe_mqtt/hook/cmake_prefix_path.ps1'
[1.187s] [34mcolcon.colcon_core.shell[0m [1;30mINFO[0m Creating environment descriptor '/home/jetson/projects/bishe/edge/install/bishe_mqtt/share/bishe_mqtt/hook/cmake_prefix_path.dsv'
[1.188s] [34mcolcon.colcon_core.shell[0m [1;30mINFO[0m Creating environment hook '/home/jetson/projects/bishe/edge/install/bishe_mqtt/share/bishe_mqtt/hook/cmake_prefix_path.sh'
[1.191s] [34mcolcon.colcon_core.environment[0m [1;30mLevel 1[0m checking '/home/jetson/projects/bishe/edge/install/bishe_mqtt/lib'
[1.191s] [34mcolcon.colcon_core.environment[0m [1;30mLevel 1[0m checking '/home/jetson/projects/bishe/edge/install/bishe_mqtt/bin'
[1.191s] [34mcolcon.colcon_core.environment[0m [1;30mLevel 1[0m checking '/home/jetson/projects/bishe/edge/install/bishe_mqtt/lib/pkgconfig/bishe_mqtt.pc'
[1.192s] [34mcolcon.colcon_core.environment[0m [1;30mLevel 1[0m checking '/home/jetson/projects/bishe/edge/install/bishe_mqtt/lib/python3.10/site-packages'
[1.192s] [34mcolcon.colcon_core.environment[0m [1;30mLevel 1[0m checking '/home/jetson/projects/bishe/edge/install/bishe_mqtt/bin'
[1.193s] [34mcolcon.colcon_core.shell[0m [1;30mINFO[0m Creating package script '/home/jetson/projects/bishe/edge/install/bishe_mqtt/share/bishe_mqtt/package.ps1'
[1.194s] [34mcolcon.colcon_core.shell[0m [1;30mINFO[0m Creating package descriptor '/home/jetson/projects/bishe/edge/install/bishe_mqtt/share/bishe_mqtt/package.dsv'
[1.196s] [34mcolcon.colcon_core.shell[0m [1;30mINFO[0m Creating package script '/home/jetson/projects/bishe/edge/install/bishe_mqtt/share/bishe_mqtt/package.sh'
[1.198s] [34mcolcon.colcon_core.shell[0m [1;30mINFO[0m Creating package script '/home/jetson/projects/bishe/edge/install/bishe_mqtt/share/bishe_mqtt/package.bash'
[1.200s] [34mcolcon.colcon_core.shell[0m [1;30mINFO[0m Creating package script '/home/jetson/projects/bishe/edge/install/bishe_mqtt/share/bishe_mqtt/package.zsh'
[1.201s] [34mcolcon.colcon_core.environment[0m [1;30mLevel 1[0m create_file_with_runtime_dependencies(/home/jetson/projects/bishe/edge/install/bishe_mqtt/share/colcon-core/packages/bishe_mqtt)
[1.203s] [34mcolcon.colcon_core.environment[0m [1;30mLevel 1[0m create_environment_scripts_only(bishe_mqtt)
[1.204s] [34mcolcon.colcon_core.environment[0m [1;30mLevel 1[0m checking '/home/jetson/projects/bishe/edge/install/bishe_mqtt' for CMake module files
[1.205s] [34mcolcon.colcon_core.environment[0m [1;30mLevel 1[0m checking '/home/jetson/projects/bishe/edge/install/bishe_mqtt' for CMake config files
[1.205s] [34mcolcon.colcon_core.shell[0m [1;30mLevel 1[0m create_environment_hook('bishe_mqtt', 'cmake_prefix_path')
[1.206s] [34mcolcon.colcon_core.shell[0m [1;30mINFO[0m Creating environment hook '/home/jetson/projects/bishe/edge/install/bishe_mqtt/share/bishe_mqtt/hook/cmake_prefix_path.ps1'
[1.207s] [34mcolcon.colcon_core.shell[0m [1;30mINFO[0m Creating environment descriptor '/home/jetson/projects/bishe/edge/install/bishe_mqtt/share/bishe_mqtt/hook/cmake_prefix_path.dsv'
[1.209s] [34mcolcon.colcon_core.shell[0m [1;30mINFO[0m Creating environment hook '/home/jetson/projects/bishe/edge/install/bishe_mqtt/share/bishe_mqtt/hook/cmake_prefix_path.sh'
[1.211s] [34mcolcon.colcon_core.environment[0m [1;30mLevel 1[0m checking '/home/jetson/projects/bishe/edge/install/bishe_mqtt/lib'
[1.211s] [34mcolcon.colcon_core.environment[0m [1;30mLevel 1[0m checking '/home/jetson/projects/bishe/edge/install/bishe_mqtt/bin'
[1.211s] [34mcolcon.colcon_core.environment[0m [1;30mLevel 1[0m checking '/home/jetson/projects/bishe/edge/install/bishe_mqtt/lib/pkgconfig/bishe_mqtt.pc'
[1.211s] [34mcolcon.colcon_core.environment[0m [1;30mLevel 1[0m checking '/home/jetson/projects/bishe/edge/install/bishe_mqtt/lib/python3.10/site-packages'
[1.212s] [34mcolcon.colcon_core.environment[0m [1;30mLevel 1[0m checking '/home/jetson/projects/bishe/edge/install/bishe_mqtt/bin'
[1.213s] [34mcolcon.colcon_core.shell[0m [1;30mINFO[0m Creating package script '/home/jetson/projects/bishe/edge/install/bishe_mqtt/share/bishe_mqtt/package.ps1'
[1.214s] [34mcolcon.colcon_core.shell[0m [1;30mINFO[0m Creating package descriptor '/home/jetson/projects/bishe/edge/install/bishe_mqtt/share/bishe_mqtt/package.dsv'
[1.215s] [34mcolcon.colcon_core.shell[0m [1;30mINFO[0m Creating package script '/home/jetson/projects/bishe/edge/install/bishe_mqtt/share/bishe_mqtt/package.sh'
[1.216s] [34mcolcon.colcon_core.shell[0m [1;30mINFO[0m Creating package script '/home/jetson/projects/bishe/edge/install/bishe_mqtt/share/bishe_mqtt/package.bash'
[1.217s] [34mcolcon.colcon_core.shell[0m [1;30mINFO[0m Creating package script '/home/jetson/projects/bishe/edge/install/bishe_mqtt/share/bishe_mqtt/package.zsh'
[1.218s] [34mcolcon.colcon_core.environment[0m [1;30mLevel 1[0m create_file_with_runtime_dependencies(/home/jetson/projects/bishe/edge/install/bishe_mqtt/share/colcon-core/packages/bishe_mqtt)
[1.638s] [34mcolcon.colcon_core.event_handler.log_command[0m [1;30mDEBUG[0m [32mInvoked command in '/home/jetson/projects/bishe/edge/build/bishe_msgs' returned '0': CMAKE_PREFIX_PATH=${CMAKE_PREFIX_PATH}:/home/jetson/projects/bishe/edge/install/bishe_launch:/opt/ros/humble /usr/bin/cmake --build /home/jetson/projects/bishe/edge/build/bishe_msgs -- -j6 -l6[0m
[1.642s] [34mcolcon.colcon_core.event_handler.log_command[0m [1;30mDEBUG[0m [32mInvoking command in '/home/jetson/projects/bishe/edge/build/bishe_msgs': CMAKE_PREFIX_PATH=${CMAKE_PREFIX_PATH}:/home/jetson/projects/bishe/edge/install/bishe_launch:/opt/ros/humble /usr/bin/cmake --install /home/jetson/projects/bishe/edge/build/bishe_msgs[0m
[1.779s] [34mcolcon.colcon_core.environment[0m [1;30mLevel 1[0m create_environment_scripts_only(bishe_msgs)
[1.780s] [34mcolcon.colcon_core.environment[0m [1;30mLevel 1[0m checking '/home/jetson/projects/bishe/edge/install/bishe_msgs' for CMake module files
[1.782s] [34mcolcon.colcon_core.event_handler.log_command[0m [1;30mDEBUG[0m [32mInvoked command in '/home/jetson/projects/bishe/edge/build/bishe_msgs' returned '0': CMAKE_PREFIX_PATH=${CMAKE_PREFIX_PATH}:/home/jetson/projects/bishe/edge/install/bishe_launch:/opt/ros/humble /usr/bin/cmake --install /home/jetson/projects/bishe/edge/build/bishe_msgs[0m
[1.782s] [34mcolcon.colcon_core.environment[0m [1;30mLevel 1[0m checking '/home/jetson/projects/bishe/edge/install/bishe_msgs' for CMake config files
[1.784s] [34mcolcon.colcon_core.shell[0m [1;30mLevel 1[0m create_environment_hook('bishe_msgs', 'cmake_prefix_path')
[1.785s] [34mcolcon.colcon_core.shell[0m [1;30mINFO[0m Creating environment hook '/home/jetson/projects/bishe/edge/install/bishe_msgs/share/bishe_msgs/hook/cmake_prefix_path.ps1'
[1.786s] [34mcolcon.colcon_core.shell[0m [1;30mINFO[0m Creating environment descriptor '/home/jetson/projects/bishe/edge/install/bishe_msgs/share/bishe_msgs/hook/cmake_prefix_path.dsv'
[1.786s] [34mcolcon.colcon_core.shell[0m [1;30mINFO[0m Creating environment hook '/home/jetson/projects/bishe/edge/install/bishe_msgs/share/bishe_msgs/hook/cmake_prefix_path.sh'
[1.787s] [34mcolcon.colcon_core.environment[0m [1;30mLevel 1[0m checking '/home/jetson/projects/bishe/edge/install/bishe_msgs/lib'
[1.787s] [34mcolcon.colcon_core.shell[0m [1;30mLevel 1[0m create_environment_hook('bishe_msgs', 'ld_library_path_lib')
[1.788s] [34mcolcon.colcon_core.shell[0m [1;30mINFO[0m Creating environment hook '/home/jetson/projects/bishe/edge/install/bishe_msgs/share/bishe_msgs/hook/ld_library_path_lib.ps1'
[1.788s] [34mcolcon.colcon_core.shell[0m [1;30mINFO[0m Creating environment descriptor '/home/jetson/projects/bishe/edge/install/bishe_msgs/share/bishe_msgs/hook/ld_library_path_lib.dsv'
[1.789s] [34mcolcon.colcon_core.shell[0m [1;30mINFO[0m Creating environment hook '/home/jetson/projects/bishe/edge/install/bishe_msgs/share/bishe_msgs/hook/ld_library_path_lib.sh'
[1.790s] [34mcolcon.colcon_core.environment[0m [1;30mLevel 1[0m checking '/home/jetson/projects/bishe/edge/install/bishe_msgs/bin'
[1.790s] [34mcolcon.colcon_core.environment[0m [1;30mLevel 1[0m checking '/home/jetson/projects/bishe/edge/install/bishe_msgs/lib/pkgconfig/bishe_msgs.pc'
[1.790s] [34mcolcon.colcon_core.environment[0m [1;30mLevel 1[0m checking '/home/jetson/projects/bishe/edge/install/bishe_msgs/lib/python3.10/site-packages'
[1.791s] [34mcolcon.colcon_core.environment[0m [1;30mLevel 1[0m checking '/home/jetson/projects/bishe/edge/install/bishe_msgs/bin'
[1.791s] [34mcolcon.colcon_core.shell[0m [1;30mINFO[0m Creating package script '/home/jetson/projects/bishe/edge/install/bishe_msgs/share/bishe_msgs/package.ps1'
[1.793s] [34mcolcon.colcon_core.shell[0m [1;30mINFO[0m Creating package descriptor '/home/jetson/projects/bishe/edge/install/bishe_msgs/share/bishe_msgs/package.dsv'
[1.793s] [34mcolcon.colcon_core.shell[0m [1;30mINFO[0m Creating package script '/home/jetson/projects/bishe/edge/install/bishe_msgs/share/bishe_msgs/package.sh'
[1.794s] [34mcolcon.colcon_core.shell[0m [1;30mINFO[0m Creating package script '/home/jetson/projects/bishe/edge/install/bishe_msgs/share/bishe_msgs/package.bash'
[1.795s] [34mcolcon.colcon_core.shell[0m [1;30mINFO[0m Creating package script '/home/jetson/projects/bishe/edge/install/bishe_msgs/share/bishe_msgs/package.zsh'
[1.795s] [34mcolcon.colcon_core.environment[0m [1;30mLevel 1[0m create_file_with_runtime_dependencies(/home/jetson/projects/bishe/edge/install/bishe_msgs/share/colcon-core/packages/bishe_msgs)
[1.797s] [34mcolcon.colcon_core.environment[0m [1;30mLevel 1[0m create_environment_scripts_only(bishe_msgs)
[1.797s] [34mcolcon.colcon_core.environment[0m [1;30mLevel 1[0m checking '/home/jetson/projects/bishe/edge/install/bishe_msgs' for CMake module files
[1.798s] [34mcolcon.colcon_core.environment[0m [1;30mLevel 1[0m checking '/home/jetson/projects/bishe/edge/install/bishe_msgs' for CMake config files
[1.800s] [34mcolcon.colcon_core.shell[0m [1;30mLevel 1[0m create_environment_hook('bishe_msgs', 'cmake_prefix_path')
[1.800s] [34mcolcon.colcon_core.shell[0m [1;30mINFO[0m Creating environment hook '/home/jetson/projects/bishe/edge/install/bishe_msgs/share/bishe_msgs/hook/cmake_prefix_path.ps1'
[1.801s] [34mcolcon.colcon_core.shell[0m [1;30mINFO[0m Creating environment descriptor '/home/jetson/projects/bishe/edge/install/bishe_msgs/share/bishe_msgs/hook/cmake_prefix_path.dsv'
[1.802s] [34mcolcon.colcon_core.shell[0m [1;30mINFO[0m Creating environment hook '/home/jetson/projects/bishe/edge/install/bishe_msgs/share/bishe_msgs/hook/cmake_prefix_path.sh'
[1.803s] [34mcolcon.colcon_core.environment[0m [1;30mLevel 1[0m checking '/home/jetson/projects/bishe/edge/install/bishe_msgs/lib'
[1.803s] [34mcolcon.colcon_core.shell[0m [1;30mLevel 1[0m create_environment_hook('bishe_msgs', 'ld_library_path_lib')
[1.803s] [34mcolcon.colcon_core.shell[0m [1;30mINFO[0m Creating environment hook '/home/jetson/projects/bishe/edge/install/bishe_msgs/share/bishe_msgs/hook/ld_library_path_lib.ps1'
[1.804s] [34mcolcon.colcon_core.shell[0m [1;30mINFO[0m Creating environment descriptor '/home/jetson/projects/bishe/edge/install/bishe_msgs/share/bishe_msgs/hook/ld_library_path_lib.dsv'
[1.804s] [34mcolcon.colcon_core.shell[0m [1;30mINFO[0m Creating environment hook '/home/jetson/projects/bishe/edge/install/bishe_msgs/share/bishe_msgs/hook/ld_library_path_lib.sh'
[1.805s] [34mcolcon.colcon_core.environment[0m [1;30mLevel 1[0m checking '/home/jetson/projects/bishe/edge/install/bishe_msgs/bin'
[1.805s] [34mcolcon.colcon_core.environment[0m [1;30mLevel 1[0m checking '/home/jetson/projects/bishe/edge/install/bishe_msgs/lib/pkgconfig/bishe_msgs.pc'
[1.806s] [34mcolcon.colcon_core.environment[0m [1;30mLevel 1[0m checking '/home/jetson/projects/bishe/edge/install/bishe_msgs/lib/python3.10/site-packages'
[1.806s] [34mcolcon.colcon_core.environment[0m [1;30mLevel 1[0m checking '/home/jetson/projects/bishe/edge/install/bishe_msgs/bin'
[1.807s] [34mcolcon.colcon_core.shell[0m [1;30mINFO[0m Creating package script '/home/jetson/projects/bishe/edge/install/bishe_msgs/share/bishe_msgs/package.ps1'
[1.808s] [34mcolcon.colcon_core.shell[0m [1;30mINFO[0m Creating package descriptor '/home/jetson/projects/bishe/edge/install/bishe_msgs/share/bishe_msgs/package.dsv'
[1.809s] [34mcolcon.colcon_core.shell[0m [1;30mINFO[0m Creating package script '/home/jetson/projects/bishe/edge/install/bishe_msgs/share/bishe_msgs/package.sh'
[1.810s] [34mcolcon.colcon_core.shell[0m [1;30mINFO[0m Creating package script '/home/jetson/projects/bishe/edge/install/bishe_msgs/share/bishe_msgs/package.bash'
[1.810s] [34mcolcon.colcon_core.shell[0m [1;30mINFO[0m Creating package script '/home/jetson/projects/bishe/edge/install/bishe_msgs/share/bishe_msgs/package.zsh'
[1.811s] [34mcolcon.colcon_core.environment[0m [1;30mLevel 1[0m create_file_with_runtime_dependencies(/home/jetson/projects/bishe/edge/install/bishe_msgs/share/colcon-core/packages/bishe_msgs)
[1.812s] [34mcolcon.colcon_ros.task.ament_cmake.build[0m [1;30mINFO[0m Building ROS package in '/home/jetson/projects/bishe/edge/src/bishe_camera' with build type 'ament_cmake'
[1.812s] [34mcolcon.colcon_cmake.task.cmake.build[0m [1;30mINFO[0m Building CMake package in '/home/jetson/projects/bishe/edge/src/bishe_camera'
[1.813s] [34mcolcon.colcon_core.shell[0m [1;30mINFO[0m Skip shell extension 'powershell' for command environment: Not usable outside of PowerShell
[1.813s] [34mcolcon.colcon_core.shell[0m [1;30mDEBUG[0m [32mSkip shell extension 'dsv' for command environment[0m
[1.820s] [34mcolcon.colcon_ros.task.ament_cmake.build[0m [1;30mINFO[0m Building ROS package in '/home/jetson/projects/bishe/edge/src/bishe_detector' with build type 'ament_cmake'
[1.820s] [34mcolcon.colcon_cmake.task.cmake.build[0m [1;30mINFO[0m Building CMake package in '/home/jetson/projects/bishe/edge/src/bishe_detector'
[1.821s] [34mcolcon.colcon_core.shell[0m [1;30mINFO[0m Skip shell extension 'powershell' for command environment: Not usable outside of PowerShell
[1.822s] [34mcolcon.colcon_core.shell[0m [1;30mDEBUG[0m [32mSkip shell extension 'dsv' for command environment[0m
[1.827s] [34mcolcon.colcon_ros.task.ament_cmake.build[0m [1;30mINFO[0m Building ROS package in '/home/jetson/projects/bishe/edge/src/bishe_monitor' with build type 'ament_cmake'
[1.828s] [34mcolcon.colcon_cmake.task.cmake.build[0m [1;30mINFO[0m Building CMake package in '/home/jetson/projects/bishe/edge/src/bishe_monitor'
[1.828s] [34mcolcon.colcon_core.shell[0m [1;30mINFO[0m Skip shell extension 'powershell' for command environment: Not usable outside of PowerShell
[1.829s] [34mcolcon.colcon_core.shell[0m [1;30mDEBUG[0m [32mSkip shell extension 'dsv' for command environment[0m
[1.836s] [34mcolcon.colcon_ros.task.ament_cmake.build[0m [1;30mINFO[0m Building ROS package in '/home/jetson/projects/bishe/edge/src/bishe_streamer' with build type 'ament_cmake'
[1.836s] [34mcolcon.colcon_cmake.task.cmake.build[0m [1;30mINFO[0m Building CMake package in '/home/jetson/projects/bishe/edge/src/bishe_streamer'
[1.837s] [34mcolcon.colcon_core.shell[0m [1;30mINFO[0m Skip shell extension 'powershell' for command environment: Not usable outside of PowerShell
[1.837s] [34mcolcon.colcon_core.shell[0m [1;30mDEBUG[0m [32mSkip shell extension 'dsv' for command environment[0m
[1.851s] [34mcolcon.colcon_core.event_handler.log_command[0m [1;30mDEBUG[0m [32mInvoking command in '/home/jetson/projects/bishe/edge/build/bishe_camera': CMAKE_PREFIX_PATH=/home/jetson/projects/bishe/edge/install/bishe_msgs:/home/jetson/projects/bishe/edge/install/bishe_streamer:/home/jetson/projects/bishe/edge/install/bishe_monitor:/home/jetson/projects/bishe/edge/install/bishe_detector:/home/jetson/projects/bishe/edge/install/bishe_camera:/home/jetson/projects/bishe/edge/install/bishe_mqtt:/home/jetson/projects/bishe/edge/install/bishe_launch:/opt/ros/humble LD_LIBRARY_PATH=/home/jetson/projects/bishe/edge/install/bishe_msgs/lib:/home/jetson/projects/bishe/edge/install/bishe_detector/lib:/home/jetson/projects/bishe/edge/install/bishe_camera/lib:/usr/local/cuda-12.6/lib64:/opt/ros/humble/opt/rviz_ogre_vendor/lib:/opt/ros/humble/lib/aarch64-linux-gnu:/opt/ros/humble/lib:/usr/local/cuda-12.6/lib64 /usr/bin/cmake --build /home/jetson/projects/bishe/edge/build/bishe_camera -- -j6 -l6[0m
[1.857s] [34mcolcon.colcon_core.event_handler.log_command[0m [1;30mDEBUG[0m [32mInvoking command in '/home/jetson/projects/bishe/edge/build/bishe_detector': CMAKE_PREFIX_PATH=/home/jetson/projects/bishe/edge/install/bishe_msgs:/home/jetson/projects/bishe/edge/install/bishe_streamer:/home/jetson/projects/bishe/edge/install/bishe_monitor:/home/jetson/projects/bishe/edge/install/bishe_detector:/home/jetson/projects/bishe/edge/install/bishe_camera:/home/jetson/projects/bishe/edge/install/bishe_mqtt:/home/jetson/projects/bishe/edge/install/bishe_launch:/opt/ros/humble LD_LIBRARY_PATH=/home/jetson/projects/bishe/edge/install/bishe_msgs/lib:/home/jetson/projects/bishe/edge/install/bishe_detector/lib:/home/jetson/projects/bishe/edge/install/bishe_camera/lib:/usr/local/cuda-12.6/lib64:/opt/ros/humble/opt/rviz_ogre_vendor/lib:/opt/ros/humble/lib/aarch64-linux-gnu:/opt/ros/humble/lib:/usr/local/cuda-12.6/lib64 /usr/bin/cmake --build /home/jetson/projects/bishe/edge/build/bishe_detector -- -j6 -l6[0m
[1.868s] [34mcolcon.colcon_core.event_handler.log_command[0m [1;30mDEBUG[0m [32mInvoking command in '/home/jetson/projects/bishe/edge/build/bishe_monitor': CMAKE_PREFIX_PATH=/home/jetson/projects/bishe/edge/install/bishe_msgs:/home/jetson/projects/bishe/edge/install/bishe_streamer:/home/jetson/projects/bishe/edge/install/bishe_monitor:/home/jetson/projects/bishe/edge/install/bishe_detector:/home/jetson/projects/bishe/edge/install/bishe_camera:/home/jetson/projects/bishe/edge/install/bishe_mqtt:/home/jetson/projects/bishe/edge/install/bishe_launch:/opt/ros/humble LD_LIBRARY_PATH=/home/jetson/projects/bishe/edge/install/bishe_msgs/lib:/home/jetson/projects/bishe/edge/install/bishe_detector/lib:/home/jetson/projects/bishe/edge/install/bishe_camera/lib:/usr/local/cuda-12.6/lib64:/opt/ros/humble/opt/rviz_ogre_vendor/lib:/opt/ros/humble/lib/aarch64-linux-gnu:/opt/ros/humble/lib:/usr/local/cuda-12.6/lib64 /usr/bin/cmake --build /home/jetson/projects/bishe/edge/build/bishe_monitor -- -j6 -l6[0m
[1.872s] [34mcolcon.colcon_core.event_handler.log_command[0m [1;30mDEBUG[0m [32mInvoking command in '/home/jetson/projects/bishe/edge/build/bishe_streamer': CMAKE_PREFIX_PATH=/home/jetson/projects/bishe/edge/install/bishe_msgs:/home/jetson/projects/bishe/edge/install/bishe_streamer:/home/jetson/projects/bishe/edge/install/bishe_monitor:/home/jetson/projects/bishe/edge/install/bishe_detector:/home/jetson/projects/bishe/edge/install/bishe_camera:/home/jetson/projects/bishe/edge/install/bishe_mqtt:/home/jetson/projects/bishe/edge/install/bishe_launch:/opt/ros/humble LD_LIBRARY_PATH=/home/jetson/projects/bishe/edge/install/bishe_msgs/lib:/home/jetson/projects/bishe/edge/install/bishe_detector/lib:/home/jetson/projects/bishe/edge/install/bishe_camera/lib:/usr/local/cuda-12.6/lib64:/opt/ros/humble/opt/rviz_ogre_vendor/lib:/opt/ros/humble/lib/aarch64-linux-gnu:/opt/ros/humble/lib:/usr/local/cuda-12.6/lib64 /usr/bin/cmake --build /home/jetson/projects/bishe/edge/build/bishe_streamer -- -j6 -l6[0m
[2.042s] [34mcolcon.colcon_core.event_handler.log_command[0m [1;30mDEBUG[0m [32mInvoked command in '/home/jetson/projects/bishe/edge/build/bishe_streamer' returned '0': CMAKE_PREFIX_PATH=/home/jetson/projects/bishe/edge/install/bishe_msgs:/home/jetson/projects/bishe/edge/install/bishe_streamer:/home/jetson/projects/bishe/edge/install/bishe_monitor:/home/jetson/projects/bishe/edge/install/bishe_detector:/home/jetson/projects/bishe/edge/install/bishe_camera:/home/jetson/projects/bishe/edge/install/bishe_mqtt:/home/jetson/projects/bishe/edge/install/bishe_launch:/opt/ros/humble LD_LIBRARY_PATH=/home/jetson/projects/bishe/edge/install/bishe_msgs/lib:/home/jetson/projects/bishe/edge/install/bishe_detector/lib:/home/jetson/projects/bishe/edge/install/bishe_camera/lib:/usr/local/cuda-12.6/lib64:/opt/ros/humble/opt/rviz_ogre_vendor/lib:/opt/ros/humble/lib/aarch64-linux-gnu:/opt/ros/humble/lib:/usr/local/cuda-12.6/lib64 /usr/bin/cmake --build /home/jetson/projects/bishe/edge/build/bishe_streamer -- -j6 -l6[0m
[2.043s] [34mcolcon.colcon_core.event_handler.log_command[0m [1;30mDEBUG[0m [32mInvoking command in '/home/jetson/projects/bishe/edge/build/bishe_streamer': CMAKE_PREFIX_PATH=/home/jetson/projects/bishe/edge/install/bishe_msgs:/home/jetson/projects/bishe/edge/install/bishe_streamer:/home/jetson/projects/bishe/edge/install/bishe_monitor:/home/jetson/projects/bishe/edge/install/bishe_detector:/home/jetson/projects/bishe/edge/install/bishe_camera:/home/jetson/projects/bishe/edge/install/bishe_mqtt:/home/jetson/projects/bishe/edge/install/bishe_launch:/opt/ros/humble LD_LIBRARY_PATH=/home/jetson/projects/bishe/edge/install/bishe_msgs/lib:/home/jetson/projects/bishe/edge/install/bishe_detector/lib:/home/jetson/projects/bishe/edge/install/bishe_camera/lib:/usr/local/cuda-12.6/lib64:/opt/ros/humble/opt/rviz_ogre_vendor/lib:/opt/ros/humble/lib/aarch64-linux-gnu:/opt/ros/humble/lib:/usr/local/cuda-12.6/lib64 /usr/bin/cmake --install /home/jetson/projects/bishe/edge/build/bishe_streamer[0m
[2.084s] [34mcolcon.colcon_core.environment[0m [1;30mLevel 1[0m create_environment_scripts_only(bishe_streamer)
[2.085s] [34mcolcon.colcon_core.environment[0m [1;30mLevel 1[0m checking '/home/jetson/projects/bishe/edge/install/bishe_streamer' for CMake module files
[2.086s] [34mcolcon.colcon_core.event_handler.log_command[0m [1;30mDEBUG[0m [32mInvoked command in '/home/jetson/projects/bishe/edge/build/bishe_streamer' returned '0': CMAKE_PREFIX_PATH=/home/jetson/projects/bishe/edge/install/bishe_msgs:/home/jetson/projects/bishe/edge/install/bishe_streamer:/home/jetson/projects/bishe/edge/install/bishe_monitor:/home/jetson/projects/bishe/edge/install/bishe_detector:/home/jetson/projects/bishe/edge/install/bishe_camera:/home/jetson/projects/bishe/edge/install/bishe_mqtt:/home/jetson/projects/bishe/edge/install/bishe_launch:/opt/ros/humble LD_LIBRARY_PATH=/home/jetson/projects/bishe/edge/install/bishe_msgs/lib:/home/jetson/projects/bishe/edge/install/bishe_detector/lib:/home/jetson/projects/bishe/edge/install/bishe_camera/lib:/usr/local/cuda-12.6/lib64:/opt/ros/humble/opt/rviz_ogre_vendor/lib:/opt/ros/humble/lib/aarch64-linux-gnu:/opt/ros/humble/lib:/usr/local/cuda-12.6/lib64 /usr/bin/cmake --install /home/jetson/projects/bishe/edge/build/bishe_streamer[0m
[2.087s] [34mcolcon.colcon_core.environment[0m [1;30mLevel 1[0m checking '/home/jetson/projects/bishe/edge/install/bishe_streamer' for CMake config files
[2.088s] [34mcolcon.colcon_core.shell[0m [1;30mLevel 1[0m create_environment_hook('bishe_streamer', 'cmake_prefix_path')
[2.089s] [34mcolcon.colcon_core.shell[0m [1;30mINFO[0m Creating environment hook '/home/jetson/projects/bishe/edge/install/bishe_streamer/share/bishe_streamer/hook/cmake_prefix_path.ps1'
[2.090s] [34mcolcon.colcon_core.shell[0m [1;30mINFO[0m Creating environment descriptor '/home/jetson/projects/bishe/edge/install/bishe_streamer/share/bishe_streamer/hook/cmake_prefix_path.dsv'
[2.090s] [34mcolcon.colcon_core.shell[0m [1;30mINFO[0m Creating environment hook '/home/jetson/projects/bishe/edge/install/bishe_streamer/share/bishe_streamer/hook/cmake_prefix_path.sh'
[2.092s] [34mcolcon.colcon_core.environment[0m [1;30mLevel 1[0m checking '/home/jetson/projects/bishe/edge/install/bishe_streamer/lib'
[2.092s] [34mcolcon.colcon_core.environment[0m [1;30mLevel 1[0m checking '/home/jetson/projects/bishe/edge/install/bishe_streamer/bin'
[2.092s] [34mcolcon.colcon_core.environment[0m [1;30mLevel 1[0m checking '/home/jetson/projects/bishe/edge/install/bishe_streamer/lib/pkgconfig/bishe_streamer.pc'
[2.093s] [34mcolcon.colcon_core.environment[0m [1;30mLevel 1[0m checking '/home/jetson/projects/bishe/edge/install/bishe_streamer/lib/python3.10/site-packages'
[2.093s] [34mcolcon.colcon_core.environment[0m [1;30mLevel 1[0m checking '/home/jetson/projects/bishe/edge/install/bishe_streamer/bin'
[2.094s] [34mcolcon.colcon_core.shell[0m [1;30mINFO[0m Creating package script '/home/jetson/projects/bishe/edge/install/bishe_streamer/share/bishe_streamer/package.ps1'
[2.096s] [34mcolcon.colcon_core.shell[0m [1;30mINFO[0m Creating package descriptor '/home/jetson/projects/bishe/edge/install/bishe_streamer/share/bishe_streamer/package.dsv'
[2.097s] [34mcolcon.colcon_core.shell[0m [1;30mINFO[0m Creating package script '/home/jetson/projects/bishe/edge/install/bishe_streamer/share/bishe_streamer/package.sh'
[2.098s] [34mcolcon.colcon_core.shell[0m [1;30mINFO[0m Creating package script '/home/jetson/projects/bishe/edge/install/bishe_streamer/share/bishe_streamer/package.bash'
[2.098s] [34mcolcon.colcon_core.shell[0m [1;30mINFO[0m Creating package script '/home/jetson/projects/bishe/edge/install/bishe_streamer/share/bishe_streamer/package.zsh'
[2.099s] [34mcolcon.colcon_core.environment[0m [1;30mLevel 1[0m create_file_with_runtime_dependencies(/home/jetson/projects/bishe/edge/install/bishe_streamer/share/colcon-core/packages/bishe_streamer)
[2.100s] [34mcolcon.colcon_core.environment[0m [1;30mLevel 1[0m create_environment_scripts_only(bishe_streamer)
[2.100s] [34mcolcon.colcon_core.environment[0m [1;30mLevel 1[0m checking '/home/jetson/projects/bishe/edge/install/bishe_streamer' for CMake module files
[2.101s] [34mcolcon.colcon_core.environment[0m [1;30mLevel 1[0m checking '/home/jetson/projects/bishe/edge/install/bishe_streamer' for CMake config files
[2.102s] [34mcolcon.colcon_core.shell[0m [1;30mLevel 1[0m create_environment_hook('bishe_streamer', 'cmake_prefix_path')
[2.102s] [34mcolcon.colcon_core.shell[0m [1;30mINFO[0m Creating environment hook '/home/jetson/projects/bishe/edge/install/bishe_streamer/share/bishe_streamer/hook/cmake_prefix_path.ps1'
[2.103s] [34mcolcon.colcon_core.shell[0m [1;30mINFO[0m Creating environment descriptor '/home/jetson/projects/bishe/edge/install/bishe_streamer/share/bishe_streamer/hook/cmake_prefix_path.dsv'
[2.104s] [34mcolcon.colcon_core.shell[0m [1;30mINFO[0m Creating environment hook '/home/jetson/projects/bishe/edge/install/bishe_streamer/share/bishe_streamer/hook/cmake_prefix_path.sh'
[2.105s] [34mcolcon.colcon_core.environment[0m [1;30mLevel 1[0m checking '/home/jetson/projects/bishe/edge/install/bishe_streamer/lib'
[2.105s] [34mcolcon.colcon_core.environment[0m [1;30mLevel 1[0m checking '/home/jetson/projects/bishe/edge/install/bishe_streamer/bin'
[2.105s] [34mcolcon.colcon_core.environment[0m [1;30mLevel 1[0m checking '/home/jetson/projects/bishe/edge/install/bishe_streamer/lib/pkgconfig/bishe_streamer.pc'
[2.106s] [34mcolcon.colcon_core.environment[0m [1;30mLevel 1[0m checking '/home/jetson/projects/bishe/edge/install/bishe_streamer/lib/python3.10/site-packages'
[2.106s] [34mcolcon.colcon_core.environment[0m [1;30mLevel 1[0m checking '/home/jetson/projects/bishe/edge/install/bishe_streamer/bin'
[2.107s] [34mcolcon.colcon_core.shell[0m [1;30mINFO[0m Creating package script '/home/jetson/projects/bishe/edge/install/bishe_streamer/share/bishe_streamer/package.ps1'
[2.108s] [34mcolcon.colcon_core.shell[0m [1;30mINFO[0m Creating package descriptor '/home/jetson/projects/bishe/edge/install/bishe_streamer/share/bishe_streamer/package.dsv'
[2.109s] [34mcolcon.colcon_core.shell[0m [1;30mINFO[0m Creating package script '/home/jetson/projects/bishe/edge/install/bishe_streamer/share/bishe_streamer/package.sh'
[2.110s] [34mcolcon.colcon_core.shell[0m [1;30mINFO[0m Creating package script '/home/jetson/projects/bishe/edge/install/bishe_streamer/share/bishe_streamer/package.bash'
[2.111s] [34mcolcon.colcon_core.shell[0m [1;30mINFO[0m Creating package script '/home/jetson/projects/bishe/edge/install/bishe_streamer/share/bishe_streamer/package.zsh'
[2.112s] [34mcolcon.colcon_core.environment[0m [1;30mLevel 1[0m create_file_with_runtime_dependencies(/home/jetson/projects/bishe/edge/install/bishe_streamer/share/colcon-core/packages/bishe_streamer)
[2.116s] [34mcolcon.colcon_core.event_handler.log_command[0m [1;30mDEBUG[0m [32mInvoked command in '/home/jetson/projects/bishe/edge/build/bishe_monitor' returned '0': CMAKE_PREFIX_PATH=/home/jetson/projects/bishe/edge/install/bishe_msgs:/home/jetson/projects/bishe/edge/install/bishe_streamer:/home/jetson/projects/bishe/edge/install/bishe_monitor:/home/jetson/projects/bishe/edge/install/bishe_detector:/home/jetson/projects/bishe/edge/install/bishe_camera:/home/jetson/projects/bishe/edge/install/bishe_mqtt:/home/jetson/projects/bishe/edge/install/bishe_launch:/opt/ros/humble LD_LIBRARY_PATH=/home/jetson/projects/bishe/edge/install/bishe_msgs/lib:/home/jetson/projects/bishe/edge/install/bishe_detector/lib:/home/jetson/projects/bishe/edge/install/bishe_camera/lib:/usr/local/cuda-12.6/lib64:/opt/ros/humble/opt/rviz_ogre_vendor/lib:/opt/ros/humble/lib/aarch64-linux-gnu:/opt/ros/humble/lib:/usr/local/cuda-12.6/lib64 /usr/bin/cmake --build /home/jetson/projects/bishe/edge/build/bishe_monitor -- -j6 -l6[0m
[2.119s] [34mcolcon.colcon_core.event_handler.log_command[0m [1;30mDEBUG[0m [32mInvoking command in '/home/jetson/projects/bishe/edge/build/bishe_monitor': CMAKE_PREFIX_PATH=/home/jetson/projects/bishe/edge/install/bishe_msgs:/home/jetson/projects/bishe/edge/install/bishe_streamer:/home/jetson/projects/bishe/edge/install/bishe_monitor:/home/jetson/projects/bishe/edge/install/bishe_detector:/home/jetson/projects/bishe/edge/install/bishe_camera:/home/jetson/projects/bishe/edge/install/bishe_mqtt:/home/jetson/projects/bishe/edge/install/bishe_launch:/opt/ros/humble LD_LIBRARY_PATH=/home/jetson/projects/bishe/edge/install/bishe_msgs/lib:/home/jetson/projects/bishe/edge/install/bishe_detector/lib:/home/jetson/projects/bishe/edge/install/bishe_camera/lib:/usr/local/cuda-12.6/lib64:/opt/ros/humble/opt/rviz_ogre_vendor/lib:/opt/ros/humble/lib/aarch64-linux-gnu:/opt/ros/humble/lib:/usr/local/cuda-12.6/lib64 /usr/bin/cmake --install /home/jetson/projects/bishe/edge/build/bishe_monitor[0m
[2.121s] [34mcolcon.colcon_core.event_handler.log_command[0m [1;30mDEBUG[0m [32mInvoked command in '/home/jetson/projects/bishe/edge/build/bishe_detector' returned '0': CMAKE_PREFIX_PATH=/home/jetson/projects/bishe/edge/install/bishe_msgs:/home/jetson/projects/bishe/edge/install/bishe_streamer:/home/jetson/projects/bishe/edge/install/bishe_monitor:/home/jetson/projects/bishe/edge/install/bishe_detector:/home/jetson/projects/bishe/edge/install/bishe_camera:/home/jetson/projects/bishe/edge/install/bishe_mqtt:/home/jetson/projects/bishe/edge/install/bishe_launch:/opt/ros/humble LD_LIBRARY_PATH=/home/jetson/projects/bishe/edge/install/bishe_msgs/lib:/home/jetson/projects/bishe/edge/install/bishe_detector/lib:/home/jetson/projects/bishe/edge/install/bishe_camera/lib:/usr/local/cuda-12.6/lib64:/opt/ros/humble/opt/rviz_ogre_vendor/lib:/opt/ros/humble/lib/aarch64-linux-gnu:/opt/ros/humble/lib:/usr/local/cuda-12.6/lib64 /usr/bin/cmake --build /home/jetson/projects/bishe/edge/build/bishe_detector -- -j6 -l6[0m
[2.123s] [34mcolcon.colcon_core.event_handler.log_command[0m [1;30mDEBUG[0m [32mInvoking command in '/home/jetson/projects/bishe/edge/build/bishe_detector': CMAKE_PREFIX_PATH=/home/jetson/projects/bishe/edge/install/bishe_msgs:/home/jetson/projects/bishe/edge/install/bishe_streamer:/home/jetson/projects/bishe/edge/install/bishe_monitor:/home/jetson/projects/bishe/edge/install/bishe_detector:/home/jetson/projects/bishe/edge/install/bishe_camera:/home/jetson/projects/bishe/edge/install/bishe_mqtt:/home/jetson/projects/bishe/edge/install/bishe_launch:/opt/ros/humble LD_LIBRARY_PATH=/home/jetson/projects/bishe/edge/install/bishe_msgs/lib:/home/jetson/projects/bishe/edge/install/bishe_detector/lib:/home/jetson/projects/bishe/edge/install/bishe_camera/lib:/usr/local/cuda-12.6/lib64:/opt/ros/humble/opt/rviz_ogre_vendor/lib:/opt/ros/humble/lib/aarch64-linux-gnu:/opt/ros/humble/lib:/usr/local/cuda-12.6/lib64 /usr/bin/cmake --install /home/jetson/projects/bishe/edge/build/bishe_detector[0m
[2.126s] [34mcolcon.colcon_core.event_handler.log_command[0m [1;30mDEBUG[0m [32mInvoked command in '/home/jetson/projects/bishe/edge/build/bishe_camera' returned '0': CMAKE_PREFIX_PATH=/home/jetson/projects/bishe/edge/install/bishe_msgs:/home/jetson/projects/bishe/edge/install/bishe_streamer:/home/jetson/projects/bishe/edge/install/bishe_monitor:/home/jetson/projects/bishe/edge/install/bishe_detector:/home/jetson/projects/bishe/edge/install/bishe_camera:/home/jetson/projects/bishe/edge/install/bishe_mqtt:/home/jetson/projects/bishe/edge/install/bishe_launch:/opt/ros/humble LD_LIBRARY_PATH=/home/jetson/projects/bishe/edge/install/bishe_msgs/lib:/home/jetson/projects/bishe/edge/install/bishe_detector/lib:/home/jetson/projects/bishe/edge/install/bishe_camera/lib:/usr/local/cuda-12.6/lib64:/opt/ros/humble/opt/rviz_ogre_vendor/lib:/opt/ros/humble/lib/aarch64-linux-gnu:/opt/ros/humble/lib:/usr/local/cuda-12.6/lib64 /usr/bin/cmake --build /home/jetson/projects/bishe/edge/build/bishe_camera -- -j6 -l6[0m
[2.129s] [34mcolcon.colcon_core.event_handler.log_command[0m [1;30mDEBUG[0m [32mInvoking command in '/home/jetson/projects/bishe/edge/build/bishe_camera': CMAKE_PREFIX_PATH=/home/jetson/projects/bishe/edge/install/bishe_msgs:/home/jetson/projects/bishe/edge/install/bishe_streamer:/home/jetson/projects/bishe/edge/install/bishe_monitor:/home/jetson/projects/bishe/edge/install/bishe_detector:/home/jetson/projects/bishe/edge/install/bishe_camera:/home/jetson/projects/bishe/edge/install/bishe_mqtt:/home/jetson/projects/bishe/edge/install/bishe_launch:/opt/ros/humble LD_LIBRARY_PATH=/home/jetson/projects/bishe/edge/install/bishe_msgs/lib:/home/jetson/projects/bishe/edge/install/bishe_detector/lib:/home/jetson/projects/bishe/edge/install/bishe_camera/lib:/usr/local/cuda-12.6/lib64:/opt/ros/humble/opt/rviz_ogre_vendor/lib:/opt/ros/humble/lib/aarch64-linux-gnu:/opt/ros/humble/lib:/usr/local/cuda-12.6/lib64 /usr/bin/cmake --install /home/jetson/projects/bishe/edge/build/bishe_camera[0m
[2.159s] [34mcolcon.colcon_core.environment[0m [1;30mLevel 1[0m create_environment_scripts_only(bishe_monitor)
[2.160s] [34mcolcon.colcon_core.environment[0m [1;30mLevel 1[0m checking '/home/jetson/projects/bishe/edge/install/bishe_monitor' for CMake module files
[2.161s] [34mcolcon.colcon_core.event_handler.log_command[0m [1;30mDEBUG[0m [32mInvoked command in '/home/jetson/projects/bishe/edge/build/bishe_monitor' returned '0': CMAKE_PREFIX_PATH=/home/jetson/projects/bishe/edge/install/bishe_msgs:/home/jetson/projects/bishe/edge/install/bishe_streamer:/home/jetson/projects/bishe/edge/install/bishe_monitor:/home/jetson/projects/bishe/edge/install/bishe_detector:/home/jetson/projects/bishe/edge/install/bishe_camera:/home/jetson/projects/bishe/edge/install/bishe_mqtt:/home/jetson/projects/bishe/edge/install/bishe_launch:/opt/ros/humble LD_LIBRARY_PATH=/home/jetson/projects/bishe/edge/install/bishe_msgs/lib:/home/jetson/projects/bishe/edge/install/bishe_detector/lib:/home/jetson/projects/bishe/edge/install/bishe_camera/lib:/usr/local/cuda-12.6/lib64:/opt/ros/humble/opt/rviz_ogre_vendor/lib:/opt/ros/humble/lib/aarch64-linux-gnu:/opt/ros/humble/lib:/usr/local/cuda-12.6/lib64 /usr/bin/cmake --install /home/jetson/projects/bishe/edge/build/bishe_monitor[0m
[2.162s] [34mcolcon.colcon_core.environment[0m [1;30mLevel 1[0m checking '/home/jetson/projects/bishe/edge/install/bishe_monitor' for CMake config files
[2.163s] [34mcolcon.colcon_core.shell[0m [1;30mLevel 1[0m create_environment_hook('bishe_monitor', 'cmake_prefix_path')
[2.163s] [34mcolcon.colcon_core.shell[0m [1;30mINFO[0m Creating environment hook '/home/jetson/projects/bishe/edge/install/bishe_monitor/share/bishe_monitor/hook/cmake_prefix_path.ps1'
[2.166s] [34mcolcon.colcon_core.shell[0m [1;30mINFO[0m Creating environment descriptor '/home/jetson/projects/bishe/edge/install/bishe_monitor/share/bishe_monitor/hook/cmake_prefix_path.dsv'
[2.167s] [34mcolcon.colcon_core.shell[0m [1;30mINFO[0m Creating environment hook '/home/jetson/projects/bishe/edge/install/bishe_monitor/share/bishe_monitor/hook/cmake_prefix_path.sh'
[2.169s] [34mcolcon.colcon_core.environment[0m [1;30mLevel 1[0m checking '/home/jetson/projects/bishe/edge/install/bishe_monitor/lib'
[2.169s] [34mcolcon.colcon_core.environment[0m [1;30mLevel 1[0m checking '/home/jetson/projects/bishe/edge/install/bishe_monitor/bin'
[2.169s] [34mcolcon.colcon_core.environment[0m [1;30mLevel 1[0m checking '/home/jetson/projects/bishe/edge/install/bishe_monitor/lib/pkgconfig/bishe_monitor.pc'
[2.170s] [34mcolcon.colcon_core.environment[0m [1;30mLevel 1[0m checking '/home/jetson/projects/bishe/edge/install/bishe_monitor/lib/python3.10/site-packages'
[2.171s] [34mcolcon.colcon_core.environment[0m [1;30mLevel 1[0m checking '/home/jetson/projects/bishe/edge/install/bishe_monitor/bin'
[2.171s] [34mcolcon.colcon_core.shell[0m [1;30mINFO[0m Creating package script '/home/jetson/projects/bishe/edge/install/bishe_monitor/share/bishe_monitor/package.ps1'
[2.172s] [34mcolcon.colcon_core.shell[0m [1;30mINFO[0m Creating package descriptor '/home/jetson/projects/bishe/edge/install/bishe_monitor/share/bishe_monitor/package.dsv'
[2.173s] [34mcolcon.colcon_core.shell[0m [1;30mINFO[0m Creating package script '/home/jetson/projects/bishe/edge/install/bishe_monitor/share/bishe_monitor/package.sh'
[2.173s] [34mcolcon.colcon_core.shell[0m [1;30mINFO[0m Creating package script '/home/jetson/projects/bishe/edge/install/bishe_monitor/share/bishe_monitor/package.bash'
[2.174s] [34mcolcon.colcon_core.shell[0m [1;30mINFO[0m Creating package script '/home/jetson/projects/bishe/edge/install/bishe_monitor/share/bishe_monitor/package.zsh'
[2.175s] [34mcolcon.colcon_core.environment[0m [1;30mLevel 1[0m create_file_with_runtime_dependencies(/home/jetson/projects/bishe/edge/install/bishe_monitor/share/colcon-core/packages/bishe_monitor)
[2.176s] [34mcolcon.colcon_core.environment[0m [1;30mLevel 1[0m create_environment_scripts_only(bishe_monitor)
[2.176s] [34mcolcon.colcon_core.environment[0m [1;30mLevel 1[0m checking '/home/jetson/projects/bishe/edge/install/bishe_monitor' for CMake module files
[2.177s] [34mcolcon.colcon_core.environment[0m [1;30mLevel 1[0m checking '/home/jetson/projects/bishe/edge/install/bishe_monitor' for CMake config files
[2.178s] [34mcolcon.colcon_core.shell[0m [1;30mLevel 1[0m create_environment_hook('bishe_monitor', 'cmake_prefix_path')
[2.178s] [34mcolcon.colcon_core.shell[0m [1;30mINFO[0m Creating environment hook '/home/jetson/projects/bishe/edge/install/bishe_monitor/share/bishe_monitor/hook/cmake_prefix_path.ps1'
[2.179s] [34mcolcon.colcon_core.shell[0m [1;30mINFO[0m Creating environment descriptor '/home/jetson/projects/bishe/edge/install/bishe_monitor/share/bishe_monitor/hook/cmake_prefix_path.dsv'
[2.180s] [34mcolcon.colcon_core.shell[0m [1;30mINFO[0m Creating environment hook '/home/jetson/projects/bishe/edge/install/bishe_monitor/share/bishe_monitor/hook/cmake_prefix_path.sh'
[2.180s] [34mcolcon.colcon_core.environment[0m [1;30mLevel 1[0m checking '/home/jetson/projects/bishe/edge/install/bishe_monitor/lib'
[2.181s] [34mcolcon.colcon_core.environment[0m [1;30mLevel 1[0m checking '/home/jetson/projects/bishe/edge/install/bishe_monitor/bin'
[2.181s] [34mcolcon.colcon_core.environment[0m [1;30mLevel 1[0m checking '/home/jetson/projects/bishe/edge/install/bishe_monitor/lib/pkgconfig/bishe_monitor.pc'
[2.181s] [34mcolcon.colcon_core.environment[0m [1;30mLevel 1[0m checking '/home/jetson/projects/bishe/edge/install/bishe_monitor/lib/python3.10/site-packages'
[2.182s] [34mcolcon.colcon_core.environment[0m [1;30mLevel 1[0m checking '/home/jetson/projects/bishe/edge/install/bishe_monitor/bin'
[2.182s] [34mcolcon.colcon_core.shell[0m [1;30mINFO[0m Creating package script '/home/jetson/projects/bishe/edge/install/bishe_monitor/share/bishe_monitor/package.ps1'
[2.183s] [34mcolcon.colcon_core.shell[0m [1;30mINFO[0m Creating package descriptor '/home/jetson/projects/bishe/edge/install/bishe_monitor/share/bishe_monitor/package.dsv'
[2.184s] [34mcolcon.colcon_core.shell[0m [1;30mINFO[0m Creating package script '/home/jetson/projects/bishe/edge/install/bishe_monitor/share/bishe_monitor/package.sh'
[2.185s] [34mcolcon.colcon_core.shell[0m [1;30mINFO[0m Creating package script '/home/jetson/projects/bishe/edge/install/bishe_monitor/share/bishe_monitor/package.bash'
[2.185s] [34mcolcon.colcon_core.shell[0m [1;30mINFO[0m Creating package script '/home/jetson/projects/bishe/edge/install/bishe_monitor/share/bishe_monitor/package.zsh'
[2.186s] [34mcolcon.colcon_core.environment[0m [1;30mLevel 1[0m create_file_with_runtime_dependencies(/home/jetson/projects/bishe/edge/install/bishe_monitor/share/colcon-core/packages/bishe_monitor)
[2.189s] [34mcolcon.colcon_core.environment[0m [1;30mLevel 1[0m create_environment_scripts_only(bishe_detector)
[2.190s] [34mcolcon.colcon_core.environment[0m [1;30mLevel 1[0m checking '/home/jetson/projects/bishe/edge/install/bishe_detector' for CMake module files
[2.191s] [34mcolcon.colcon_core.event_handler.log_command[0m [1;30mDEBUG[0m [32mInvoked command in '/home/jetson/projects/bishe/edge/build/bishe_detector' returned '0': CMAKE_PREFIX_PATH=/home/jetson/projects/bishe/edge/install/bishe_msgs:/home/jetson/projects/bishe/edge/install/bishe_streamer:/home/jetson/projects/bishe/edge/install/bishe_monitor:/home/jetson/projects/bishe/edge/install/bishe_detector:/home/jetson/projects/bishe/edge/install/bishe_camera:/home/jetson/projects/bishe/edge/install/bishe_mqtt:/home/jetson/projects/bishe/edge/install/bishe_launch:/opt/ros/humble LD_LIBRARY_PATH=/home/jetson/projects/bishe/edge/install/bishe_msgs/lib:/home/jetson/projects/bishe/edge/install/bishe_detector/lib:/home/jetson/projects/bishe/edge/install/bishe_camera/lib:/usr/local/cuda-12.6/lib64:/opt/ros/humble/opt/rviz_ogre_vendor/lib:/opt/ros/humble/lib/aarch64-linux-gnu:/opt/ros/humble/lib:/usr/local/cuda-12.6/lib64 /usr/bin/cmake --install /home/jetson/projects/bishe/edge/build/bishe_detector[0m
[2.192s] [34mcolcon.colcon_core.environment[0m [1;30mLevel 1[0m checking '/home/jetson/projects/bishe/edge/install/bishe_detector' for CMake config files
[2.193s] [34mcolcon.colcon_core.shell[0m [1;30mLevel 1[0m create_environment_hook('bishe_detector', 'cmake_prefix_path')
[2.193s] [34mcolcon.colcon_core.shell[0m [1;30mINFO[0m Creating environment hook '/home/jetson/projects/bishe/edge/install/bishe_detector/share/bishe_detector/hook/cmake_prefix_path.ps1'
[2.194s] [34mcolcon.colcon_core.shell[0m [1;30mINFO[0m Creating environment descriptor '/home/jetson/projects/bishe/edge/install/bishe_detector/share/bishe_detector/hook/cmake_prefix_path.dsv'
[2.195s] [34mcolcon.colcon_core.shell[0m [1;30mINFO[0m Creating environment hook '/home/jetson/projects/bishe/edge/install/bishe_detector/share/bishe_detector/hook/cmake_prefix_path.sh'
[2.197s] [34mcolcon.colcon_core.environment[0m [1;30mLevel 1[0m checking '/home/jetson/projects/bishe/edge/install/bishe_detector/lib'
[2.197s] [34mcolcon.colcon_core.shell[0m [1;30mLevel 1[0m create_environment_hook('bishe_detector', 'ld_library_path_lib')
[2.198s] [34mcolcon.colcon_core.shell[0m [1;30mINFO[0m Creating environment hook '/home/jetson/projects/bishe/edge/install/bishe_detector/share/bishe_detector/hook/ld_library_path_lib.ps1'
[2.199s] [34mcolcon.colcon_core.shell[0m [1;30mINFO[0m Creating environment descriptor '/home/jetson/projects/bishe/edge/install/bishe_detector/share/bishe_detector/hook/ld_library_path_lib.dsv'
[2.200s] [34mcolcon.colcon_core.shell[0m [1;30mINFO[0m Creating environment hook '/home/jetson/projects/bishe/edge/install/bishe_detector/share/bishe_detector/hook/ld_library_path_lib.sh'
[2.200s] [34mcolcon.colcon_core.environment[0m [1;30mLevel 1[0m checking '/home/jetson/projects/bishe/edge/install/bishe_detector/bin'
[2.200s] [34mcolcon.colcon_core.environment[0m [1;30mLevel 1[0m checking '/home/jetson/projects/bishe/edge/install/bishe_detector/lib/pkgconfig/bishe_detector.pc'
[2.201s] [34mcolcon.colcon_core.environment[0m [1;30mLevel 1[0m checking '/home/jetson/projects/bishe/edge/install/bishe_detector/lib/python3.10/site-packages'
[2.202s] [34mcolcon.colcon_core.environment[0m [1;30mLevel 1[0m checking '/home/jetson/projects/bishe/edge/install/bishe_detector/bin'
[2.203s] [34mcolcon.colcon_core.shell[0m [1;30mINFO[0m Creating package script '/home/jetson/projects/bishe/edge/install/bishe_detector/share/bishe_detector/package.ps1'
[2.204s] [34mcolcon.colcon_core.shell[0m [1;30mINFO[0m Creating package descriptor '/home/jetson/projects/bishe/edge/install/bishe_detector/share/bishe_detector/package.dsv'
[2.205s] [34mcolcon.colcon_core.shell[0m [1;30mINFO[0m Creating package script '/home/jetson/projects/bishe/edge/install/bishe_detector/share/bishe_detector/package.sh'
[2.206s] [34mcolcon.colcon_core.shell[0m [1;30mINFO[0m Creating package script '/home/jetson/projects/bishe/edge/install/bishe_detector/share/bishe_detector/package.bash'
[2.207s] [34mcolcon.colcon_core.shell[0m [1;30mINFO[0m Creating package script '/home/jetson/projects/bishe/edge/install/bishe_detector/share/bishe_detector/package.zsh'
[2.208s] [34mcolcon.colcon_core.environment[0m [1;30mLevel 1[0m create_file_with_runtime_dependencies(/home/jetson/projects/bishe/edge/install/bishe_detector/share/colcon-core/packages/bishe_detector)
[2.209s] [34mcolcon.colcon_core.environment[0m [1;30mLevel 1[0m create_environment_scripts_only(bishe_detector)
[2.209s] [34mcolcon.colcon_core.environment[0m [1;30mLevel 1[0m checking '/home/jetson/projects/bishe/edge/install/bishe_detector' for CMake module files
[2.211s] [34mcolcon.colcon_core.environment[0m [1;30mLevel 1[0m checking '/home/jetson/projects/bishe/edge/install/bishe_detector' for CMake config files
[2.212s] [34mcolcon.colcon_core.shell[0m [1;30mLevel 1[0m create_environment_hook('bishe_detector', 'cmake_prefix_path')
[2.212s] [34mcolcon.colcon_core.shell[0m [1;30mINFO[0m Creating environment hook '/home/jetson/projects/bishe/edge/install/bishe_detector/share/bishe_detector/hook/cmake_prefix_path.ps1'
[2.213s] [34mcolcon.colcon_core.shell[0m [1;30mINFO[0m Creating environment descriptor '/home/jetson/projects/bishe/edge/install/bishe_detector/share/bishe_detector/hook/cmake_prefix_path.dsv'
[2.214s] [34mcolcon.colcon_core.shell[0m [1;30mINFO[0m Creating environment hook '/home/jetson/projects/bishe/edge/install/bishe_detector/share/bishe_detector/hook/cmake_prefix_path.sh'
[2.215s] [34mcolcon.colcon_core.environment[0m [1;30mLevel 1[0m checking '/home/jetson/projects/bishe/edge/install/bishe_detector/lib'
[2.215s] [34mcolcon.colcon_core.shell[0m [1;30mLevel 1[0m create_environment_hook('bishe_detector', 'ld_library_path_lib')
[2.215s] [34mcolcon.colcon_core.shell[0m [1;30mINFO[0m Creating environment hook '/home/jetson/projects/bishe/edge/install/bishe_detector/share/bishe_detector/hook/ld_library_path_lib.ps1'
[2.216s] [34mcolcon.colcon_core.shell[0m [1;30mINFO[0m Creating environment descriptor '/home/jetson/projects/bishe/edge/install/bishe_detector/share/bishe_detector/hook/ld_library_path_lib.dsv'
[2.217s] [34mcolcon.colcon_core.shell[0m [1;30mINFO[0m Creating environment hook '/home/jetson/projects/bishe/edge/install/bishe_detector/share/bishe_detector/hook/ld_library_path_lib.sh'
[2.218s] [34mcolcon.colcon_core.environment[0m [1;30mLevel 1[0m checking '/home/jetson/projects/bishe/edge/install/bishe_detector/bin'
[2.218s] [34mcolcon.colcon_core.environment[0m [1;30mLevel 1[0m checking '/home/jetson/projects/bishe/edge/install/bishe_detector/lib/pkgconfig/bishe_detector.pc'
[2.218s] [34mcolcon.colcon_core.environment[0m [1;30mLevel 1[0m checking '/home/jetson/projects/bishe/edge/install/bishe_detector/lib/python3.10/site-packages'
[2.219s] [34mcolcon.colcon_core.environment[0m [1;30mLevel 1[0m checking '/home/jetson/projects/bishe/edge/install/bishe_detector/bin'
[2.220s] [34mcolcon.colcon_core.shell[0m [1;30mINFO[0m Creating package script '/home/jetson/projects/bishe/edge/install/bishe_detector/share/bishe_detector/package.ps1'
[2.221s] [34mcolcon.colcon_core.shell[0m [1;30mINFO[0m Creating package descriptor '/home/jetson/projects/bishe/edge/install/bishe_detector/share/bishe_detector/package.dsv'
[2.222s] [34mcolcon.colcon_core.shell[0m [1;30mINFO[0m Creating package script '/home/jetson/projects/bishe/edge/install/bishe_detector/share/bishe_detector/package.sh'
[2.223s] [34mcolcon.colcon_core.shell[0m [1;30mINFO[0m Creating package script '/home/jetson/projects/bishe/edge/install/bishe_detector/share/bishe_detector/package.bash'
[2.224s] [34mcolcon.colcon_core.shell[0m [1;30mINFO[0m Creating package script '/home/jetson/projects/bishe/edge/install/bishe_detector/share/bishe_detector/package.zsh'
[2.224s] [34mcolcon.colcon_core.environment[0m [1;30mLevel 1[0m create_file_with_runtime_dependencies(/home/jetson/projects/bishe/edge/install/bishe_detector/share/colcon-core/packages/bishe_detector)
[2.225s] [34mcolcon.colcon_core.environment[0m [1;30mLevel 1[0m create_environment_scripts_only(bishe_camera)
[2.226s] [34mcolcon.colcon_core.environment[0m [1;30mLevel 1[0m checking '/home/jetson/projects/bishe/edge/install/bishe_camera' for CMake module files
[2.228s] [34mcolcon.colcon_core.event_handler.log_command[0m [1;30mDEBUG[0m [32mInvoked command in '/home/jetson/projects/bishe/edge/build/bishe_camera' returned '0': CMAKE_PREFIX_PATH=/home/jetson/projects/bishe/edge/install/bishe_msgs:/home/jetson/projects/bishe/edge/install/bishe_streamer:/home/jetson/projects/bishe/edge/install/bishe_monitor:/home/jetson/projects/bishe/edge/install/bishe_detector:/home/jetson/projects/bishe/edge/install/bishe_camera:/home/jetson/projects/bishe/edge/install/bishe_mqtt:/home/jetson/projects/bishe/edge/install/bishe_launch:/opt/ros/humble LD_LIBRARY_PATH=/home/jetson/projects/bishe/edge/install/bishe_msgs/lib:/home/jetson/projects/bishe/edge/install/bishe_detector/lib:/home/jetson/projects/bishe/edge/install/bishe_camera/lib:/usr/local/cuda-12.6/lib64:/opt/ros/humble/opt/rviz_ogre_vendor/lib:/opt/ros/humble/lib/aarch64-linux-gnu:/opt/ros/humble/lib:/usr/local/cuda-12.6/lib64 /usr/bin/cmake --install /home/jetson/projects/bishe/edge/build/bishe_camera[0m
[2.229s] [34mcolcon.colcon_core.environment[0m [1;30mLevel 1[0m checking '/home/jetson/projects/bishe/edge/install/bishe_camera' for CMake config files
[2.229s] [34mcolcon.colcon_core.shell[0m [1;30mLevel 1[0m create_environment_hook('bishe_camera', 'cmake_prefix_path')
[2.230s] [34mcolcon.colcon_core.shell[0m [1;30mINFO[0m Creating environment hook '/home/jetson/projects/bishe/edge/install/bishe_camera/share/bishe_camera/hook/cmake_prefix_path.ps1'
[2.231s] [34mcolcon.colcon_core.shell[0m [1;30mINFO[0m Creating environment descriptor '/home/jetson/projects/bishe/edge/install/bishe_camera/share/bishe_camera/hook/cmake_prefix_path.dsv'
[2.232s] [34mcolcon.colcon_core.shell[0m [1;30mINFO[0m Creating environment hook '/home/jetson/projects/bishe/edge/install/bishe_camera/share/bishe_camera/hook/cmake_prefix_path.sh'
[2.233s] [34mcolcon.colcon_core.environment[0m [1;30mLevel 1[0m checking '/home/jetson/projects/bishe/edge/install/bishe_camera/lib'
[2.233s] [34mcolcon.colcon_core.shell[0m [1;30mLevel 1[0m create_environment_hook('bishe_camera', 'ld_library_path_lib')
[2.234s] [34mcolcon.colcon_core.shell[0m [1;30mINFO[0m Creating environment hook '/home/jetson/projects/bishe/edge/install/bishe_camera/share/bishe_camera/hook/ld_library_path_lib.ps1'
[2.235s] [34mcolcon.colcon_core.shell[0m [1;30mINFO[0m Creating environment descriptor '/home/jetson/projects/bishe/edge/install/bishe_camera/share/bishe_camera/hook/ld_library_path_lib.dsv'
[2.235s] [34mcolcon.colcon_core.shell[0m [1;30mINFO[0m Creating environment hook '/home/jetson/projects/bishe/edge/install/bishe_camera/share/bishe_camera/hook/ld_library_path_lib.sh'
[2.236s] [34mcolcon.colcon_core.environment[0m [1;30mLevel 1[0m checking '/home/jetson/projects/bishe/edge/install/bishe_camera/bin'
[2.236s] [34mcolcon.colcon_core.environment[0m [1;30mLevel 1[0m checking '/home/jetson/projects/bishe/edge/install/bishe_camera/lib/pkgconfig/bishe_camera.pc'
[2.236s] [34mcolcon.colcon_core.environment[0m [1;30mLevel 1[0m checking '/home/jetson/projects/bishe/edge/install/bishe_camera/lib/python3.10/site-packages'
[2.237s] [34mcolcon.colcon_core.environment[0m [1;30mLevel 1[0m checking '/home/jetson/projects/bishe/edge/install/bishe_camera/bin'
[2.238s] [34mcolcon.colcon_core.shell[0m [1;30mINFO[0m Creating package script '/home/jetson/projects/bishe/edge/install/bishe_camera/share/bishe_camera/package.ps1'
[2.239s] [34mcolcon.colcon_core.shell[0m [1;30mINFO[0m Creating package descriptor '/home/jetson/projects/bishe/edge/install/bishe_camera/share/bishe_camera/package.dsv'
[2.243s] [34mcolcon.colcon_core.shell[0m [1;30mINFO[0m Creating package script '/home/jetson/projects/bishe/edge/install/bishe_camera/share/bishe_camera/package.sh'
[2.244s] [34mcolcon.colcon_core.shell[0m [1;30mINFO[0m Creating package script '/home/jetson/projects/bishe/edge/install/bishe_camera/share/bishe_camera/package.bash'
[2.245s] [34mcolcon.colcon_core.shell[0m [1;30mINFO[0m Creating package script '/home/jetson/projects/bishe/edge/install/bishe_camera/share/bishe_camera/package.zsh'
[2.246s] [34mcolcon.colcon_core.environment[0m [1;30mLevel 1[0m create_file_with_runtime_dependencies(/home/jetson/projects/bishe/edge/install/bishe_camera/share/colcon-core/packages/bishe_camera)
[2.247s] [34mcolcon.colcon_core.environment[0m [1;30mLevel 1[0m create_environment_scripts_only(bishe_camera)
[2.247s] [34mcolcon.colcon_core.environment[0m [1;30mLevel 1[0m checking '/home/jetson/projects/bishe/edge/install/bishe_camera' for CMake module files
[2.248s] [34mcolcon.colcon_core.environment[0m [1;30mLevel 1[0m checking '/home/jetson/projects/bishe/edge/install/bishe_camera' for CMake config files
[2.249s] [34mcolcon.colcon_core.shell[0m [1;30mLevel 1[0m create_environment_hook('bishe_camera', 'cmake_prefix_path')
[2.249s] [34mcolcon.colcon_core.shell[0m [1;30mINFO[0m Creating environment hook '/home/jetson/projects/bishe/edge/install/bishe_camera/share/bishe_camera/hook/cmake_prefix_path.ps1'
[2.250s] [34mcolcon.colcon_core.shell[0m [1;30mINFO[0m Creating environment descriptor '/home/jetson/projects/bishe/edge/install/bishe_camera/share/bishe_camera/hook/cmake_prefix_path.dsv'
[2.251s] [34mcolcon.colcon_core.shell[0m [1;30mINFO[0m Creating environment hook '/home/jetson/projects/bishe/edge/install/bishe_camera/share/bishe_camera/hook/cmake_prefix_path.sh'
[2.252s] [34mcolcon.colcon_core.environment[0m [1;30mLevel 1[0m checking '/home/jetson/projects/bishe/edge/install/bishe_camera/lib'
[2.252s] [34mcolcon.colcon_core.shell[0m [1;30mLevel 1[0m create_environment_hook('bishe_camera', 'ld_library_path_lib')
[2.253s] [34mcolcon.colcon_core.shell[0m [1;30mINFO[0m Creating environment hook '/home/jetson/projects/bishe/edge/install/bishe_camera/share/bishe_camera/hook/ld_library_path_lib.ps1'
[2.254s] [34mcolcon.colcon_core.shell[0m [1;30mINFO[0m Creating environment descriptor '/home/jetson/projects/bishe/edge/install/bishe_camera/share/bishe_camera/hook/ld_library_path_lib.dsv'
[2.255s] [34mcolcon.colcon_core.shell[0m [1;30mINFO[0m Creating environment hook '/home/jetson/projects/bishe/edge/install/bishe_camera/share/bishe_camera/hook/ld_library_path_lib.sh'
[2.255s] [34mcolcon.colcon_core.environment[0m [1;30mLevel 1[0m checking '/home/jetson/projects/bishe/edge/install/bishe_camera/bin'
[2.256s] [34mcolcon.colcon_core.environment[0m [1;30mLevel 1[0m checking '/home/jetson/projects/bishe/edge/install/bishe_camera/lib/pkgconfig/bishe_camera.pc'
[2.256s] [34mcolcon.colcon_core.environment[0m [1;30mLevel 1[0m checking '/home/jetson/projects/bishe/edge/install/bishe_camera/lib/python3.10/site-packages'
[2.257s] [34mcolcon.colcon_core.environment[0m [1;30mLevel 1[0m checking '/home/jetson/projects/bishe/edge/install/bishe_camera/bin'
[2.257s] [34mcolcon.colcon_core.shell[0m [1;30mINFO[0m Creating package script '/home/jetson/projects/bishe/edge/install/bishe_camera/share/bishe_camera/package.ps1'
[2.259s] [34mcolcon.colcon_core.shell[0m [1;30mINFO[0m Creating package descriptor '/home/jetson/projects/bishe/edge/install/bishe_camera/share/bishe_camera/package.dsv'
[2.259s] [34mcolcon.colcon_core.shell[0m [1;30mINFO[0m Creating package script '/home/jetson/projects/bishe/edge/install/bishe_camera/share/bishe_camera/package.sh'
[2.260s] [34mcolcon.colcon_core.shell[0m [1;30mINFO[0m Creating package script '/home/jetson/projects/bishe/edge/install/bishe_camera/share/bishe_camera/package.bash'
[2.261s] [34mcolcon.colcon_core.shell[0m [1;30mINFO[0m Creating package script '/home/jetson/projects/bishe/edge/install/bishe_camera/share/bishe_camera/package.zsh'
[2.262s] [34mcolcon.colcon_core.environment[0m [1;30mLevel 1[0m create_file_with_runtime_dependencies(/home/jetson/projects/bishe/edge/install/bishe_camera/share/colcon-core/packages/bishe_camera)
[2.263s] [34mcolcon.colcon_ros.task.ament_python.build[0m [1;30mINFO[0m Building ROS package in '/home/jetson/projects/bishe/edge/src/bishe_launch' with build type 'ament_python'
[2.263s] [34mcolcon.colcon_core.shell[0m [1;30mLevel 1[0m create_environment_hook('bishe_launch', 'ament_prefix_path')
[2.263s] [34mcolcon.colcon_core.shell[0m [1;30mINFO[0m Creating environment hook '/home/jetson/projects/bishe/edge/install/bishe_launch/share/bishe_launch/hook/ament_prefix_path.ps1'
[2.265s] [34mcolcon.colcon_core.shell[0m [1;30mINFO[0m Creating environment descriptor '/home/jetson/projects/bishe/edge/install/bishe_launch/share/bishe_launch/hook/ament_prefix_path.dsv'
[2.266s] [34mcolcon.colcon_core.shell[0m [1;30mINFO[0m Creating environment hook '/home/jetson/projects/bishe/edge/install/bishe_launch/share/bishe_launch/hook/ament_prefix_path.sh'
[2.268s] [34mcolcon.colcon_core.shell[0m [1;30mINFO[0m Skip shell extension 'powershell' for command environment: Not usable outside of PowerShell
[2.268s] [34mcolcon.colcon_core.shell[0m [1;30mDEBUG[0m [32mSkip shell extension 'dsv' for command environment[0m
[2.750s] [34mcolcon.colcon_core.task.python.build[0m [1;30mINFO[0m Building Python package in '/home/jetson/projects/bishe/edge/src/bishe_launch'
[2.751s] [34mcolcon.colcon_core.shell[0m [1;30mINFO[0m Skip shell extension 'powershell' for command environment: Not usable outside of PowerShell
[2.751s] [34mcolcon.colcon_core.shell[0m [1;30mDEBUG[0m [32mSkip shell extension 'dsv' for command environment[0m
[3.353s] [34mcolcon.colcon_core.event_handler.log_command[0m [1;30mDEBUG[0m [32mInvoking command in '/home/jetson/projects/bishe/edge/src/bishe_launch': LD_LIBRARY_PATH=/home/jetson/projects/bishe/edge/install/bishe_detector/lib:/home/jetson/projects/bishe/edge/install/bishe_camera/lib:/home/jetson/projects/bishe/edge/install/bishe_msgs/lib:/usr/local/cuda-12.6/lib64:/opt/ros/humble/opt/rviz_ogre_vendor/lib:/opt/ros/humble/lib/aarch64-linux-gnu:/opt/ros/humble/lib:/usr/local/cuda-12.6/lib64 PYTHONPATH=/home/jetson/projects/bishe/edge/build/bishe_launch/prefix_override:/usr/lib/python3/dist-packages/colcon_core/task/python/colcon_distutils_commands:/home/jetson/projects/bishe/edge/install/bishe_launch/lib/python3.10/site-packages:${PYTHONPATH} /usr/bin/python3 -W ignore:setup.py install is deprecated -W ignore:easy_install command is deprecated setup.py egg_info --egg-base ../../build/bishe_launch build --build-base /home/jetson/projects/bishe/edge/build/bishe_launch/build install --record /home/jetson/projects/bishe/edge/build/bishe_launch/install.log --single-version-externally-managed install_data[0m
[3.866s] [34mcolcon.colcon_core.environment[0m [1;30mLevel 1[0m checking '/home/jetson/projects/bishe/edge/install/bishe_launch' for CMake module files
[3.867s] [34mcolcon.colcon_core.event_handler.log_command[0m [1;30mDEBUG[0m [32mInvoked command in '/home/jetson/projects/bishe/edge/src/bishe_launch' returned '0': LD_LIBRARY_PATH=/home/jetson/projects/bishe/edge/install/bishe_detector/lib:/home/jetson/projects/bishe/edge/install/bishe_camera/lib:/home/jetson/projects/bishe/edge/install/bishe_msgs/lib:/usr/local/cuda-12.6/lib64:/opt/ros/humble/opt/rviz_ogre_vendor/lib:/opt/ros/humble/lib/aarch64-linux-gnu:/opt/ros/humble/lib:/usr/local/cuda-12.6/lib64 PYTHONPATH=/home/jetson/projects/bishe/edge/build/bishe_launch/prefix_override:/usr/lib/python3/dist-packages/colcon_core/task/python/colcon_distutils_commands:/home/jetson/projects/bishe/edge/install/bishe_launch/lib/python3.10/site-packages:${PYTHONPATH} /usr/bin/python3 -W ignore:setup.py install is deprecated -W ignore:easy_install command is deprecated setup.py egg_info --egg-base ../../build/bishe_launch build --build-base /home/jetson/projects/bishe/edge/build/bishe_launch/build install --record /home/jetson/projects/bishe/edge/build/bishe_launch/install.log --single-version-externally-managed install_data[0m
[3.867s] [34mcolcon.colcon_core.environment[0m [1;30mLevel 1[0m checking '/home/jetson/projects/bishe/edge/install/bishe_launch' for CMake config files
[3.869s] [34mcolcon.colcon_core.environment[0m [1;30mLevel 1[0m checking '/home/jetson/projects/bishe/edge/install/bishe_launch/lib'
[3.869s] [34mcolcon.colcon_core.environment[0m [1;30mLevel 1[0m checking '/home/jetson/projects/bishe/edge/install/bishe_launch/bin'
[3.869s] [34mcolcon.colcon_core.environment[0m [1;30mLevel 1[0m checking '/home/jetson/projects/bishe/edge/install/bishe_launch/lib/pkgconfig/bishe_launch.pc'
[3.869s] [34mcolcon.colcon_core.environment[0m [1;30mLevel 1[0m checking '/home/jetson/projects/bishe/edge/install/bishe_launch/lib/python3.10/site-packages'
[3.870s] [34mcolcon.colcon_core.shell[0m [1;30mLevel 1[0m create_environment_hook('bishe_launch', 'pythonpath')
[3.870s] [34mcolcon.colcon_core.shell[0m [1;30mINFO[0m Creating environment hook '/home/jetson/projects/bishe/edge/install/bishe_launch/share/bishe_launch/hook/pythonpath.ps1'
[3.871s] [34mcolcon.colcon_core.shell[0m [1;30mINFO[0m Creating environment descriptor '/home/jetson/projects/bishe/edge/install/bishe_launch/share/bishe_launch/hook/pythonpath.dsv'
[3.872s] [34mcolcon.colcon_core.shell[0m [1;30mINFO[0m Creating environment hook '/home/jetson/projects/bishe/edge/install/bishe_launch/share/bishe_launch/hook/pythonpath.sh'
[3.873s] [34mcolcon.colcon_core.environment[0m [1;30mLevel 1[0m checking '/home/jetson/projects/bishe/edge/install/bishe_launch/bin'
[3.873s] [34mcolcon.colcon_core.environment[0m [1;30mLevel 1[0m create_environment_scripts_only(bishe_launch)
[3.873s] [34mcolcon.colcon_core.shell[0m [1;30mINFO[0m Creating package script '/home/jetson/projects/bishe/edge/install/bishe_launch/share/bishe_launch/package.ps1'
[3.874s] [34mcolcon.colcon_core.shell[0m [1;30mINFO[0m Creating package descriptor '/home/jetson/projects/bishe/edge/install/bishe_launch/share/bishe_launch/package.dsv'
[3.875s] [34mcolcon.colcon_core.shell[0m [1;30mINFO[0m Creating package script '/home/jetson/projects/bishe/edge/install/bishe_launch/share/bishe_launch/package.sh'
[3.876s] [34mcolcon.colcon_core.shell[0m [1;30mINFO[0m Creating package script '/home/jetson/projects/bishe/edge/install/bishe_launch/share/bishe_launch/package.bash'
[3.877s] [34mcolcon.colcon_core.shell[0m [1;30mINFO[0m Creating package script '/home/jetson/projects/bishe/edge/install/bishe_launch/share/bishe_launch/package.zsh'
[3.877s] [34mcolcon.colcon_core.environment[0m [1;30mLevel 1[0m create_file_with_runtime_dependencies(/home/jetson/projects/bishe/edge/install/bishe_launch/share/colcon-core/packages/bishe_launch)
[3.878s] [34mcolcon.colcon_parallel_executor.executor.parallel[0m [1;30mDEBUG[0m [32mclosing loop[0m
[3.879s] [34mcolcon.colcon_parallel_executor.executor.parallel[0m [1;30mDEBUG[0m [32mloop closed[0m
[3.879s] [34mcolcon.colcon_parallel_executor.executor.parallel[0m [1;30mDEBUG[0m [32mrun_until_complete finished with '0'[0m
[3.879s] [34mcolcon.colcon_core.event_reactor[0m [1;30mDEBUG[0m [32mjoining thread[0m
[3.891s] [34mcolcon.colcon_core.plugin_system[0m [1;30mINFO[0m Skipping extension 'colcon_notification.desktop_notification.terminal_notifier': Not used on non-Darwin systems
[3.891s] [34mcolcon.colcon_core.plugin_system[0m [1;30mINFO[0m Skipping extension 'colcon_notification.desktop_notification.win32': Not used on non-Windows systems
[3.891s] [34mcolcon.colcon_notification.desktop_notification[0m [1;30mINFO[0m Sending desktop notification using 'notify2'
[3.925s] [34mcolcon.colcon_core.event_reactor[0m [1;30mDEBUG[0m [32mjoined thread[0m
[3.926s] [34mcolcon.colcon_core.shell[0m [1;30mINFO[0m Creating prefix script '/home/jetson/projects/bishe/edge/install/local_setup.ps1'
[3.928s] [34mcolcon.colcon_core.shell[0m [1;30mINFO[0m Creating prefix util module '/home/jetson/projects/bishe/edge/install/_local_setup_util_ps1.py'
[3.931s] [34mcolcon.colcon_core.shell[0m [1;30mINFO[0m Creating prefix chain script '/home/jetson/projects/bishe/edge/install/setup.ps1'
[3.933s] [34mcolcon.colcon_core.shell[0m [1;30mINFO[0m Creating prefix script '/home/jetson/projects/bishe/edge/install/local_setup.sh'
[3.935s] [34mcolcon.colcon_core.shell[0m [1;30mINFO[0m Creating prefix util module '/home/jetson/projects/bishe/edge/install/_local_setup_util_sh.py'
[3.936s] [34mcolcon.colcon_core.shell[0m [1;30mINFO[0m Creating prefix chain script '/home/jetson/projects/bishe/edge/install/setup.sh'
[3.938s] [34mcolcon.colcon_core.shell[0m [1;30mINFO[0m Creating prefix script '/home/jetson/projects/bishe/edge/install/local_setup.bash'
[3.939s] [34mcolcon.colcon_core.shell[0m [1;30mINFO[0m Creating prefix chain script '/home/jetson/projects/bishe/edge/install/setup.bash'
[3.941s] [34mcolcon.colcon_core.shell[0m [1;30mINFO[0m Creating prefix script '/home/jetson/projects/bishe/edge/install/local_setup.zsh'
[3.943s] [34mcolcon.colcon_core.shell[0m [1;30mINFO[0m Creating prefix chain script '/home/jetson/projects/bishe/edge/install/setup.zsh'
