[0.246s] [34mcolcon[0m [1;30mDEBUG[0m [32mCommand line arguments: ['/usr/bin/colcon', 'build'][0m
[0.247s] [34mcolcon[0m [1;30mDEBUG[0m [32mParsed command line arguments: Namespace(log_base=None, log_level=None, verb_name='build', build_base='build', install_base='install', merge_install=False, symlink_install=False, test_result_base=None, continue_on_error=False, executor='parallel', parallel_workers=6, event_handlers=None, ignore_user_meta=False, metas=['./colcon.meta'], base_paths=['.'], packages_ignore=None, packages_ignore_regex=None, paths=None, packages_up_to=None, packages_up_to_regex=None, packages_above=None, packages_above_and_dependencies=None, packages_above_depth=None, packages_select_by_dep=None, packages_skip_by_dep=None, packages_skip_up_to=None, packages_select_build_failed=False, packages_skip_build_finished=False, packages_select_test_failures=False, packages_skip_test_passed=False, packages_select=None, packages_skip=None, packages_select_regex=None, packages_skip_regex=None, packages_start=None, packages_end=None, allow_overriding=[], cmake_args=None, cmake_target=None, cmake_target_skip_unavailable=False, cmake_clean_cache=False, cmake_clean_first=False, cmake_force_configure=False, ament_cmake_args=None, catkin_cmake_args=None, catkin_skip_building_tests=False, verb_parser=<colcon_defaults.argument_parser.defaults.DefaultArgumentsDecorator object at 0xffffa3bce110>, verb_extension=<colcon_core.verb.build.BuildVerb object at 0xffffa3bcdbd0>, main=<bound method BuildVerb.main of <colcon_core.verb.build.BuildVerb object at 0xffffa3bcdbd0>>)[0m
[0.551s] [34mcolcon.colcon_core.package_discovery[0m [1;30mLevel 1[0m discover_packages(colcon_meta) check parameters
[0.551s] [34mcolcon.colcon_core.package_discovery[0m [1;30mLevel 1[0m discover_packages(recursive) check parameters
[0.551s] [34mcolcon.colcon_core.package_discovery[0m [1;30mLevel 1[0m discover_packages(ignore) check parameters
[0.551s] [34mcolcon.colcon_core.package_discovery[0m [1;30mLevel 1[0m discover_packages(path) check parameters
[0.551s] [34mcolcon.colcon_core.package_discovery[0m [1;30mLevel 1[0m discover_packages(colcon_meta) discover
[0.551s] [34mcolcon.colcon_core.package_discovery[0m [1;30mLevel 1[0m discover_packages(recursive) discover
[0.551s] [34mcolcon.colcon_core.package_discovery[0m [1;30mINFO[0m Crawling recursively for packages in '/home/jetson/projects/bishe/edge'
[0.552s] [34mcolcon.colcon_core.package_identification[0m [1;30mLevel 1[0m _identify(.) by extensions ['ignore', 'ignore_ament_install']
[0.552s] [34mcolcon.colcon_core.package_identification[0m [1;30mLevel 1[0m _identify(.) by extension 'ignore'
[0.552s] [34mcolcon.colcon_core.package_identification[0m [1;30mLevel 1[0m _identify(.) by extension 'ignore_ament_install'
[0.552s] [34mcolcon.colcon_core.package_identification[0m [1;30mLevel 1[0m _identify(.) by extensions ['colcon_pkg']
[0.552s] [34mcolcon.colcon_core.package_identification[0m [1;30mLevel 1[0m _identify(.) by extension 'colcon_pkg'
[0.552s] [34mcolcon.colcon_core.package_identification[0m [1;30mLevel 1[0m _identify(.) by extensions ['colcon_meta']
[0.552s] [34mcolcon.colcon_core.package_identification[0m [1;30mLevel 1[0m _identify(.) by extension 'colcon_meta'
[0.553s] [34mcolcon.colcon_core.package_identification[0m [1;30mLevel 1[0m _identify(.) by extensions ['ros']
[0.553s] [34mcolcon.colcon_core.package_identification[0m [1;30mLevel 1[0m _identify(.) by extension 'ros'
[0.575s] [34mcolcon.colcon_core.package_identification[0m [1;30mLevel 1[0m _identify(.) by extensions ['cmake', 'python']
[0.575s] [34mcolcon.colcon_core.package_identification[0m [1;30mLevel 1[0m _identify(.) by extension 'cmake'
[0.575s] [34mcolcon.colcon_core.package_identification[0m [1;30mLevel 1[0m _identify(.) by extension 'python'
[0.575s] [34mcolcon.colcon_core.package_identification[0m [1;30mLevel 1[0m _identify(.) by extensions ['python_setup_py']
[0.575s] [34mcolcon.colcon_core.package_identification[0m [1;30mLevel 1[0m _identify(.) by extension 'python_setup_py'
[0.575s] [34mcolcon.colcon_core.package_identification[0m [1;30mLevel 1[0m _identify(assets) by extensions ['ignore', 'ignore_ament_install']
[0.576s] [34mcolcon.colcon_core.package_identification[0m [1;30mLevel 1[0m _identify(assets) by extension 'ignore'
[0.576s] [34mcolcon.colcon_core.package_identification[0m [1;30mLevel 1[0m _identify(assets) by extension 'ignore_ament_install'
[0.576s] [34mcolcon.colcon_core.package_identification[0m [1;30mLevel 1[0m _identify(assets) by extensions ['colcon_pkg']
[0.576s] [34mcolcon.colcon_core.package_identification[0m [1;30mLevel 1[0m _identify(assets) by extension 'colcon_pkg'
[0.576s] [34mcolcon.colcon_core.package_identification[0m [1;30mLevel 1[0m _identify(assets) by extensions ['colcon_meta']
[0.576s] [34mcolcon.colcon_core.package_identification[0m [1;30mLevel 1[0m _identify(assets) by extension 'colcon_meta'
[0.576s] [34mcolcon.colcon_core.package_identification[0m [1;30mLevel 1[0m _identify(assets) by extensions ['ros']
[0.576s] [34mcolcon.colcon_core.package_identification[0m [1;30mLevel 1[0m _identify(assets) by extension 'ros'
[0.577s] [34mcolcon.colcon_core.package_identification[0m [1;30mLevel 1[0m _identify(assets) by extensions ['cmake', 'python']
[0.577s] [34mcolcon.colcon_core.package_identification[0m [1;30mLevel 1[0m _identify(assets) by extension 'cmake'
[0.577s] [34mcolcon.colcon_core.package_identification[0m [1;30mLevel 1[0m _identify(assets) by extension 'python'
[0.577s] [34mcolcon.colcon_core.package_identification[0m [1;30mLevel 1[0m _identify(assets) by extensions ['python_setup_py']
[0.577s] [34mcolcon.colcon_core.package_identification[0m [1;30mLevel 1[0m _identify(assets) by extension 'python_setup_py'
[0.577s] [34mcolcon.colcon_core.package_identification[0m [1;30mLevel 1[0m _identify(build) by extensions ['ignore', 'ignore_ament_install']
[0.577s] [34mcolcon.colcon_core.package_identification[0m [1;30mLevel 1[0m _identify(build) by extension 'ignore'
[0.577s] [34mcolcon.colcon_core.package_identification[0m [1;30mLevel 1[0m _identify(build) ignored
[0.578s] [34mcolcon.colcon_core.package_identification[0m [1;30mLevel 1[0m _identify(docs) by extensions ['ignore', 'ignore_ament_install']
[0.578s] [34mcolcon.colcon_core.package_identification[0m [1;30mLevel 1[0m _identify(docs) by extension 'ignore'
[0.578s] [34mcolcon.colcon_core.package_identification[0m [1;30mLevel 1[0m _identify(docs) by extension 'ignore_ament_install'
[0.578s] [34mcolcon.colcon_core.package_identification[0m [1;30mLevel 1[0m _identify(docs) by extensions ['colcon_pkg']
[0.578s] [34mcolcon.colcon_core.package_identification[0m [1;30mLevel 1[0m _identify(docs) by extension 'colcon_pkg'
[0.578s] [34mcolcon.colcon_core.package_identification[0m [1;30mLevel 1[0m _identify(docs) by extensions ['colcon_meta']
[0.578s] [34mcolcon.colcon_core.package_identification[0m [1;30mLevel 1[0m _identify(docs) by extension 'colcon_meta'
[0.578s] [34mcolcon.colcon_core.package_identification[0m [1;30mLevel 1[0m _identify(docs) by extensions ['ros']
[0.578s] [34mcolcon.colcon_core.package_identification[0m [1;30mLevel 1[0m _identify(docs) by extension 'ros'
[0.579s] [34mcolcon.colcon_core.package_identification[0m [1;30mLevel 1[0m _identify(docs) by extensions ['cmake', 'python']
[0.579s] [34mcolcon.colcon_core.package_identification[0m [1;30mLevel 1[0m _identify(docs) by extension 'cmake'
[0.579s] [34mcolcon.colcon_core.package_identification[0m [1;30mLevel 1[0m _identify(docs) by extension 'python'
[0.579s] [34mcolcon.colcon_core.package_identification[0m [1;30mLevel 1[0m _identify(docs) by extensions ['python_setup_py']
[0.579s] [34mcolcon.colcon_core.package_identification[0m [1;30mLevel 1[0m _identify(docs) by extension 'python_setup_py'
[0.579s] [34mcolcon.colcon_core.package_identification[0m [1;30mLevel 1[0m _identify(docs/superpowers) by extensions ['ignore', 'ignore_ament_install']
[0.579s] [34mcolcon.colcon_core.package_identification[0m [1;30mLevel 1[0m _identify(docs/superpowers) by extension 'ignore'
[0.579s] [34mcolcon.colcon_core.package_identification[0m [1;30mLevel 1[0m _identify(docs/superpowers) by extension 'ignore_ament_install'
[0.580s] [34mcolcon.colcon_core.package_identification[0m [1;30mLevel 1[0m _identify(docs/superpowers) by extensions ['colcon_pkg']
[0.580s] [34mcolcon.colcon_core.package_identification[0m [1;30mLevel 1[0m _identify(docs/superpowers) by extension 'colcon_pkg'
[0.580s] [34mcolcon.colcon_core.package_identification[0m [1;30mLevel 1[0m _identify(docs/superpowers) by extensions ['colcon_meta']
[0.580s] [34mcolcon.colcon_core.package_identification[0m [1;30mLevel 1[0m _identify(docs/superpowers) by extension 'colcon_meta'
[0.580s] [34mcolcon.colcon_core.package_identification[0m [1;30mLevel 1[0m _identify(docs/superpowers) by extensions ['ros']
[0.580s] [34mcolcon.colcon_core.package_identification[0m [1;30mLevel 1[0m _identify(docs/superpowers) by extension 'ros'
[0.580s] [34mcolcon.colcon_core.package_identification[0m [1;30mLevel 1[0m _identify(docs/superpowers) by extensions ['cmake', 'python']
[0.580s] [34mcolcon.colcon_core.package_identification[0m [1;30mLevel 1[0m _identify(docs/superpowers) by extension 'cmake'
[0.580s] [34mcolcon.colcon_core.package_identification[0m [1;30mLevel 1[0m _identify(docs/superpowers) by extension 'python'
[0.580s] [34mcolcon.colcon_core.package_identification[0m [1;30mLevel 1[0m _identify(docs/superpowers) by extensions ['python_setup_py']
[0.580s] [34mcolcon.colcon_core.package_identification[0m [1;30mLevel 1[0m _identify(docs/superpowers) by extension 'python_setup_py'
[0.581s] [34mcolcon.colcon_core.package_identification[0m [1;30mLevel 1[0m _identify(docs/superpowers/plans) by extensions ['ignore', 'ignore_ament_install']
[0.581s] [34mcolcon.colcon_core.package_identification[0m [1;30mLevel 1[0m _identify(docs/superpowers/plans) by extension 'ignore'
[0.581s] [34mcolcon.colcon_core.package_identification[0m [1;30mLevel 1[0m _identify(docs/superpowers/plans) by extension 'ignore_ament_install'
[0.581s] [34mcolcon.colcon_core.package_identification[0m [1;30mLevel 1[0m _identify(docs/superpowers/plans) by extensions ['colcon_pkg']
[0.581s] [34mcolcon.colcon_core.package_identification[0m [1;30mLevel 1[0m _identify(docs/superpowers/plans) by extension 'colcon_pkg'
[0.581s] [34mcolcon.colcon_core.package_identification[0m [1;30mLevel 1[0m _identify(docs/superpowers/plans) by extensions ['colcon_meta']
[0.581s] [34mcolcon.colcon_core.package_identification[0m [1;30mLevel 1[0m _identify(docs/superpowers/plans) by extension 'colcon_meta'
[0.581s] [34mcolcon.colcon_core.package_identification[0m [1;30mLevel 1[0m _identify(docs/superpowers/plans) by extensions ['ros']
[0.581s] [34mcolcon.colcon_core.package_identification[0m [1;30mLevel 1[0m _identify(docs/superpowers/plans) by extension 'ros'
[0.582s] [34mcolcon.colcon_core.package_identification[0m [1;30mLevel 1[0m _identify(docs/superpowers/plans) by extensions ['cmake', 'python']
[0.582s] [34mcolcon.colcon_core.package_identification[0m [1;30mLevel 1[0m _identify(docs/superpowers/plans) by extension 'cmake'
[0.582s] [34mcolcon.colcon_core.package_identification[0m [1;30mLevel 1[0m _identify(docs/superpowers/plans) by extension 'python'
[0.582s] [34mcolcon.colcon_core.package_identification[0m [1;30mLevel 1[0m _identify(docs/superpowers/plans) by extensions ['python_setup_py']
[0.582s] [34mcolcon.colcon_core.package_identification[0m [1;30mLevel 1[0m _identify(docs/superpowers/plans) by extension 'python_setup_py'
[0.582s] [34mcolcon.colcon_core.package_identification[0m [1;30mLevel 1[0m _identify(docs/superpowers/specs) by extensions ['ignore', 'ignore_ament_install']
[0.582s] [34mcolcon.colcon_core.package_identification[0m [1;30mLevel 1[0m _identify(docs/superpowers/specs) by extension 'ignore'
[0.582s] [34mcolcon.colcon_core.package_identification[0m [1;30mLevel 1[0m _identify(docs/superpowers/specs) by extension 'ignore_ament_install'
[0.583s] [34mcolcon.colcon_core.package_identification[0m [1;30mLevel 1[0m _identify(docs/superpowers/specs) by extensions ['colcon_pkg']
[0.583s] [34mcolcon.colcon_core.package_identification[0m [1;30mLevel 1[0m _identify(docs/superpowers/specs) by extension 'colcon_pkg'
[0.583s] [34mcolcon.colcon_core.package_identification[0m [1;30mLevel 1[0m _identify(docs/superpowers/specs) by extensions ['colcon_meta']
[0.583s] [34mcolcon.colcon_core.package_identification[0m [1;30mLevel 1[0m _identify(docs/superpowers/specs) by extension 'colcon_meta'
[0.583s] [34mcolcon.colcon_core.package_identification[0m [1;30mLevel 1[0m _identify(docs/superpowers/specs) by extensions ['ros']
[0.583s] [34mcolcon.colcon_core.package_identification[0m [1;30mLevel 1[0m _identify(docs/superpowers/specs) by extension 'ros'
[0.583s] [34mcolcon.colcon_core.package_identification[0m [1;30mLevel 1[0m _identify(docs/superpowers/specs) by extensions ['cmake', 'python']
[0.583s] [34mcolcon.colcon_core.package_identification[0m [1;30mLevel 1[0m _identify(docs/superpowers/specs) by extension 'cmake'
[0.583s] [34mcolcon.colcon_core.package_identification[0m [1;30mLevel 1[0m _identify(docs/superpowers/specs) by extension 'python'
[0.583s] [34mcolcon.colcon_core.package_identification[0m [1;30mLevel 1[0m _identify(docs/superpowers/specs) by extensions ['python_setup_py']
[0.583s] [34mcolcon.colcon_core.package_identification[0m [1;30mLevel 1[0m _identify(docs/superpowers/specs) by extension 'python_setup_py'
[0.584s] [34mcolcon.colcon_core.package_identification[0m [1;30mLevel 1[0m _identify(install) by extensions ['ignore', 'ignore_ament_install']
[0.584s] [34mcolcon.colcon_core.package_identification[0m [1;30mLevel 1[0m _identify(install) by extension 'ignore'
[0.584s] [34mcolcon.colcon_core.package_identification[0m [1;30mLevel 1[0m _identify(install) ignored
[0.585s] [34mcolcon.colcon_core.package_identification[0m [1;30mLevel 1[0m _identify(log) by extensions ['ignore', 'ignore_ament_install']
[0.585s] [34mcolcon.colcon_core.package_identification[0m [1;30mLevel 1[0m _identify(log) by extension 'ignore'
[0.585s] [34mcolcon.colcon_core.package_identification[0m [1;30mLevel 1[0m _identify(log) ignored
[0.585s] [34mcolcon.colcon_core.package_identification[0m [1;30mLevel 1[0m _identify(models) by extensions ['ignore', 'ignore_ament_install']
[0.585s] [34mcolcon.colcon_core.package_identification[0m [1;30mLevel 1[0m _identify(models) by extension 'ignore'
[0.585s] [34mcolcon.colcon_core.package_identification[0m [1;30mLevel 1[0m _identify(models) by extension 'ignore_ament_install'
[0.586s] [34mcolcon.colcon_core.package_identification[0m [1;30mLevel 1[0m _identify(models) by extensions ['colcon_pkg']
[0.586s] [34mcolcon.colcon_core.package_identification[0m [1;30mLevel 1[0m _identify(models) by extension 'colcon_pkg'
[0.586s] [34mcolcon.colcon_core.package_identification[0m [1;30mLevel 1[0m _identify(models) by extensions ['colcon_meta']
[0.586s] [34mcolcon.colcon_core.package_identification[0m [1;30mLevel 1[0m _identify(models) by extension 'colcon_meta'
[0.586s] [34mcolcon.colcon_core.package_identification[0m [1;30mLevel 1[0m _identify(models) by extensions ['ros']
[0.586s] [34mcolcon.colcon_core.package_identification[0m [1;30mLevel 1[0m _identify(models) by extension 'ros'
[0.586s] [34mcolcon.colcon_core.package_identification[0m [1;30mLevel 1[0m _identify(models) by extensions ['cmake', 'python']
[0.586s] [34mcolcon.colcon_core.package_identification[0m [1;30mLevel 1[0m _identify(models) by extension 'cmake'
[0.586s] [34mcolcon.colcon_core.package_identification[0m [1;30mLevel 1[0m _identify(models) by extension 'python'
[0.586s] [34mcolcon.colcon_core.package_identification[0m [1;30mLevel 1[0m _identify(models) by extensions ['python_setup_py']
[0.586s] [34mcolcon.colcon_core.package_identification[0m [1;30mLevel 1[0m _identify(models) by extension 'python_setup_py'
[0.587s] [34mcolcon.colcon_core.package_identification[0m [1;30mLevel 1[0m _identify(models/charts) by extensions ['ignore', 'ignore_ament_install']
[0.587s] [34mcolcon.colcon_core.package_identification[0m [1;30mLevel 1[0m _identify(models/charts) by extension 'ignore'
[0.587s] [34mcolcon.colcon_core.package_identification[0m [1;30mLevel 1[0m _identify(models/charts) by extension 'ignore_ament_install'
[0.587s] [34mcolcon.colcon_core.package_identification[0m [1;30mLevel 1[0m _identify(models/charts) by extensions ['colcon_pkg']
[0.587s] [34mcolcon.colcon_core.package_identification[0m [1;30mLevel 1[0m _identify(models/charts) by extension 'colcon_pkg'
[0.587s] [34mcolcon.colcon_core.package_identification[0m [1;30mLevel 1[0m _identify(models/charts) by extensions ['colcon_meta']
[0.587s] [34mcolcon.colcon_core.package_identification[0m [1;30mLevel 1[0m _identify(models/charts) by extension 'colcon_meta'
[0.587s] [34mcolcon.colcon_core.package_identification[0m [1;30mLevel 1[0m _identify(models/charts) by extensions ['ros']
[0.587s] [34mcolcon.colcon_core.package_identification[0m [1;30mLevel 1[0m _identify(models/charts) by extension 'ros'
[0.588s] [34mcolcon.colcon_core.package_identification[0m [1;30mLevel 1[0m _identify(models/charts) by extensions ['cmake', 'python']
[0.588s] [34mcolcon.colcon_core.package_identification[0m [1;30mLevel 1[0m _identify(models/charts) by extension 'cmake'
[0.588s] [34mcolcon.colcon_core.package_identification[0m [1;30mLevel 1[0m _identify(models/charts) by extension 'python'
[0.588s] [34mcolcon.colcon_core.package_identification[0m [1;30mLevel 1[0m _identify(models/charts) by extensions ['python_setup_py']
[0.588s] [34mcolcon.colcon_core.package_identification[0m [1;30mLevel 1[0m _identify(models/charts) by extension 'python_setup_py'
[0.588s] [34mcolcon.colcon_core.package_identification[0m [1;30mLevel 1[0m _identify(src) by extensions ['ignore', 'ignore_ament_install']
[0.588s] [34mcolcon.colcon_core.package_identification[0m [1;30mLevel 1[0m _identify(src) by extension 'ignore'
[0.588s] [34mcolcon.colcon_core.package_identification[0m [1;30mLevel 1[0m _identify(src) by extension 'ignore_ament_install'
[0.589s] [34mcolcon.colcon_core.package_identification[0m [1;30mLevel 1[0m _identify(src) by extensions ['colcon_pkg']
[0.589s] [34mcolcon.colcon_core.package_identification[0m [1;30mLevel 1[0m _identify(src) by extension 'colcon_pkg'
[0.589s] [34mcolcon.colcon_core.package_identification[0m [1;30mLevel 1[0m _identify(src) by extensions ['colcon_meta']
[0.589s] [34mcolcon.colcon_core.package_identification[0m [1;30mLevel 1[0m _identify(src) by extension 'colcon_meta'
[0.589s] [34mcolcon.colcon_core.package_identification[0m [1;30mLevel 1[0m _identify(src) by extensions ['ros']
[0.589s] [34mcolcon.colcon_core.package_identification[0m [1;30mLevel 1[0m _identify(src) by extension 'ros'
[0.589s] [34mcolcon.colcon_core.package_identification[0m [1;30mLevel 1[0m _identify(src) by extensions ['cmake', 'python']
[0.589s] [34mcolcon.colcon_core.package_identification[0m [1;30mLevel 1[0m _identify(src) by extension 'cmake'
[0.589s] [34mcolcon.colcon_core.package_identification[0m [1;30mLevel 1[0m _identify(src) by extension 'python'
[0.589s] [34mcolcon.colcon_core.package_identification[0m [1;30mLevel 1[0m _identify(src) by extensions ['python_setup_py']
[0.589s] [34mcolcon.colcon_core.package_identification[0m [1;30mLevel 1[0m _identify(src) by extension 'python_setup_py'
[0.590s] [34mcolcon.colcon_core.package_identification[0m [1;30mLevel 1[0m _identify(src/bishe_camera) by extensions ['ignore', 'ignore_ament_install']
[0.590s] [34mcolcon.colcon_core.package_identification[0m [1;30mLevel 1[0m _identify(src/bishe_camera) by extension 'ignore'
[0.590s] [34mcolcon.colcon_core.package_identification[0m [1;30mLevel 1[0m _identify(src/bishe_camera) by extension 'ignore_ament_install'
[0.590s] [34mcolcon.colcon_core.package_identification[0m [1;30mLevel 1[0m _identify(src/bishe_camera) by extensions ['colcon_pkg']
[0.590s] [34mcolcon.colcon_core.package_identification[0m [1;30mLevel 1[0m _identify(src/bishe_camera) by extension 'colcon_pkg'
[0.590s] [34mcolcon.colcon_core.package_identification[0m [1;30mLevel 1[0m _identify(src/bishe_camera) by extensions ['colcon_meta']
[0.590s] [34mcolcon.colcon_core.package_identification[0m [1;30mLevel 1[0m _identify(src/bishe_camera) by extension 'colcon_meta'
[0.590s] [34mcolcon.colcon_core.package_identification[0m [1;30mLevel 1[0m _identify(src/bishe_camera) by extensions ['ros']
[0.590s] [34mcolcon.colcon_core.package_identification[0m [1;30mLevel 1[0m _identify(src/bishe_camera) by extension 'ros'
[0.596s] [34mcolcon.colcon_core.package_identification[0m [1;30mDEBUG[0m [32mPackage 'src/bishe_camera' with type 'ros.ament_cmake' and name 'bishe_camera'[0m
[0.597s] [34mcolcon.colcon_core.package_identification[0m [1;30mLevel 1[0m _identify(src/bishe_detector) by extensions ['ignore', 'ignore_ament_install']
[0.597s] [34mcolcon.colcon_core.package_identification[0m [1;30mLevel 1[0m _identify(src/bishe_detector) by extension 'ignore'
[0.597s] [34mcolcon.colcon_core.package_identification[0m [1;30mLevel 1[0m _identify(src/bishe_detector) by extension 'ignore_ament_install'
[0.597s] [34mcolcon.colcon_core.package_identification[0m [1;30mLevel 1[0m _identify(src/bishe_detector) by extensions ['colcon_pkg']
[0.597s] [34mcolcon.colcon_core.package_identification[0m [1;30mLevel 1[0m _identify(src/bishe_detector) by extension 'colcon_pkg'
[0.597s] [34mcolcon.colcon_core.package_identification[0m [1;30mLevel 1[0m _identify(src/bishe_detector) by extensions ['colcon_meta']
[0.597s] [34mcolcon.colcon_core.package_identification[0m [1;30mLevel 1[0m _identify(src/bishe_detector) by extension 'colcon_meta'
[0.598s] [34mcolcon.colcon_core.package_identification[0m [1;30mLevel 1[0m _identify(src/bishe_detector) by extensions ['ros']
[0.598s] [34mcolcon.colcon_core.package_identification[0m [1;30mLevel 1[0m _identify(src/bishe_detector) by extension 'ros'
[0.599s] [34mcolcon.colcon_core.package_identification[0m [1;30mDEBUG[0m [32mPackage 'src/bishe_detector' with type 'ros.ament_cmake' and name 'bishe_detector'[0m
[0.600s] [34mcolcon.colcon_core.package_identification[0m [1;30mLevel 1[0m _identify(src/bishe_launch) by extensions ['ignore', 'ignore_ament_install']
[0.600s] [34mcolcon.colcon_core.package_identification[0m [1;30mLevel 1[0m _identify(src/bishe_launch) by extension 'ignore'
[0.600s] [34mcolcon.colcon_core.package_identification[0m [1;30mLevel 1[0m _identify(src/bishe_launch) by extension 'ignore_ament_install'
[0.600s] [34mcolcon.colcon_core.package_identification[0m [1;30mLevel 1[0m _identify(src/bishe_launch) by extensions ['colcon_pkg']
[0.600s] [34mcolcon.colcon_core.package_identification[0m [1;30mLevel 1[0m _identify(src/bishe_launch) by extension 'colcon_pkg'
[0.600s] [34mcolcon.colcon_core.package_identification[0m [1;30mLevel 1[0m _identify(src/bishe_launch) by extensions ['colcon_meta']
[0.600s] [34mcolcon.colcon_core.package_identification[0m [1;30mLevel 1[0m _identify(src/bishe_launch) by extension 'colcon_meta'
[0.600s] [34mcolcon.colcon_core.package_identification[0m [1;30mLevel 1[0m _identify(src/bishe_launch) by extensions ['ros']
[0.601s] [34mcolcon.colcon_core.package_identification[0m [1;30mLevel 1[0m _identify(src/bishe_launch) by extension 'ros'
[0.602s] [34mcolcon.colcon_core.package_identification[0m [1;30mDEBUG[0m [32mPackage 'src/bishe_launch' with type 'ros.ament_python' and name 'bishe_launch'[0m
[0.602s] [34mcolcon.colcon_core.package_identification[0m [1;30mLevel 1[0m _identify(src/bishe_monitor) by extensions ['ignore', 'ignore_ament_install']
[0.602s] [34mcolcon.colcon_core.package_identification[0m [1;30mLevel 1[0m _identify(src/bishe_monitor) by extension 'ignore'
[0.602s] [34mcolcon.colcon_core.package_identification[0m [1;30mLevel 1[0m _identify(src/bishe_monitor) by extension 'ignore_ament_install'
[0.602s] [34mcolcon.colcon_core.package_identification[0m [1;30mLevel 1[0m _identify(src/bishe_monitor) by extensions ['colcon_pkg']
[0.602s] [34mcolcon.colcon_core.package_identification[0m [1;30mLevel 1[0m _identify(src/bishe_monitor) by extension 'colcon_pkg'
[0.603s] [34mcolcon.colcon_core.package_identification[0m [1;30mLevel 1[0m _identify(src/bishe_monitor) by extensions ['colcon_meta']
[0.603s] [34mcolcon.colcon_core.package_identification[0m [1;30mLevel 1[0m _identify(src/bishe_monitor) by extension 'colcon_meta'
[0.603s] [34mcolcon.colcon_core.package_identification[0m [1;30mLevel 1[0m _identify(src/bishe_monitor) by extensions ['ros']
[0.603s] [34mcolcon.colcon_core.package_identification[0m [1;30mLevel 1[0m _identify(src/bishe_monitor) by extension 'ros'
[0.604s] [34mcolcon.colcon_core.package_identification[0m [1;30mDEBUG[0m [32mPackage 'src/bishe_monitor' with type 'ros.ament_cmake' and name 'bishe_monitor'[0m
[0.605s] [34mcolcon.colcon_core.package_identification[0m [1;30mLevel 1[0m _identify(src/bishe_mqtt) by extensions ['ignore', 'ignore_ament_install']
[0.605s] [34mcolcon.colcon_core.package_identification[0m [1;30mLevel 1[0m _identify(src/bishe_mqtt) by extension 'ignore'
[0.605s] [34mcolcon.colcon_core.package_identification[0m [1;30mLevel 1[0m _identify(src/bishe_mqtt) by extension 'ignore_ament_install'
[0.605s] [34mcolcon.colcon_core.package_identification[0m [1;30mLevel 1[0m _identify(src/bishe_mqtt) by extensions ['colcon_pkg']
[0.605s] [34mcolcon.colcon_core.package_identification[0m [1;30mLevel 1[0m _identify(src/bishe_mqtt) by extension 'colcon_pkg'
[0.605s] [34mcolcon.colcon_core.package_identification[0m [1;30mLevel 1[0m _identify(src/bishe_mqtt) by extensions ['colcon_meta']
[0.605s] [34mcolcon.colcon_core.package_identification[0m [1;30mLevel 1[0m _identify(src/bishe_mqtt) by extension 'colcon_meta'
[0.605s] [34mcolcon.colcon_core.package_identification[0m [1;30mLevel 1[0m _identify(src/bishe_mqtt) by extensions ['ros']
[0.605s] [34mcolcon.colcon_core.package_identification[0m [1;30mLevel 1[0m _identify(src/bishe_mqtt) by extension 'ros'
[0.607s] [34mcolcon.colcon_core.package_identification[0m [1;30mDEBUG[0m [32mPackage 'src/bishe_mqtt' with type 'ros.ament_cmake' and name 'bishe_mqtt'[0m
[0.607s] [34mcolcon.colcon_core.package_identification[0m [1;30mLevel 1[0m _identify(src/bishe_msgs) by extensions ['ignore', 'ignore_ament_install']
[0.607s] [34mcolcon.colcon_core.package_identification[0m [1;30mLevel 1[0m _identify(src/bishe_msgs) by extension 'ignore'
[0.607s] [34mcolcon.colcon_core.package_identification[0m [1;30mLevel 1[0m _identify(src/bishe_msgs) by extension 'ignore_ament_install'
[0.607s] [34mcolcon.colcon_core.package_identification[0m [1;30mLevel 1[0m _identify(src/bishe_msgs) by extensions ['colcon_pkg']
[0.607s] [34mcolcon.colcon_core.package_identification[0m [1;30mLevel 1[0m _identify(src/bishe_msgs) by extension 'colcon_pkg'
[0.608s] [34mcolcon.colcon_core.package_identification[0m [1;30mLevel 1[0m _identify(src/bishe_msgs) by extensions ['colcon_meta']
[0.608s] [34mcolcon.colcon_core.package_identification[0m [1;30mLevel 1[0m _identify(src/bishe_msgs) by extension 'colcon_meta'
[0.608s] [34mcolcon.colcon_core.package_identification[0m [1;30mLevel 1[0m _identify(src/bishe_msgs) by extensions ['ros']
[0.608s] [34mcolcon.colcon_core.package_identification[0m [1;30mLevel 1[0m _identify(src/bishe_msgs) by extension 'ros'
[0.609s] [34mcolcon.colcon_core.package_identification[0m [1;30mDEBUG[0m [32mPackage 'src/bishe_msgs' with type 'ros.ament_cmake' and name 'bishe_msgs'[0m
[0.609s] [34mcolcon.colcon_core.package_identification[0m [1;30mLevel 1[0m _identify(src/bishe_streamer) by extensions ['ignore', 'ignore_ament_install']
[0.609s] [34mcolcon.colcon_core.package_identification[0m [1;30mLevel 1[0m _identify(src/bishe_streamer) by extension 'ignore'
[0.609s] [34mcolcon.colcon_core.package_identification[0m [1;30mLevel 1[0m _identify(src/bishe_streamer) by extension 'ignore_ament_install'
[0.610s] [34mcolcon.colcon_core.package_identification[0m [1;30mLevel 1[0m _identify(src/bishe_streamer) by extensions ['colcon_pkg']
[0.610s] [34mcolcon.colcon_core.package_identification[0m [1;30mLevel 1[0m _identify(src/bishe_streamer) by extension 'colcon_pkg'
[0.610s] [34mcolcon.colcon_core.package_identification[0m [1;30mLevel 1[0m _identify(src/bishe_streamer) by extensions ['colcon_meta']
[0.610s] [34mcolcon.colcon_core.package_identification[0m [1;30mLevel 1[0m _identify(src/bishe_streamer) by extension 'colcon_meta'
[0.610s] [34mcolcon.colcon_core.package_identification[0m [1;30mLevel 1[0m _identify(src/bishe_streamer) by extensions ['ros']
[0.610s] [34mcolcon.colcon_core.package_identification[0m [1;30mLevel 1[0m _identify(src/bishe_streamer) by extension 'ros'
[0.612s] [34mcolcon.colcon_core.package_identification[0m [1;30mDEBUG[0m [32mPackage 'src/bishe_streamer' with type 'ros.ament_cmake' and name 'bishe_streamer'[0m
[0.612s] [34mcolcon.colcon_core.package_identification[0m [1;30mLevel 1[0m _identify(video) by extensions ['ignore', 'ignore_ament_install']
[0.612s] [34mcolcon.colcon_core.package_identification[0m [1;30mLevel 1[0m _identify(video) by extension 'ignore'
[0.612s] [34mcolcon.colcon_core.package_identification[0m [1;30mLevel 1[0m _identify(video) by extension 'ignore_ament_install'
[0.612s] [34mcolcon.colcon_core.package_identification[0m [1;30mLevel 1[0m _identify(video) by extensions ['colcon_pkg']
[0.612s] [34mcolcon.colcon_core.package_identification[0m [1;30mLevel 1[0m _identify(video) by extension 'colcon_pkg'
[0.612s] [34mcolcon.colcon_core.package_identification[0m [1;30mLevel 1[0m _identify(video) by extensions ['colcon_meta']
[0.613s] [34mcolcon.colcon_core.package_identification[0m [1;30mLevel 1[0m _identify(video) by extension 'colcon_meta'
[0.613s] [34mcolcon.colcon_core.package_identification[0m [1;30mLevel 1[0m _identify(video) by extensions ['ros']
[0.613s] [34mcolcon.colcon_core.package_identification[0m [1;30mLevel 1[0m _identify(video) by extension 'ros'
[0.613s] [34mcolcon.colcon_core.package_identification[0m [1;30mLevel 1[0m _identify(video) by extensions ['cmake', 'python']
[0.613s] [34mcolcon.colcon_core.package_identification[0m [1;30mLevel 1[0m _identify(video) by extension 'cmake'
[0.613s] [34mcolcon.colcon_core.package_identification[0m [1;30mLevel 1[0m _identify(video) by extension 'python'
[0.613s] [34mcolcon.colcon_core.package_identification[0m [1;30mLevel 1[0m _identify(video) by extensions ['python_setup_py']
[0.613s] [34mcolcon.colcon_core.package_identification[0m [1;30mLevel 1[0m _identify(video) by extension 'python_setup_py'
[0.613s] [34mcolcon.colcon_core.package_discovery[0m [1;30mLevel 1[0m discover_packages(recursive) using defaults
[0.613s] [34mcolcon.colcon_core.package_discovery[0m [1;30mLevel 1[0m discover_packages(ignore) discover
[0.614s] [34mcolcon.colcon_core.package_discovery[0m [1;30mLevel 1[0m discover_packages(ignore) using defaults
[0.614s] [34mcolcon.colcon_core.package_discovery[0m [1;30mLevel 1[0m discover_packages(path) discover
[0.614s] [34mcolcon.colcon_core.package_discovery[0m [1;30mLevel 1[0m discover_packages(path) using defaults
[0.676s] [34mcolcon.colcon_core.package_discovery[0m [1;30mLevel 1[0m discover_packages(prefix_path) check parameters
[0.676s] [34mcolcon.colcon_core.package_discovery[0m [1;30mLevel 1[0m discover_packages(prefix_path) discover
[0.681s] [34mcolcon.colcon_installed_package_information.package_discovery[0m [1;30mDEBUG[0m [32mFound 7 installed packages in /home/jetson/projects/bishe/edge/install[0m
[0.683s] [34mcolcon.colcon_installed_package_information.package_discovery[0m [1;30mDEBUG[0m [32mFound 271 installed packages in /opt/ros/humble[0m
[0.686s] [34mcolcon.colcon_core.package_discovery[0m [1;30mLevel 1[0m discover_packages(prefix_path) using defaults
[0.751s] [34mcolcon.colcon_core.verb[0m [1;30mLevel 5[0m set package 'bishe_mqtt' build argument 'cmake_args' from command line to 'None'
[0.752s] [34mcolcon.colcon_core.verb[0m [1;30mLevel 5[0m set package 'bishe_mqtt' build argument 'cmake_target' from command line to 'None'
[0.752s] [34mcolcon.colcon_core.verb[0m [1;30mLevel 5[0m set package 'bishe_mqtt' build argument 'cmake_target_skip_unavailable' from command line to 'False'
[0.752s] [34mcolcon.colcon_core.verb[0m [1;30mLevel 5[0m set package 'bishe_mqtt' build argument 'cmake_clean_cache' from command line to 'False'
[0.752s] [34mcolcon.colcon_core.verb[0m [1;30mLevel 5[0m set package 'bishe_mqtt' build argument 'cmake_clean_first' from command line to 'False'
[0.752s] [34mcolcon.colcon_core.verb[0m [1;30mLevel 5[0m set package 'bishe_mqtt' build argument 'cmake_force_configure' from command line to 'False'
[0.752s] [34mcolcon.colcon_core.verb[0m [1;30mLevel 5[0m set package 'bishe_mqtt' build argument 'ament_cmake_args' from command line to 'None'
[0.752s] [34mcolcon.colcon_core.verb[0m [1;30mLevel 5[0m set package 'bishe_mqtt' build argument 'catkin_cmake_args' from command line to 'None'
[0.752s] [34mcolcon.colcon_core.verb[0m [1;30mLevel 5[0m set package 'bishe_mqtt' build argument 'catkin_skip_building_tests' from command line to 'False'
[0.752s] [34mcolcon.colcon_core.verb[0m [1;30mDEBUG[0m [32mBuilding package 'bishe_mqtt' with the following arguments: {'ament_cmake_args': None, 'build_base': '/home/jetson/projects/bishe/edge/build/bishe_mqtt', 'catkin_cmake_args': None, 'catkin_skip_building_tests': False, 'cmake_args': None, 'cmake_clean_cache': False, 'cmake_clean_first': False, 'cmake_force_configure': False, 'cmake_target': None, 'cmake_target_skip_unavailable': False, 'install_base': '/home/jetson/projects/bishe/edge/install/bishe_mqtt', 'merge_install': False, 'path': '/home/jetson/projects/bishe/edge/src/bishe_mqtt', 'symlink_install': False, 'test_result_base': None}[0m
[0.753s] [34mcolcon.colcon_core.verb[0m [1;30mLevel 5[0m set package 'bishe_msgs' build argument 'cmake_args' from command line to 'None'
[0.753s] [34mcolcon.colcon_core.verb[0m [1;30mLevel 5[0m set package 'bishe_msgs' build argument 'cmake_target' from command line to 'None'
[0.753s] [34mcolcon.colcon_core.verb[0m [1;30mLevel 5[0m set package 'bishe_msgs' build argument 'cmake_target_skip_unavailable' from command line to 'False'
[0.753s] [34mcolcon.colcon_core.verb[0m [1;30mLevel 5[0m set package 'bishe_msgs' build argument 'cmake_clean_cache' from command line to 'False'
[0.753s] [34mcolcon.colcon_core.verb[0m [1;30mLevel 5[0m set package 'bishe_msgs' build argument 'cmake_clean_first' from command line to 'False'
[0.753s] [34mcolcon.colcon_core.verb[0m [1;30mLevel 5[0m set package 'bishe_msgs' build argument 'cmake_force_configure' from command line to 'False'
[0.753s] [34mcolcon.colcon_core.verb[0m [1;30mLevel 5[0m set package 'bishe_msgs' build argument 'ament_cmake_args' from command line to 'None'
[0.753s] [34mcolcon.colcon_core.verb[0m [1;30mLevel 5[0m set package 'bishe_msgs' build argument 'catkin_cmake_args' from command line to 'None'
[0.753s] [34mcolcon.colcon_core.verb[0m [1;30mLevel 5[0m set package 'bishe_msgs' build argument 'catkin_skip_building_tests' from command line to 'False'
[0.753s] [34mcolcon.colcon_core.verb[0m [1;30mDEBUG[0m [32mBuilding package 'bishe_msgs' with the following arguments: {'ament_cmake_args': None, 'build_base': '/home/jetson/projects/bishe/edge/build/bishe_msgs', 'catkin_cmake_args': None, 'catkin_skip_building_tests': False, 'cmake_args': None, 'cmake_clean_cache': False, 'cmake_clean_first': False, 'cmake_force_configure': False, 'cmake_target': None, 'cmake_target_skip_unavailable': False, 'install_base': '/home/jetson/projects/bishe/edge/install/bishe_msgs', 'merge_install': False, 'path': '/home/jetson/projects/bishe/edge/src/bishe_msgs', 'symlink_install': False, 'test_result_base': None}[0m
[0.754s] [34mcolcon.colcon_core.verb[0m [1;30mLevel 5[0m set package 'bishe_camera' build argument 'cmake_args' from command line to 'None'
[0.754s] [34mcolcon.colcon_core.verb[0m [1;30mLevel 5[0m set package 'bishe_camera' build argument 'cmake_target' from command line to 'None'
[0.754s] [34mcolcon.colcon_core.verb[0m [1;30mLevel 5[0m set package 'bishe_camera' build argument 'cmake_target_skip_unavailable' from command line to 'False'
[0.754s] [34mcolcon.colcon_core.verb[0m [1;30mLevel 5[0m set package 'bishe_camera' build argument 'cmake_clean_cache' from command line to 'False'
[0.754s] [34mcolcon.colcon_core.verb[0m [1;30mLevel 5[0m set package 'bishe_camera' build argument 'cmake_clean_first' from command line to 'False'
[0.754s] [34mcolcon.colcon_core.verb[0m [1;30mLevel 5[0m set package 'bishe_camera' build argument 'cmake_force_configure' from command line to 'False'
[0.754s] [34mcolcon.colcon_core.verb[0m [1;30mLevel 5[0m set package 'bishe_camera' build argument 'ament_cmake_args' from command line to 'None'
[0.754s] [34mcolcon.colcon_core.verb[0m [1;30mLevel 5[0m set package 'bishe_camera' build argument 'catkin_cmake_args' from command line to 'None'
[0.754s] [34mcolcon.colcon_core.verb[0m [1;30mLevel 5[0m set package 'bishe_camera' build argument 'catkin_skip_building_tests' from command line to 'False'
[0.754s] [34mcolcon.colcon_core.verb[0m [1;30mDEBUG[0m [32mBuilding package 'bishe_camera' with the following arguments: {'ament_cmake_args': None, 'build_base': '/home/jetson/projects/bishe/edge/build/bishe_camera', 'catkin_cmake_args': None, 'catkin_skip_building_tests': False, 'cmake_args': None, 'cmake_clean_cache': False, 'cmake_clean_first': False, 'cmake_force_configure': False, 'cmake_target': None, 'cmake_target_skip_unavailable': False, 'install_base': '/home/jetson/projects/bishe/edge/install/bishe_camera', 'merge_install': False, 'path': '/home/jetson/projects/bishe/edge/src/bishe_camera', 'symlink_install': False, 'test_result_base': None}[0m
[0.755s] [34mcolcon.colcon_core.verb[0m [1;30mLevel 5[0m set package 'bishe_detector' build argument 'cmake_args' from command line to 'None'
[0.755s] [34mcolcon.colcon_core.verb[0m [1;30mLevel 5[0m set package 'bishe_detector' build argument 'cmake_target' from command line to 'None'
[0.755s] [34mcolcon.colcon_core.verb[0m [1;30mLevel 5[0m set package 'bishe_detector' build argument 'cmake_target_skip_unavailable' from command line to 'False'
[0.755s] [34mcolcon.colcon_core.verb[0m [1;30mLevel 5[0m set package 'bishe_detector' build argument 'cmake_clean_cache' from command line to 'False'
[0.755s] [34mcolcon.colcon_core.verb[0m [1;30mLevel 5[0m set package 'bishe_detector' build argument 'cmake_clean_first' from command line to 'False'
[0.755s] [34mcolcon.colcon_core.verb[0m [1;30mLevel 5[0m set package 'bishe_detector' build argument 'cmake_force_configure' from command line to 'False'
[0.755s] [34mcolcon.colcon_core.verb[0m [1;30mLevel 5[0m set package 'bishe_detector' build argument 'ament_cmake_args' from command line to 'None'
[0.755s] [34mcolcon.colcon_core.verb[0m [1;30mLevel 5[0m set package 'bishe_detector' build argument 'catkin_cmake_args' from command line to 'None'
[0.755s] [34mcolcon.colcon_core.verb[0m [1;30mLevel 5[0m set package 'bishe_detector' build argument 'catkin_skip_building_tests' from command line to 'False'
[0.756s] [34mcolcon.colcon_core.verb[0m [1;30mDEBUG[0m [32mBuilding package 'bishe_detector' with the following arguments: {'ament_cmake_args': None, 'build_base': '/home/jetson/projects/bishe/edge/build/bishe_detector', 'catkin_cmake_args': None, 'catkin_skip_building_tests': False, 'cmake_args': None, 'cmake_clean_cache': False, 'cmake_clean_first': False, 'cmake_force_configure': False, 'cmake_target': None, 'cmake_target_skip_unavailable': False, 'install_base': '/home/jetson/projects/bishe/edge/install/bishe_detector', 'merge_install': False, 'path': '/home/jetson/projects/bishe/edge/src/bishe_detector', 'symlink_install': False, 'test_result_base': None}[0m
[0.756s] [34mcolcon.colcon_core.verb[0m [1;30mLevel 5[0m set package 'bishe_monitor' build argument 'cmake_args' from command line to 'None'
[0.756s] [34mcolcon.colcon_core.verb[0m [1;30mLevel 5[0m set package 'bishe_monitor' build argument 'cmake_target' from command line to 'None'
[0.756s] [34mcolcon.colcon_core.verb[0m [1;30mLevel 5[0m set package 'bishe_monitor' build argument 'cmake_target_skip_unavailable' from command line to 'False'
[0.756s] [34mcolcon.colcon_core.verb[0m [1;30mLevel 5[0m set package 'bishe_monitor' build argument 'cmake_clean_cache' from command line to 'False'
[0.756s] [34mcolcon.colcon_core.verb[0m [1;30mLevel 5[0m set package 'bishe_monitor' build argument 'cmake_clean_first' from command line to 'False'
[0.756s] [34mcolcon.colcon_core.verb[0m [1;30mLevel 5[0m set package 'bishe_monitor' build argument 'cmake_force_configure' from command line to 'False'
[0.756s] [34mcolcon.colcon_core.verb[0m [1;30mLevel 5[0m set package 'bishe_monitor' build argument 'ament_cmake_args' from command line to 'None'
[0.757s] [34mcolcon.colcon_core.verb[0m [1;30mLevel 5[0m set package 'bishe_monitor' build argument 'catkin_cmake_args' from command line to 'None'
[0.757s] [34mcolcon.colcon_core.verb[0m [1;30mLevel 5[0m set package 'bishe_monitor' build argument 'catkin_skip_building_tests' from command line to 'False'
[0.757s] [34mcolcon.colcon_core.verb[0m [1;30mDEBUG[0m [32mBuilding package 'bishe_monitor' with the following arguments: {'ament_cmake_args': None, 'build_base': '/home/jetson/projects/bishe/edge/build/bishe_monitor', 'catkin_cmake_args': None, 'catkin_skip_building_tests': False, 'cmake_args': None, 'cmake_clean_cache': False, 'cmake_clean_first': False, 'cmake_force_configure': False, 'cmake_target': None, 'cmake_target_skip_unavailable': False, 'install_base': '/home/jetson/projects/bishe/edge/install/bishe_monitor', 'merge_install': False, 'path': '/home/jetson/projects/bishe/edge/src/bishe_monitor', 'symlink_install': False, 'test_result_base': None}[0m
[0.757s] [34mcolcon.colcon_core.verb[0m [1;30mLevel 5[0m set package 'bishe_streamer' build argument 'cmake_args' from command line to 'None'
[0.757s] [34mcolcon.colcon_core.verb[0m [1;30mLevel 5[0m set package 'bishe_streamer' build argument 'cmake_target' from command line to 'None'
[0.757s] [34mcolcon.colcon_core.verb[0m [1;30mLevel 5[0m set package 'bishe_streamer' build argument 'cmake_target_skip_unavailable' from command line to 'False'
[0.757s] [34mcolcon.colcon_core.verb[0m [1;30mLevel 5[0m set package 'bishe_streamer' build argument 'cmake_clean_cache' from command line to 'False'
[0.757s] [34mcolcon.colcon_core.verb[0m [1;30mLevel 5[0m set package 'bishe_streamer' build argument 'cmake_clean_first' from command line to 'False'
[0.758s] [34mcolcon.colcon_core.verb[0m [1;30mLevel 5[0m set package 'bishe_streamer' build argument 'cmake_force_configure' from command line to 'False'
[0.758s] [34mcolcon.colcon_core.verb[0m [1;30mLevel 5[0m set package 'bishe_streamer' build argument 'ament_cmake_args' from command line to 'None'
[0.758s] [34mcolcon.colcon_core.verb[0m [1;30mLevel 5[0m set package 'bishe_streamer' build argument 'catkin_cmake_args' from command line to 'None'
[0.758s] [34mcolcon.colcon_core.verb[0m [1;30mLevel 5[0m set package 'bishe_streamer' build argument 'catkin_skip_building_tests' from command line to 'False'
[0.758s] [34mcolcon.colcon_core.verb[0m [1;30mDEBUG[0m [32mBuilding package 'bishe_streamer' with the following arguments: {'ament_cmake_args': None, 'build_base': '/home/jetson/projects/bishe/edge/build/bishe_streamer', 'catkin_cmake_args': None, 'catkin_skip_building_tests': False, 'cmake_args': None, 'cmake_clean_cache': False, 'cmake_clean_first': False, 'cmake_force_configure': False, 'cmake_target': None, 'cmake_target_skip_unavailable': False, 'install_base': '/home/jetson/projects/bishe/edge/install/bishe_streamer', 'merge_install': False, 'path': '/home/jetson/projects/bishe/edge/src/bishe_streamer', 'symlink_install': False, 'test_result_base': None}[0m
[0.758s] [34mcolcon.colcon_core.verb[0m [1;30mLevel 5[0m set package 'bishe_launch' build argument 'cmake_args' from command line to 'None'
[0.758s] [34mcolcon.colcon_core.verb[0m [1;30mLevel 5[0m set package 'bishe_launch' build argument 'cmake_target' from command line to 'None'
[0.759s] [34mcolcon.colcon_core.verb[0m [1;30mLevel 5[0m set package 'bishe_launch' build argument 'cmake_target_skip_unavailable' from command line to 'False'
[0.759s] [34mcolcon.colcon_core.verb[0m [1;30mLevel 5[0m set package 'bishe_launch' build argument 'cmake_clean_cache' from command line to 'False'
[0.759s] [34mcolcon.colcon_core.verb[0m [1;30mLevel 5[0m set package 'bishe_launch' build argument 'cmake_clean_first' from command line to 'False'
[0.759s] [34mcolcon.colcon_core.verb[0m [1;30mLevel 5[0m set package 'bishe_launch' build argument 'cmake_force_configure' from command line to 'False'
[0.759s] [34mcolcon.colcon_core.verb[0m [1;30mLevel 5[0m set package 'bishe_launch' build argument 'ament_cmake_args' from command line to 'None'
[0.759s] [34mcolcon.colcon_core.verb[0m [1;30mLevel 5[0m set package 'bishe_launch' build argument 'catkin_cmake_args' from command line to 'None'
[0.759s] [34mcolcon.colcon_core.verb[0m [1;30mLevel 5[0m set package 'bishe_launch' build argument 'catkin_skip_building_tests' from command line to 'False'
[0.759s] [34mcolcon.colcon_core.verb[0m [1;30mDEBUG[0m [32mBuilding package 'bishe_launch' with the following arguments: {'ament_cmake_args': None, 'build_base': '/home/jetson/projects/bishe/edge/build/bishe_launch', 'catkin_cmake_args': None, 'catkin_skip_building_tests': False, 'cmake_args': None, 'cmake_clean_cache': False, 'cmake_clean_first': False, 'cmake_force_configure': False, 'cmake_target': None, 'cmake_target_skip_unavailable': False, 'install_base': '/home/jetson/projects/bishe/edge/install/bishe_launch', 'merge_install': False, 'path': '/home/jetson/projects/bishe/edge/src/bishe_launch', 'symlink_install': False, 'test_result_base': None}[0m
[0.759s] [34mcolcon.colcon_core.executor[0m [1;30mINFO[0m Executing jobs using 'parallel' executor
[0.761s] [34mcolcon.colcon_parallel_executor.executor.parallel[0m [1;30mDEBUG[0m [32mrun_until_complete[0m
[0.762s] [34mcolcon.colcon_ros.task.ament_cmake.build[0m [1;30mINFO[0m Building ROS package in '/home/jetson/projects/bishe/edge/src/bishe_msgs' with build type 'ament_cmake'
[0.762s] [34mcolcon.colcon_cmake.task.cmake.build[0m [1;30mINFO[0m Building CMake package in '/home/jetson/projects/bishe/edge/src/bishe_msgs'
[0.768s] [34mcolcon.colcon_core.plugin_system[0m [1;30mINFO[0m Skipping extension 'colcon_core.shell.bat': Not used on non-Windows systems
[0.768s] [34mcolcon.colcon_core.shell[0m [1;30mINFO[0m Skip shell extension 'powershell' for command environment: Not usable outside of PowerShell
[0.768s] [34mcolcon.colcon_core.shell[0m [1;30mDEBUG[0m [32mSkip shell extension 'dsv' for command environment[0m
[0.775s] [34mcolcon.colcon_ros.task.ament_cmake.build[0m [1;30mINFO[0m Building ROS package in '/home/jetson/projects/bishe/edge/src/bishe_mqtt' with build type 'ament_cmake'
[0.775s] [34mcolcon.colcon_cmake.task.cmake.build[0m [1;30mINFO[0m Building CMake package in '/home/jetson/projects/bishe/edge/src/bishe_mqtt'
[0.776s] [34mcolcon.colcon_core.shell[0m [1;30mINFO[0m Skip shell extension 'powershell' for command environment: Not usable outside of PowerShell
[0.776s] [34mcolcon.colcon_core.shell[0m [1;30mDEBUG[0m [32mSkip shell extension 'dsv' for command environment[0m
[0.790s] [34mcolcon.colcon_core.event_handler.log_command[0m [1;30mDEBUG[0m [32mInvoking command in '/home/jetson/projects/bishe/edge/build/bishe_msgs': CMAKE_PREFIX_PATH=${CMAKE_PREFIX_PATH}:/home/jetson/projects/bishe/edge/install/bishe_launch:/opt/ros/humble /usr/bin/cmake --build /home/jetson/projects/bishe/edge/build/bishe_msgs -- -j6 -l6[0m
[0.799s] [34mcolcon.colcon_core.event_handler.log_command[0m [1;30mDEBUG[0m [32mInvoking command in '/home/jetson/projects/bishe/edge/build/bishe_mqtt': CMAKE_PREFIX_PATH=${CMAKE_PREFIX_PATH}:/home/jetson/projects/bishe/edge/install/bishe_launch:/opt/ros/humble /usr/bin/cmake --build /home/jetson/projects/bishe/edge/build/bishe_mqtt -- -j6 -l6[0m
[0.943s] [34mcolcon.colcon_core.event_handler.log_command[0m [1;30mDEBUG[0m [32mInvoked command in '/home/jetson/projects/bishe/edge/build/bishe_mqtt' returned '0': CMAKE_PREFIX_PATH=${CMAKE_PREFIX_PATH}:/home/jetson/projects/bishe/edge/install/bishe_launch:/opt/ros/humble /usr/bin/cmake --build /home/jetson/projects/bishe/edge/build/bishe_mqtt -- -j6 -l6[0m
[0.967s] [34mcolcon.colcon_core.event_handler.log_command[0m [1;30mDEBUG[0m [32mInvoking command in '/home/jetson/projects/bishe/edge/build/bishe_mqtt': CMAKE_PREFIX_PATH=${CMAKE_PREFIX_PATH}:/home/jetson/projects/bishe/edge/install/bishe_launch:/opt/ros/humble /usr/bin/cmake --install /home/jetson/projects/bishe/edge/build/bishe_mqtt[0m
[1.016s] [34mcolcon.colcon_core.environment[0m [1;30mLevel 1[0m create_environment_scripts_only(bishe_mqtt)
[1.019s] [34mcolcon.colcon_core.event_handler.log_command[0m [1;30mDEBUG[0m [32mInvoked command in '/home/jetson/projects/bishe/edge/build/bishe_mqtt' returned '0': CMAKE_PREFIX_PATH=${CMAKE_PREFIX_PATH}:/home/jetson/projects/bishe/edge/install/bishe_launch:/opt/ros/humble /usr/bin/cmake --install /home/jetson/projects/bishe/edge/build/bishe_mqtt[0m
[1.026s] [34mcolcon.colcon_core.environment[0m [1;30mLevel 1[0m checking '/home/jetson/projects/bishe/edge/install/bishe_mqtt' for CMake module files
[1.028s] [34mcolcon.colcon_core.environment[0m [1;30mLevel 1[0m checking '/home/jetson/projects/bishe/edge/install/bishe_mqtt' for CMake config files
[1.029s] [34mcolcon.colcon_core.shell[0m [1;30mLevel 1[0m create_environment_hook('bishe_mqtt', 'cmake_prefix_path')
[1.029s] [34mcolcon.colcon_core.shell[0m [1;30mINFO[0m Creating environment hook '/home/jetson/projects/bishe/edge/install/bishe_mqtt/share/bishe_mqtt/hook/cmake_prefix_path.ps1'
[1.031s] [34mcolcon.colcon_core.shell[0m [1;30mINFO[0m Creating environment descriptor '/home/jetson/projects/bishe/edge/install/bishe_mqtt/share/bishe_mqtt/hook/cmake_prefix_path.dsv'
[1.032s] [34mcolcon.colcon_core.shell[0m [1;30mINFO[0m Creating environment hook '/home/jetson/projects/bishe/edge/install/bishe_mqtt/share/bishe_mqtt/hook/cmake_prefix_path.sh'
[1.034s] [34mcolcon.colcon_core.environment[0m [1;30mLevel 1[0m checking '/home/jetson/projects/bishe/edge/install/bishe_mqtt/lib'
[1.034s] [34mcolcon.colcon_core.environment[0m [1;30mLevel 1[0m checking '/home/jetson/projects/bishe/edge/install/bishe_mqtt/bin'
[1.034s] [34mcolcon.colcon_core.environment[0m [1;30mLevel 1[0m checking '/home/jetson/projects/bishe/edge/install/bishe_mqtt/lib/pkgconfig/bishe_mqtt.pc'
[1.035s] [34mcolcon.colcon_core.environment[0m [1;30mLevel 1[0m checking '/home/jetson/projects/bishe/edge/install/bishe_mqtt/lib/python3.10/site-packages'
[1.036s] [34mcolcon.colcon_core.environment[0m [1;30mLevel 1[0m checking '/home/jetson/projects/bishe/edge/install/bishe_mqtt/bin'
[1.036s] [34mcolcon.colcon_core.shell[0m [1;30mINFO[0m Creating package script '/home/jetson/projects/bishe/edge/install/bishe_mqtt/share/bishe_mqtt/package.ps1'
[1.038s] [34mcolcon.colcon_core.shell[0m [1;30mINFO[0m Creating package descriptor '/home/jetson/projects/bishe/edge/install/bishe_mqtt/share/bishe_mqtt/package.dsv'
[1.039s] [34mcolcon.colcon_core.shell[0m [1;30mINFO[0m Creating package script '/home/jetson/projects/bishe/edge/install/bishe_mqtt/share/bishe_mqtt/package.sh'
[1.041s] [34mcolcon.colcon_core.shell[0m [1;30mINFO[0m Creating package script '/home/jetson/projects/bishe/edge/install/bishe_mqtt/share/bishe_mqtt/package.bash'
[1.043s] [34mcolcon.colcon_core.shell[0m [1;30mINFO[0m Creating package script '/home/jetson/projects/bishe/edge/install/bishe_mqtt/share/bishe_mqtt/package.zsh'
[1.044s] [34mcolcon.colcon_core.environment[0m [1;30mLevel 1[0m create_file_with_runtime_dependencies(/home/jetson/projects/bishe/edge/install/bishe_mqtt/share/colcon-core/packages/bishe_mqtt)
[1.046s] [34mcolcon.colcon_core.environment[0m [1;30mLevel 1[0m create_environment_scripts_only(bishe_mqtt)
[1.046s] [34mcolcon.colcon_core.environment[0m [1;30mLevel 1[0m checking '/home/jetson/projects/bishe/edge/install/bishe_mqtt' for CMake module files
[1.047s] [34mcolcon.colcon_core.environment[0m [1;30mLevel 1[0m checking '/home/jetson/projects/bishe/edge/install/bishe_mqtt' for CMake config files
[1.047s] [34mcolcon.colcon_core.shell[0m [1;30mLevel 1[0m create_environment_hook('bishe_mqtt', 'cmake_prefix_path')
[1.048s] [34mcolcon.colcon_core.shell[0m [1;30mINFO[0m Creating environment hook '/home/jetson/projects/bishe/edge/install/bishe_mqtt/share/bishe_mqtt/hook/cmake_prefix_path.ps1'
[1.049s] [34mcolcon.colcon_core.shell[0m [1;30mINFO[0m Creating environment descriptor '/home/jetson/projects/bishe/edge/install/bishe_mqtt/share/bishe_mqtt/hook/cmake_prefix_path.dsv'
[1.050s] [34mcolcon.colcon_core.shell[0m [1;30mINFO[0m Creating environment hook '/home/jetson/projects/bishe/edge/install/bishe_mqtt/share/bishe_mqtt/hook/cmake_prefix_path.sh'
[1.051s] [34mcolcon.colcon_core.environment[0m [1;30mLevel 1[0m checking '/home/jetson/projects/bishe/edge/install/bishe_mqtt/lib'
[1.052s] [34mcolcon.colcon_core.environment[0m [1;30mLevel 1[0m checking '/home/jetson/projects/bishe/edge/install/bishe_mqtt/bin'
[1.052s] [34mcolcon.colcon_core.environment[0m [1;30mLevel 1[0m checking '/home/jetson/projects/bishe/edge/install/bishe_mqtt/lib/pkgconfig/bishe_mqtt.pc'
[1.052s] [34mcolcon.colcon_core.environment[0m [1;30mLevel 1[0m checking '/home/jetson/projects/bishe/edge/install/bishe_mqtt/lib/python3.10/site-packages'
[1.054s] [34mcolcon.colcon_core.environment[0m [1;30mLevel 1[0m checking '/home/jetson/projects/bishe/edge/install/bishe_mqtt/bin'
[1.054s] [34mcolcon.colcon_core.shell[0m [1;30mINFO[0m Creating package script '/home/jetson/projects/bishe/edge/install/bishe_mqtt/share/bishe_mqtt/package.ps1'
[1.056s] [34mcolcon.colcon_core.shell[0m [1;30mINFO[0m Creating package descriptor '/home/jetson/projects/bishe/edge/install/bishe_mqtt/share/bishe_mqtt/package.dsv'
[1.057s] [34mcolcon.colcon_core.shell[0m [1;30mINFO[0m Creating package script '/home/jetson/projects/bishe/edge/install/bishe_mqtt/share/bishe_mqtt/package.sh'
[1.058s] [34mcolcon.colcon_core.shell[0m [1;30mINFO[0m Creating package script '/home/jetson/projects/bishe/edge/install/bishe_mqtt/share/bishe_mqtt/package.bash'
[1.059s] [34mcolcon.colcon_core.shell[0m [1;30mINFO[0m Creating package script '/home/jetson/projects/bishe/edge/install/bishe_mqtt/share/bishe_mqtt/package.zsh'
[1.060s] [34mcolcon.colcon_core.environment[0m [1;30mLevel 1[0m create_file_with_runtime_dependencies(/home/jetson/projects/bishe/edge/install/bishe_mqtt/share/colcon-core/packages/bishe_mqtt)
[1.564s] [34mcolcon.colcon_core.event_handler.log_command[0m [1;30mDEBUG[0m [32mInvoked command in '/home/jetson/projects/bishe/edge/build/bishe_msgs' returned '0': CMAKE_PREFIX_PATH=${CMAKE_PREFIX_PATH}:/home/jetson/projects/bishe/edge/install/bishe_launch:/opt/ros/humble /usr/bin/cmake --build /home/jetson/projects/bishe/edge/build/bishe_msgs -- -j6 -l6[0m
[1.571s] [34mcolcon.colcon_core.event_handler.log_command[0m [1;30mDEBUG[0m [32mInvoking command in '/home/jetson/projects/bishe/edge/build/bishe_msgs': CMAKE_PREFIX_PATH=${CMAKE_PREFIX_PATH}:/home/jetson/projects/bishe/edge/install/bishe_launch:/opt/ros/humble /usr/bin/cmake --install /home/jetson/projects/bishe/edge/build/bishe_msgs[0m
[1.737s] [34mcolcon.colcon_core.environment[0m [1;30mLevel 1[0m create_environment_scripts_only(bishe_msgs)
[1.738s] [34mcolcon.colcon_core.environment[0m [1;30mLevel 1[0m checking '/home/jetson/projects/bishe/edge/install/bishe_msgs' for CMake module files
[1.740s] [34mcolcon.colcon_core.event_handler.log_command[0m [1;30mDEBUG[0m [32mInvoked command in '/home/jetson/projects/bishe/edge/build/bishe_msgs' returned '0': CMAKE_PREFIX_PATH=${CMAKE_PREFIX_PATH}:/home/jetson/projects/bishe/edge/install/bishe_launch:/opt/ros/humble /usr/bin/cmake --install /home/jetson/projects/bishe/edge/build/bishe_msgs[0m
[1.742s] [34mcolcon.colcon_core.environment[0m [1;30mLevel 1[0m checking '/home/jetson/projects/bishe/edge/install/bishe_msgs' for CMake config files
[1.747s] [34mcolcon.colcon_core.shell[0m [1;30mLevel 1[0m create_environment_hook('bishe_msgs', 'cmake_prefix_path')
[1.747s] [34mcolcon.colcon_core.shell[0m [1;30mINFO[0m Creating environment hook '/home/jetson/projects/bishe/edge/install/bishe_msgs/share/bishe_msgs/hook/cmake_prefix_path.ps1'
[1.749s] [34mcolcon.colcon_core.shell[0m [1;30mINFO[0m Creating environment descriptor '/home/jetson/projects/bishe/edge/install/bishe_msgs/share/bishe_msgs/hook/cmake_prefix_path.dsv'
[1.751s] [34mcolcon.colcon_core.shell[0m [1;30mINFO[0m Creating environment hook '/home/jetson/projects/bishe/edge/install/bishe_msgs/share/bishe_msgs/hook/cmake_prefix_path.sh'
[1.753s] [34mcolcon.colcon_core.environment[0m [1;30mLevel 1[0m checking '/home/jetson/projects/bishe/edge/install/bishe_msgs/lib'
[1.753s] [34mcolcon.colcon_core.shell[0m [1;30mLevel 1[0m create_environment_hook('bishe_msgs', 'ld_library_path_lib')
[1.754s] [34mcolcon.colcon_core.shell[0m [1;30mINFO[0m Creating environment hook '/home/jetson/projects/bishe/edge/install/bishe_msgs/share/bishe_msgs/hook/ld_library_path_lib.ps1'
[1.756s] [34mcolcon.colcon_core.shell[0m [1;30mINFO[0m Creating environment descriptor '/home/jetson/projects/bishe/edge/install/bishe_msgs/share/bishe_msgs/hook/ld_library_path_lib.dsv'
[1.757s] [34mcolcon.colcon_core.shell[0m [1;30mINFO[0m Creating environment hook '/home/jetson/projects/bishe/edge/install/bishe_msgs/share/bishe_msgs/hook/ld_library_path_lib.sh'
[1.759s] [34mcolcon.colcon_core.environment[0m [1;30mLevel 1[0m checking '/home/jetson/projects/bishe/edge/install/bishe_msgs/bin'
[1.759s] [34mcolcon.colcon_core.environment[0m [1;30mLevel 1[0m checking '/home/jetson/projects/bishe/edge/install/bishe_msgs/lib/pkgconfig/bishe_msgs.pc'
[1.760s] [34mcolcon.colcon_core.environment[0m [1;30mLevel 1[0m checking '/home/jetson/projects/bishe/edge/install/bishe_msgs/lib/python3.10/site-packages'
[1.761s] [34mcolcon.colcon_core.environment[0m [1;30mLevel 1[0m checking '/home/jetson/projects/bishe/edge/install/bishe_msgs/bin'
[1.763s] [34mcolcon.colcon_core.shell[0m [1;30mINFO[0m Creating package script '/home/jetson/projects/bishe/edge/install/bishe_msgs/share/bishe_msgs/package.ps1'
[1.765s] [34mcolcon.colcon_core.shell[0m [1;30mINFO[0m Creating package descriptor '/home/jetson/projects/bishe/edge/install/bishe_msgs/share/bishe_msgs/package.dsv'
[1.766s] [34mcolcon.colcon_core.shell[0m [1;30mINFO[0m Creating package script '/home/jetson/projects/bishe/edge/install/bishe_msgs/share/bishe_msgs/package.sh'
[1.768s] [34mcolcon.colcon_core.shell[0m [1;30mINFO[0m Creating package script '/home/jetson/projects/bishe/edge/install/bishe_msgs/share/bishe_msgs/package.bash'
[1.770s] [34mcolcon.colcon_core.shell[0m [1;30mINFO[0m Creating package script '/home/jetson/projects/bishe/edge/install/bishe_msgs/share/bishe_msgs/package.zsh'
[1.771s] [34mcolcon.colcon_core.environment[0m [1;30mLevel 1[0m create_file_with_runtime_dependencies(/home/jetson/projects/bishe/edge/install/bishe_msgs/share/colcon-core/packages/bishe_msgs)
[1.774s] [34mcolcon.colcon_core.environment[0m [1;30mLevel 1[0m create_environment_scripts_only(bishe_msgs)
[1.775s] [34mcolcon.colcon_core.environment[0m [1;30mLevel 1[0m checking '/home/jetson/projects/bishe/edge/install/bishe_msgs' for CMake module files
[1.777s] [34mcolcon.colcon_core.environment[0m [1;30mLevel 1[0m checking '/home/jetson/projects/bishe/edge/install/bishe_msgs' for CMake config files
[1.781s] [34mcolcon.colcon_core.shell[0m [1;30mLevel 1[0m create_environment_hook('bishe_msgs', 'cmake_prefix_path')
[1.782s] [34mcolcon.colcon_core.shell[0m [1;30mINFO[0m Creating environment hook '/home/jetson/projects/bishe/edge/install/bishe_msgs/share/bishe_msgs/hook/cmake_prefix_path.ps1'
[1.784s] [34mcolcon.colcon_core.shell[0m [1;30mINFO[0m Creating environment descriptor '/home/jetson/projects/bishe/edge/install/bishe_msgs/share/bishe_msgs/hook/cmake_prefix_path.dsv'
[1.785s] [34mcolcon.colcon_core.shell[0m [1;30mINFO[0m Creating environment hook '/home/jetson/projects/bishe/edge/install/bishe_msgs/share/bishe_msgs/hook/cmake_prefix_path.sh'
[1.787s] [34mcolcon.colcon_core.environment[0m [1;30mLevel 1[0m checking '/home/jetson/projects/bishe/edge/install/bishe_msgs/lib'
[1.787s] [34mcolcon.colcon_core.shell[0m [1;30mLevel 1[0m create_environment_hook('bishe_msgs', 'ld_library_path_lib')
[1.788s] [34mcolcon.colcon_core.shell[0m [1;30mINFO[0m Creating environment hook '/home/jetson/projects/bishe/edge/install/bishe_msgs/share/bishe_msgs/hook/ld_library_path_lib.ps1'
[1.790s] [34mcolcon.colcon_core.shell[0m [1;30mINFO[0m Creating environment descriptor '/home/jetson/projects/bishe/edge/install/bishe_msgs/share/bishe_msgs/hook/ld_library_path_lib.dsv'
[1.791s] [34mcolcon.colcon_core.shell[0m [1;30mINFO[0m Creating environment hook '/home/jetson/projects/bishe/edge/install/bishe_msgs/share/bishe_msgs/hook/ld_library_path_lib.sh'
[1.792s] [34mcolcon.colcon_core.environment[0m [1;30mLevel 1[0m checking '/home/jetson/projects/bishe/edge/install/bishe_msgs/bin'
[1.793s] [34mcolcon.colcon_core.environment[0m [1;30mLevel 1[0m checking '/home/jetson/projects/bishe/edge/install/bishe_msgs/lib/pkgconfig/bishe_msgs.pc'
[1.794s] [34mcolcon.colcon_core.environment[0m [1;30mLevel 1[0m checking '/home/jetson/projects/bishe/edge/install/bishe_msgs/lib/python3.10/site-packages'
[1.795s] [34mcolcon.colcon_core.environment[0m [1;30mLevel 1[0m checking '/home/jetson/projects/bishe/edge/install/bishe_msgs/bin'
[1.796s] [34mcolcon.colcon_core.shell[0m [1;30mINFO[0m Creating package script '/home/jetson/projects/bishe/edge/install/bishe_msgs/share/bishe_msgs/package.ps1'
[1.799s] [34mcolcon.colcon_core.shell[0m [1;30mINFO[0m Creating package descriptor '/home/jetson/projects/bishe/edge/install/bishe_msgs/share/bishe_msgs/package.dsv'
[1.800s] [34mcolcon.colcon_core.shell[0m [1;30mINFO[0m Creating package script '/home/jetson/projects/bishe/edge/install/bishe_msgs/share/bishe_msgs/package.sh'
[1.802s] [34mcolcon.colcon_core.shell[0m [1;30mINFO[0m Creating package script '/home/jetson/projects/bishe/edge/install/bishe_msgs/share/bishe_msgs/package.bash'
[1.804s] [34mcolcon.colcon_core.shell[0m [1;30mINFO[0m Creating package script '/home/jetson/projects/bishe/edge/install/bishe_msgs/share/bishe_msgs/package.zsh'
[1.805s] [34mcolcon.colcon_core.environment[0m [1;30mLevel 1[0m create_file_with_runtime_dependencies(/home/jetson/projects/bishe/edge/install/bishe_msgs/share/colcon-core/packages/bishe_msgs)
[1.807s] [34mcolcon.colcon_ros.task.ament_cmake.build[0m [1;30mINFO[0m Building ROS package in '/home/jetson/projects/bishe/edge/src/bishe_camera' with build type 'ament_cmake'
[1.807s] [34mcolcon.colcon_cmake.task.cmake.build[0m [1;30mINFO[0m Building CMake package in '/home/jetson/projects/bishe/edge/src/bishe_camera'
[1.808s] [34mcolcon.colcon_core.shell[0m [1;30mINFO[0m Skip shell extension 'powershell' for command environment: Not usable outside of PowerShell
[1.809s] [34mcolcon.colcon_core.shell[0m [1;30mDEBUG[0m [32mSkip shell extension 'dsv' for command environment[0m
[1.821s] [34mcolcon.colcon_ros.task.ament_cmake.build[0m [1;30mINFO[0m Building ROS package in '/home/jetson/projects/bishe/edge/src/bishe_detector' with build type 'ament_cmake'
[1.822s] [34mcolcon.colcon_cmake.task.cmake.build[0m [1;30mINFO[0m Building CMake package in '/home/jetson/projects/bishe/edge/src/bishe_detector'
[1.823s] [34mcolcon.colcon_core.shell[0m [1;30mINFO[0m Skip shell extension 'powershell' for command environment: Not usable outside of PowerShell
[1.823s] [34mcolcon.colcon_core.shell[0m [1;30mDEBUG[0m [32mSkip shell extension 'dsv' for command environment[0m
[1.836s] [34mcolcon.colcon_ros.task.ament_cmake.build[0m [1;30mINFO[0m Building ROS package in '/home/jetson/projects/bishe/edge/src/bishe_monitor' with build type 'ament_cmake'
[1.837s] [34mcolcon.colcon_cmake.task.cmake.build[0m [1;30mINFO[0m Building CMake package in '/home/jetson/projects/bishe/edge/src/bishe_monitor'
[1.838s] [34mcolcon.colcon_core.shell[0m [1;30mINFO[0m Skip shell extension 'powershell' for command environment: Not usable outside of PowerShell
[1.838s] [34mcolcon.colcon_core.shell[0m [1;30mDEBUG[0m [32mSkip shell extension 'dsv' for command environment[0m
[1.849s] [34mcolcon.colcon_ros.task.ament_cmake.build[0m [1;30mINFO[0m Building ROS package in '/home/jetson/projects/bishe/edge/src/bishe_streamer' with build type 'ament_cmake'
[1.850s] [34mcolcon.colcon_cmake.task.cmake.build[0m [1;30mINFO[0m Building CMake package in '/home/jetson/projects/bishe/edge/src/bishe_streamer'
[1.851s] [34mcolcon.colcon_core.shell[0m [1;30mINFO[0m Skip shell extension 'powershell' for command environment: Not usable outside of PowerShell
[1.851s] [34mcolcon.colcon_core.shell[0m [1;30mDEBUG[0m [32mSkip shell extension 'dsv' for command environment[0m
[1.874s] [34mcolcon.colcon_core.event_handler.log_command[0m [1;30mDEBUG[0m [32mInvoking command in '/home/jetson/projects/bishe/edge/build/bishe_camera': CMAKE_PREFIX_PATH=/home/jetson/projects/bishe/edge/install/bishe_msgs:/home/jetson/projects/bishe/edge/install/bishe_streamer:/home/jetson/projects/bishe/edge/install/bishe_monitor:/home/jetson/projects/bishe/edge/install/bishe_detector:/home/jetson/projects/bishe/edge/install/bishe_camera:/home/jetson/projects/bishe/edge/install/bishe_mqtt:/home/jetson/projects/bishe/edge/install/bishe_launch:/opt/ros/humble LD_LIBRARY_PATH=/home/jetson/projects/bishe/edge/install/bishe_msgs/lib:/home/jetson/projects/bishe/edge/install/bishe_detector/lib:/home/jetson/projects/bishe/edge/install/bishe_camera/lib:/opt/ros/humble/opt/rviz_ogre_vendor/lib:/opt/ros/humble/lib/aarch64-linux-gnu:/opt/ros/humble/lib:/usr/local/cuda-12.6/lib64 /usr/bin/cmake --build /home/jetson/projects/bishe/edge/build/bishe_camera -- -j6 -l6[0m
[1.882s] [34mcolcon.colcon_core.event_handler.log_command[0m [1;30mDEBUG[0m [32mInvoking command in '/home/jetson/projects/bishe/edge/build/bishe_detector': CMAKE_PREFIX_PATH=/home/jetson/projects/bishe/edge/install/bishe_msgs:/home/jetson/projects/bishe/edge/install/bishe_streamer:/home/jetson/projects/bishe/edge/install/bishe_monitor:/home/jetson/projects/bishe/edge/install/bishe_detector:/home/jetson/projects/bishe/edge/install/bishe_camera:/home/jetson/projects/bishe/edge/install/bishe_mqtt:/home/jetson/projects/bishe/edge/install/bishe_launch:/opt/ros/humble LD_LIBRARY_PATH=/home/jetson/projects/bishe/edge/install/bishe_msgs/lib:/home/jetson/projects/bishe/edge/install/bishe_detector/lib:/home/jetson/projects/bishe/edge/install/bishe_camera/lib:/opt/ros/humble/opt/rviz_ogre_vendor/lib:/opt/ros/humble/lib/aarch64-linux-gnu:/opt/ros/humble/lib:/usr/local/cuda-12.6/lib64 /usr/bin/cmake --build /home/jetson/projects/bishe/edge/build/bishe_detector -- -j6 -l6[0m
[1.887s] [34mcolcon.colcon_core.event_handler.log_command[0m [1;30mDEBUG[0m [32mInvoking command in '/home/jetson/projects/bishe/edge/build/bishe_monitor': CMAKE_PREFIX_PATH=/home/jetson/projects/bishe/edge/install/bishe_msgs:/home/jetson/projects/bishe/edge/install/bishe_streamer:/home/jetson/projects/bishe/edge/install/bishe_monitor:/home/jetson/projects/bishe/edge/install/bishe_detector:/home/jetson/projects/bishe/edge/install/bishe_camera:/home/jetson/projects/bishe/edge/install/bishe_mqtt:/home/jetson/projects/bishe/edge/install/bishe_launch:/opt/ros/humble LD_LIBRARY_PATH=/home/jetson/projects/bishe/edge/install/bishe_msgs/lib:/home/jetson/projects/bishe/edge/install/bishe_detector/lib:/home/jetson/projects/bishe/edge/install/bishe_camera/lib:/opt/ros/humble/opt/rviz_ogre_vendor/lib:/opt/ros/humble/lib/aarch64-linux-gnu:/opt/ros/humble/lib:/usr/local/cuda-12.6/lib64 /usr/bin/cmake --build /home/jetson/projects/bishe/edge/build/bishe_monitor -- -j6 -l6[0m
[1.897s] [34mcolcon.colcon_core.event_handler.log_command[0m [1;30mDEBUG[0m [32mInvoking command in '/home/jetson/projects/bishe/edge/build/bishe_streamer': CMAKE_PREFIX_PATH=/home/jetson/projects/bishe/edge/install/bishe_msgs:/home/jetson/projects/bishe/edge/install/bishe_streamer:/home/jetson/projects/bishe/edge/install/bishe_monitor:/home/jetson/projects/bishe/edge/install/bishe_detector:/home/jetson/projects/bishe/edge/install/bishe_camera:/home/jetson/projects/bishe/edge/install/bishe_mqtt:/home/jetson/projects/bishe/edge/install/bishe_launch:/opt/ros/humble LD_LIBRARY_PATH=/home/jetson/projects/bishe/edge/install/bishe_msgs/lib:/home/jetson/projects/bishe/edge/install/bishe_detector/lib:/home/jetson/projects/bishe/edge/install/bishe_camera/lib:/opt/ros/humble/opt/rviz_ogre_vendor/lib:/opt/ros/humble/lib/aarch64-linux-gnu:/opt/ros/humble/lib:/usr/local/cuda-12.6/lib64 /usr/bin/cmake --build /home/jetson/projects/bishe/edge/build/bishe_streamer -- -j6 -l6[0m
[2.055s] [34mcolcon.colcon_core.event_handler.log_command[0m [1;30mDEBUG[0m [32mInvoked command in '/home/jetson/projects/bishe/edge/build/bishe_streamer' returned '0': CMAKE_PREFIX_PATH=/home/jetson/projects/bishe/edge/install/bishe_msgs:/home/jetson/projects/bishe/edge/install/bishe_streamer:/home/jetson/projects/bishe/edge/install/bishe_monitor:/home/jetson/projects/bishe/edge/install/bishe_detector:/home/jetson/projects/bishe/edge/install/bishe_camera:/home/jetson/projects/bishe/edge/install/bishe_mqtt:/home/jetson/projects/bishe/edge/install/bishe_launch:/opt/ros/humble LD_LIBRARY_PATH=/home/jetson/projects/bishe/edge/install/bishe_msgs/lib:/home/jetson/projects/bishe/edge/install/bishe_detector/lib:/home/jetson/projects/bishe/edge/install/bishe_camera/lib:/opt/ros/humble/opt/rviz_ogre_vendor/lib:/opt/ros/humble/lib/aarch64-linux-gnu:/opt/ros/humble/lib:/usr/local/cuda-12.6/lib64 /usr/bin/cmake --build /home/jetson/projects/bishe/edge/build/bishe_streamer -- -j6 -l6[0m
[2.056s] [34mcolcon.colcon_core.event_handler.log_command[0m [1;30mDEBUG[0m [32mInvoking command in '/home/jetson/projects/bishe/edge/build/bishe_streamer': CMAKE_PREFIX_PATH=/home/jetson/projects/bishe/edge/install/bishe_msgs:/home/jetson/projects/bishe/edge/install/bishe_streamer:/home/jetson/projects/bishe/edge/install/bishe_monitor:/home/jetson/projects/bishe/edge/install/bishe_detector:/home/jetson/projects/bishe/edge/install/bishe_camera:/home/jetson/projects/bishe/edge/install/bishe_mqtt:/home/jetson/projects/bishe/edge/install/bishe_launch:/opt/ros/humble LD_LIBRARY_PATH=/home/jetson/projects/bishe/edge/install/bishe_msgs/lib:/home/jetson/projects/bishe/edge/install/bishe_detector/lib:/home/jetson/projects/bishe/edge/install/bishe_camera/lib:/opt/ros/humble/opt/rviz_ogre_vendor/lib:/opt/ros/humble/lib/aarch64-linux-gnu:/opt/ros/humble/lib:/usr/local/cuda-12.6/lib64 /usr/bin/cmake --install /home/jetson/projects/bishe/edge/build/bishe_streamer[0m
[2.117s] [34mcolcon.colcon_core.environment[0m [1;30mLevel 1[0m create_environment_scripts_only(bishe_streamer)
[2.118s] [34mcolcon.colcon_core.environment[0m [1;30mLevel 1[0m checking '/home/jetson/projects/bishe/edge/install/bishe_streamer' for CMake module files
[2.120s] [34mcolcon.colcon_core.environment[0m [1;30mLevel 1[0m checking '/home/jetson/projects/bishe/edge/install/bishe_streamer' for CMake config files
[2.120s] [34mcolcon.colcon_core.shell[0m [1;30mLevel 1[0m create_environment_hook('bishe_streamer', 'cmake_prefix_path')
[2.121s] [34mcolcon.colcon_core.shell[0m [1;30mINFO[0m Creating environment hook '/home/jetson/projects/bishe/edge/install/bishe_streamer/share/bishe_streamer/hook/cmake_prefix_path.ps1'
[2.123s] [34mcolcon.colcon_core.event_handler.log_command[0m [1;30mDEBUG[0m [32mInvoked command in '/home/jetson/projects/bishe/edge/build/bishe_streamer' returned '0': CMAKE_PREFIX_PATH=/home/jetson/projects/bishe/edge/install/bishe_msgs:/home/jetson/projects/bishe/edge/install/bishe_streamer:/home/jetson/projects/bishe/edge/install/bishe_monitor:/home/jetson/projects/bishe/edge/install/bishe_detector:/home/jetson/projects/bishe/edge/install/bishe_camera:/home/jetson/projects/bishe/edge/install/bishe_mqtt:/home/jetson/projects/bishe/edge/install/bishe_launch:/opt/ros/humble LD_LIBRARY_PATH=/home/jetson/projects/bishe/edge/install/bishe_msgs/lib:/home/jetson/projects/bishe/edge/install/bishe_detector/lib:/home/jetson/projects/bishe/edge/install/bishe_camera/lib:/opt/ros/humble/opt/rviz_ogre_vendor/lib:/opt/ros/humble/lib/aarch64-linux-gnu:/opt/ros/humble/lib:/usr/local/cuda-12.6/lib64 /usr/bin/cmake --install /home/jetson/projects/bishe/edge/build/bishe_streamer[0m
[2.124s] [34mcolcon.colcon_core.shell[0m [1;30mINFO[0m Creating environment descriptor '/home/jetson/projects/bishe/edge/install/bishe_streamer/share/bishe_streamer/hook/cmake_prefix_path.dsv'
[2.126s] [34mcolcon.colcon_core.shell[0m [1;30mINFO[0m Creating environment hook '/home/jetson/projects/bishe/edge/install/bishe_streamer/share/bishe_streamer/hook/cmake_prefix_path.sh'
[2.127s] [34mcolcon.colcon_core.environment[0m [1;30mLevel 1[0m checking '/home/jetson/projects/bishe/edge/install/bishe_streamer/lib'
[2.128s] [34mcolcon.colcon_core.environment[0m [1;30mLevel 1[0m checking '/home/jetson/projects/bishe/edge/install/bishe_streamer/bin'
[2.128s] [34mcolcon.colcon_core.environment[0m [1;30mLevel 1[0m checking '/home/jetson/projects/bishe/edge/install/bishe_streamer/lib/pkgconfig/bishe_streamer.pc'
[2.128s] [34mcolcon.colcon_core.environment[0m [1;30mLevel 1[0m checking '/home/jetson/projects/bishe/edge/install/bishe_streamer/lib/python3.10/site-packages'
[2.130s] [34mcolcon.colcon_core.environment[0m [1;30mLevel 1[0m checking '/home/jetson/projects/bishe/edge/install/bishe_streamer/bin'
[2.131s] [34mcolcon.colcon_core.shell[0m [1;30mINFO[0m Creating package script '/home/jetson/projects/bishe/edge/install/bishe_streamer/share/bishe_streamer/package.ps1'
[2.133s] [34mcolcon.colcon_core.shell[0m [1;30mINFO[0m Creating package descriptor '/home/jetson/projects/bishe/edge/install/bishe_streamer/share/bishe_streamer/package.dsv'
[2.135s] [34mcolcon.colcon_core.shell[0m [1;30mINFO[0m Creating package script '/home/jetson/projects/bishe/edge/install/bishe_streamer/share/bishe_streamer/package.sh'
[2.137s] [34mcolcon.colcon_core.shell[0m [1;30mINFO[0m Creating package script '/home/jetson/projects/bishe/edge/install/bishe_streamer/share/bishe_streamer/package.bash'
[2.138s] [34mcolcon.colcon_core.shell[0m [1;30mINFO[0m Creating package script '/home/jetson/projects/bishe/edge/install/bishe_streamer/share/bishe_streamer/package.zsh'
[2.140s] [34mcolcon.colcon_core.environment[0m [1;30mLevel 1[0m create_file_with_runtime_dependencies(/home/jetson/projects/bishe/edge/install/bishe_streamer/share/colcon-core/packages/bishe_streamer)
[2.142s] [34mcolcon.colcon_core.environment[0m [1;30mLevel 1[0m create_environment_scripts_only(bishe_streamer)
[2.143s] [34mcolcon.colcon_core.environment[0m [1;30mLevel 1[0m checking '/home/jetson/projects/bishe/edge/install/bishe_streamer' for CMake module files
[2.144s] [34mcolcon.colcon_core.environment[0m [1;30mLevel 1[0m checking '/home/jetson/projects/bishe/edge/install/bishe_streamer' for CMake config files
[2.146s] [34mcolcon.colcon_core.shell[0m [1;30mLevel 1[0m create_environment_hook('bishe_streamer', 'cmake_prefix_path')
[2.147s] [34mcolcon.colcon_core.shell[0m [1;30mINFO[0m Creating environment hook '/home/jetson/projects/bishe/edge/install/bishe_streamer/share/bishe_streamer/hook/cmake_prefix_path.ps1'
[2.148s] [34mcolcon.colcon_core.shell[0m [1;30mINFO[0m Creating environment descriptor '/home/jetson/projects/bishe/edge/install/bishe_streamer/share/bishe_streamer/hook/cmake_prefix_path.dsv'
[2.150s] [34mcolcon.colcon_core.shell[0m [1;30mINFO[0m Creating environment hook '/home/jetson/projects/bishe/edge/install/bishe_streamer/share/bishe_streamer/hook/cmake_prefix_path.sh'
[2.152s] [34mcolcon.colcon_core.environment[0m [1;30mLevel 1[0m checking '/home/jetson/projects/bishe/edge/install/bishe_streamer/lib'
[2.152s] [34mcolcon.colcon_core.environment[0m [1;30mLevel 1[0m checking '/home/jetson/projects/bishe/edge/install/bishe_streamer/bin'
[2.153s] [34mcolcon.colcon_core.environment[0m [1;30mLevel 1[0m checking '/home/jetson/projects/bishe/edge/install/bishe_streamer/lib/pkgconfig/bishe_streamer.pc'
[2.153s] [34mcolcon.colcon_core.environment[0m [1;30mLevel 1[0m checking '/home/jetson/projects/bishe/edge/install/bishe_streamer/lib/python3.10/site-packages'
[2.155s] [34mcolcon.colcon_core.environment[0m [1;30mLevel 1[0m checking '/home/jetson/projects/bishe/edge/install/bishe_streamer/bin'
[2.156s] [34mcolcon.colcon_core.shell[0m [1;30mINFO[0m Creating package script '/home/jetson/projects/bishe/edge/install/bishe_streamer/share/bishe_streamer/package.ps1'
[2.158s] [34mcolcon.colcon_core.shell[0m [1;30mINFO[0m Creating package descriptor '/home/jetson/projects/bishe/edge/install/bishe_streamer/share/bishe_streamer/package.dsv'
[2.160s] [34mcolcon.colcon_core.shell[0m [1;30mINFO[0m Creating package script '/home/jetson/projects/bishe/edge/install/bishe_streamer/share/bishe_streamer/package.sh'
[2.161s] [34mcolcon.colcon_core.shell[0m [1;30mINFO[0m Creating package script '/home/jetson/projects/bishe/edge/install/bishe_streamer/share/bishe_streamer/package.bash'
[2.163s] [34mcolcon.colcon_core.shell[0m [1;30mINFO[0m Creating package script '/home/jetson/projects/bishe/edge/install/bishe_streamer/share/bishe_streamer/package.zsh'
[2.164s] [34mcolcon.colcon_core.environment[0m [1;30mLevel 1[0m create_file_with_runtime_dependencies(/home/jetson/projects/bishe/edge/install/bishe_streamer/share/colcon-core/packages/bishe_streamer)
[2.170s] [34mcolcon.colcon_core.event_handler.log_command[0m [1;30mDEBUG[0m [32mInvoked command in '/home/jetson/projects/bishe/edge/build/bishe_monitor' returned '0': CMAKE_PREFIX_PATH=/home/jetson/projects/bishe/edge/install/bishe_msgs:/home/jetson/projects/bishe/edge/install/bishe_streamer:/home/jetson/projects/bishe/edge/install/bishe_monitor:/home/jetson/projects/bishe/edge/install/bishe_detector:/home/jetson/projects/bishe/edge/install/bishe_camera:/home/jetson/projects/bishe/edge/install/bishe_mqtt:/home/jetson/projects/bishe/edge/install/bishe_launch:/opt/ros/humble LD_LIBRARY_PATH=/home/jetson/projects/bishe/edge/install/bishe_msgs/lib:/home/jetson/projects/bishe/edge/install/bishe_detector/lib:/home/jetson/projects/bishe/edge/install/bishe_camera/lib:/opt/ros/humble/opt/rviz_ogre_vendor/lib:/opt/ros/humble/lib/aarch64-linux-gnu:/opt/ros/humble/lib:/usr/local/cuda-12.6/lib64 /usr/bin/cmake --build /home/jetson/projects/bishe/edge/build/bishe_monitor -- -j6 -l6[0m
[2.175s] [34mcolcon.colcon_core.event_handler.log_command[0m [1;30mDEBUG[0m [32mInvoking command in '/home/jetson/projects/bishe/edge/build/bishe_monitor': CMAKE_PREFIX_PATH=/home/jetson/projects/bishe/edge/install/bishe_msgs:/home/jetson/projects/bishe/edge/install/bishe_streamer:/home/jetson/projects/bishe/edge/install/bishe_monitor:/home/jetson/projects/bishe/edge/install/bishe_detector:/home/jetson/projects/bishe/edge/install/bishe_camera:/home/jetson/projects/bishe/edge/install/bishe_mqtt:/home/jetson/projects/bishe/edge/install/bishe_launch:/opt/ros/humble LD_LIBRARY_PATH=/home/jetson/projects/bishe/edge/install/bishe_msgs/lib:/home/jetson/projects/bishe/edge/install/bishe_detector/lib:/home/jetson/projects/bishe/edge/install/bishe_camera/lib:/opt/ros/humble/opt/rviz_ogre_vendor/lib:/opt/ros/humble/lib/aarch64-linux-gnu:/opt/ros/humble/lib:/usr/local/cuda-12.6/lib64 /usr/bin/cmake --install /home/jetson/projects/bishe/edge/build/bishe_monitor[0m
[2.177s] [34mcolcon.colcon_core.event_handler.log_command[0m [1;30mDEBUG[0m [32mInvoked command in '/home/jetson/projects/bishe/edge/build/bishe_camera' returned '0': CMAKE_PREFIX_PATH=/home/jetson/projects/bishe/edge/install/bishe_msgs:/home/jetson/projects/bishe/edge/install/bishe_streamer:/home/jetson/projects/bishe/edge/install/bishe_monitor:/home/jetson/projects/bishe/edge/install/bishe_detector:/home/jetson/projects/bishe/edge/install/bishe_camera:/home/jetson/projects/bishe/edge/install/bishe_mqtt:/home/jetson/projects/bishe/edge/install/bishe_launch:/opt/ros/humble LD_LIBRARY_PATH=/home/jetson/projects/bishe/edge/install/bishe_msgs/lib:/home/jetson/projects/bishe/edge/install/bishe_detector/lib:/home/jetson/projects/bishe/edge/install/bishe_camera/lib:/opt/ros/humble/opt/rviz_ogre_vendor/lib:/opt/ros/humble/lib/aarch64-linux-gnu:/opt/ros/humble/lib:/usr/local/cuda-12.6/lib64 /usr/bin/cmake --build /home/jetson/projects/bishe/edge/build/bishe_camera -- -j6 -l6[0m
[2.180s] [34mcolcon.colcon_core.event_handler.log_command[0m [1;30mDEBUG[0m [32mInvoking command in '/home/jetson/projects/bishe/edge/build/bishe_camera': CMAKE_PREFIX_PATH=/home/jetson/projects/bishe/edge/install/bishe_msgs:/home/jetson/projects/bishe/edge/install/bishe_streamer:/home/jetson/projects/bishe/edge/install/bishe_monitor:/home/jetson/projects/bishe/edge/install/bishe_detector:/home/jetson/projects/bishe/edge/install/bishe_camera:/home/jetson/projects/bishe/edge/install/bishe_mqtt:/home/jetson/projects/bishe/edge/install/bishe_launch:/opt/ros/humble LD_LIBRARY_PATH=/home/jetson/projects/bishe/edge/install/bishe_msgs/lib:/home/jetson/projects/bishe/edge/install/bishe_detector/lib:/home/jetson/projects/bishe/edge/install/bishe_camera/lib:/opt/ros/humble/opt/rviz_ogre_vendor/lib:/opt/ros/humble/lib/aarch64-linux-gnu:/opt/ros/humble/lib:/usr/local/cuda-12.6/lib64 /usr/bin/cmake --install /home/jetson/projects/bishe/edge/build/bishe_camera[0m
[2.181s] [34mcolcon.colcon_core.event_handler.log_command[0m [1;30mDEBUG[0m [32mInvoked command in '/home/jetson/projects/bishe/edge/build/bishe_detector' returned '0': CMAKE_PREFIX_PATH=/home/jetson/projects/bishe/edge/install/bishe_msgs:/home/jetson/projects/bishe/edge/install/bishe_streamer:/home/jetson/projects/bishe/edge/install/bishe_monitor:/home/jetson/projects/bishe/edge/install/bishe_detector:/home/jetson/projects/bishe/edge/install/bishe_camera:/home/jetson/projects/bishe/edge/install/bishe_mqtt:/home/jetson/projects/bishe/edge/install/bishe_launch:/opt/ros/humble LD_LIBRARY_PATH=/home/jetson/projects/bishe/edge/install/bishe_msgs/lib:/home/jetson/projects/bishe/edge/install/bishe_detector/lib:/home/jetson/projects/bishe/edge/install/bishe_camera/lib:/opt/ros/humble/opt/rviz_ogre_vendor/lib:/opt/ros/humble/lib/aarch64-linux-gnu:/opt/ros/humble/lib:/usr/local/cuda-12.6/lib64 /usr/bin/cmake --build /home/jetson/projects/bishe/edge/build/bishe_detector -- -j6 -l6[0m
[2.186s] [34mcolcon.colcon_core.event_handler.log_command[0m [1;30mDEBUG[0m [32mInvoking command in '/home/jetson/projects/bishe/edge/build/bishe_detector': CMAKE_PREFIX_PATH=/home/jetson/projects/bishe/edge/install/bishe_msgs:/home/jetson/projects/bishe/edge/install/bishe_streamer:/home/jetson/projects/bishe/edge/install/bishe_monitor:/home/jetson/projects/bishe/edge/install/bishe_detector:/home/jetson/projects/bishe/edge/install/bishe_camera:/home/jetson/projects/bishe/edge/install/bishe_mqtt:/home/jetson/projects/bishe/edge/install/bishe_launch:/opt/ros/humble LD_LIBRARY_PATH=/home/jetson/projects/bishe/edge/install/bishe_msgs/lib:/home/jetson/projects/bishe/edge/install/bishe_detector/lib:/home/jetson/projects/bishe/edge/install/bishe_camera/lib:/opt/ros/humble/opt/rviz_ogre_vendor/lib:/opt/ros/humble/lib/aarch64-linux-gnu:/opt/ros/humble/lib:/usr/local/cuda-12.6/lib64 /usr/bin/cmake --install /home/jetson/projects/bishe/edge/build/bishe_detector[0m
[2.228s] [34mcolcon.colcon_core.environment[0m [1;30mLevel 1[0m create_environment_scripts_only(bishe_monitor)
[2.229s] [34mcolcon.colcon_core.environment[0m [1;30mLevel 1[0m checking '/home/jetson/projects/bishe/edge/install/bishe_monitor' for CMake module files
[2.230s] [34mcolcon.colcon_core.environment[0m [1;30mLevel 1[0m checking '/home/jetson/projects/bishe/edge/install/bishe_monitor' for CMake config files
[2.231s] [34mcolcon.colcon_core.event_handler.log_command[0m [1;30mDEBUG[0m [32mInvoked command in '/home/jetson/projects/bishe/edge/build/bishe_monitor' returned '0': CMAKE_PREFIX_PATH=/home/jetson/projects/bishe/edge/install/bishe_msgs:/home/jetson/projects/bishe/edge/install/bishe_streamer:/home/jetson/projects/bishe/edge/install/bishe_monitor:/home/jetson/projects/bishe/edge/install/bishe_detector:/home/jetson/projects/bishe/edge/install/bishe_camera:/home/jetson/projects/bishe/edge/install/bishe_mqtt:/home/jetson/projects/bishe/edge/install/bishe_launch:/opt/ros/humble LD_LIBRARY_PATH=/home/jetson/projects/bishe/edge/install/bishe_msgs/lib:/home/jetson/projects/bishe/edge/install/bishe_detector/lib:/home/jetson/projects/bishe/edge/install/bishe_camera/lib:/opt/ros/humble/opt/rviz_ogre_vendor/lib:/opt/ros/humble/lib/aarch64-linux-gnu:/opt/ros/humble/lib:/usr/local/cuda-12.6/lib64 /usr/bin/cmake --install /home/jetson/projects/bishe/edge/build/bishe_monitor[0m
[2.232s] [34mcolcon.colcon_core.shell[0m [1;30mLevel 1[0m create_environment_hook('bishe_monitor', 'cmake_prefix_path')
[2.233s] [34mcolcon.colcon_core.shell[0m [1;30mINFO[0m Creating environment hook '/home/jetson/projects/bishe/edge/install/bishe_monitor/share/bishe_monitor/hook/cmake_prefix_path.ps1'
[2.235s] [34mcolcon.colcon_core.shell[0m [1;30mINFO[0m Creating environment descriptor '/home/jetson/projects/bishe/edge/install/bishe_monitor/share/bishe_monitor/hook/cmake_prefix_path.dsv'
[2.236s] [34mcolcon.colcon_core.shell[0m [1;30mINFO[0m Creating environment hook '/home/jetson/projects/bishe/edge/install/bishe_monitor/share/bishe_monitor/hook/cmake_prefix_path.sh'
[2.238s] [34mcolcon.colcon_core.environment[0m [1;30mLevel 1[0m checking '/home/jetson/projects/bishe/edge/install/bishe_monitor/lib'
[2.238s] [34mcolcon.colcon_core.environment[0m [1;30mLevel 1[0m checking '/home/jetson/projects/bishe/edge/install/bishe_monitor/bin'
[2.239s] [34mcolcon.colcon_core.environment[0m [1;30mLevel 1[0m checking '/home/jetson/projects/bishe/edge/install/bishe_monitor/lib/pkgconfig/bishe_monitor.pc'
[2.239s] [34mcolcon.colcon_core.environment[0m [1;30mLevel 1[0m checking '/home/jetson/projects/bishe/edge/install/bishe_monitor/lib/python3.10/site-packages'
[2.240s] [34mcolcon.colcon_core.environment[0m [1;30mLevel 1[0m checking '/home/jetson/projects/bishe/edge/install/bishe_monitor/bin'
[2.241s] [34mcolcon.colcon_core.shell[0m [1;30mINFO[0m Creating package script '/home/jetson/projects/bishe/edge/install/bishe_monitor/share/bishe_monitor/package.ps1'
[2.243s] [34mcolcon.colcon_core.shell[0m [1;30mINFO[0m Creating package descriptor '/home/jetson/projects/bishe/edge/install/bishe_monitor/share/bishe_monitor/package.dsv'
[2.244s] [34mcolcon.colcon_core.shell[0m [1;30mINFO[0m Creating package script '/home/jetson/projects/bishe/edge/install/bishe_monitor/share/bishe_monitor/package.sh'
[2.246s] [34mcolcon.colcon_core.shell[0m [1;30mINFO[0m Creating package script '/home/jetson/projects/bishe/edge/install/bishe_monitor/share/bishe_monitor/package.bash'
[2.247s] [34mcolcon.colcon_core.shell[0m [1;30mINFO[0m Creating package script '/home/jetson/projects/bishe/edge/install/bishe_monitor/share/bishe_monitor/package.zsh'
[2.248s] [34mcolcon.colcon_core.environment[0m [1;30mLevel 1[0m create_file_with_runtime_dependencies(/home/jetson/projects/bishe/edge/install/bishe_monitor/share/colcon-core/packages/bishe_monitor)
[2.250s] [34mcolcon.colcon_core.environment[0m [1;30mLevel 1[0m create_environment_scripts_only(bishe_monitor)
[2.251s] [34mcolcon.colcon_core.environment[0m [1;30mLevel 1[0m checking '/home/jetson/projects/bishe/edge/install/bishe_monitor' for CMake module files
[2.252s] [34mcolcon.colcon_core.environment[0m [1;30mLevel 1[0m checking '/home/jetson/projects/bishe/edge/install/bishe_monitor' for CMake config files
[2.253s] [34mcolcon.colcon_core.shell[0m [1;30mLevel 1[0m create_environment_hook('bishe_monitor', 'cmake_prefix_path')
[2.254s] [34mcolcon.colcon_core.shell[0m [1;30mINFO[0m Creating environment hook '/home/jetson/projects/bishe/edge/install/bishe_monitor/share/bishe_monitor/hook/cmake_prefix_path.ps1'
[2.255s] [34mcolcon.colcon_core.shell[0m [1;30mINFO[0m Creating environment descriptor '/home/jetson/projects/bishe/edge/install/bishe_monitor/share/bishe_monitor/hook/cmake_prefix_path.dsv'
[2.256s] [34mcolcon.colcon_core.shell[0m [1;30mINFO[0m Creating environment hook '/home/jetson/projects/bishe/edge/install/bishe_monitor/share/bishe_monitor/hook/cmake_prefix_path.sh'
[2.258s] [34mcolcon.colcon_core.environment[0m [1;30mLevel 1[0m checking '/home/jetson/projects/bishe/edge/install/bishe_monitor/lib'
[2.258s] [34mcolcon.colcon_core.environment[0m [1;30mLevel 1[0m checking '/home/jetson/projects/bishe/edge/install/bishe_monitor/bin'
[2.258s] [34mcolcon.colcon_core.environment[0m [1;30mLevel 1[0m checking '/home/jetson/projects/bishe/edge/install/bishe_monitor/lib/pkgconfig/bishe_monitor.pc'
[2.259s] [34mcolcon.colcon_core.environment[0m [1;30mLevel 1[0m checking '/home/jetson/projects/bishe/edge/install/bishe_monitor/lib/python3.10/site-packages'
[2.260s] [34mcolcon.colcon_core.environment[0m [1;30mLevel 1[0m checking '/home/jetson/projects/bishe/edge/install/bishe_monitor/bin'
[2.261s] [34mcolcon.colcon_core.shell[0m [1;30mINFO[0m Creating package script '/home/jetson/projects/bishe/edge/install/bishe_monitor/share/bishe_monitor/package.ps1'
[2.262s] [34mcolcon.colcon_core.shell[0m [1;30mINFO[0m Creating package descriptor '/home/jetson/projects/bishe/edge/install/bishe_monitor/share/bishe_monitor/package.dsv'
[2.264s] [34mcolcon.colcon_core.shell[0m [1;30mINFO[0m Creating package script '/home/jetson/projects/bishe/edge/install/bishe_monitor/share/bishe_monitor/package.sh'
[2.265s] [34mcolcon.colcon_core.shell[0m [1;30mINFO[0m Creating package script '/home/jetson/projects/bishe/edge/install/bishe_monitor/share/bishe_monitor/package.bash'
[2.266s] [34mcolcon.colcon_core.shell[0m [1;30mINFO[0m Creating package script '/home/jetson/projects/bishe/edge/install/bishe_monitor/share/bishe_monitor/package.zsh'
[2.267s] [34mcolcon.colcon_core.environment[0m [1;30mLevel 1[0m create_file_with_runtime_dependencies(/home/jetson/projects/bishe/edge/install/bishe_monitor/share/colcon-core/packages/bishe_monitor)
[2.271s] [34mcolcon.colcon_core.environment[0m [1;30mLevel 1[0m create_environment_scripts_only(bishe_camera)
[2.272s] [34mcolcon.colcon_core.environment[0m [1;30mLevel 1[0m checking '/home/jetson/projects/bishe/edge/install/bishe_camera' for CMake module files
[2.273s] [34mcolcon.colcon_core.event_handler.log_command[0m [1;30mDEBUG[0m [32mInvoked command in '/home/jetson/projects/bishe/edge/build/bishe_camera' returned '0': CMAKE_PREFIX_PATH=/home/jetson/projects/bishe/edge/install/bishe_msgs:/home/jetson/projects/bishe/edge/install/bishe_streamer:/home/jetson/projects/bishe/edge/install/bishe_monitor:/home/jetson/projects/bishe/edge/install/bishe_detector:/home/jetson/projects/bishe/edge/install/bishe_camera:/home/jetson/projects/bishe/edge/install/bishe_mqtt:/home/jetson/projects/bishe/edge/install/bishe_launch:/opt/ros/humble LD_LIBRARY_PATH=/home/jetson/projects/bishe/edge/install/bishe_msgs/lib:/home/jetson/projects/bishe/edge/install/bishe_detector/lib:/home/jetson/projects/bishe/edge/install/bishe_camera/lib:/opt/ros/humble/opt/rviz_ogre_vendor/lib:/opt/ros/humble/lib/aarch64-linux-gnu:/opt/ros/humble/lib:/usr/local/cuda-12.6/lib64 /usr/bin/cmake --install /home/jetson/projects/bishe/edge/build/bishe_camera[0m
[2.274s] [34mcolcon.colcon_core.environment[0m [1;30mLevel 1[0m checking '/home/jetson/projects/bishe/edge/install/bishe_camera' for CMake config files
[2.274s] [34mcolcon.colcon_core.shell[0m [1;30mLevel 1[0m create_environment_hook('bishe_camera', 'cmake_prefix_path')
[2.275s] [34mcolcon.colcon_core.shell[0m [1;30mINFO[0m Creating environment hook '/home/jetson/projects/bishe/edge/install/bishe_camera/share/bishe_camera/hook/cmake_prefix_path.ps1'
[2.277s] [34mcolcon.colcon_core.shell[0m [1;30mINFO[0m Creating environment descriptor '/home/jetson/projects/bishe/edge/install/bishe_camera/share/bishe_camera/hook/cmake_prefix_path.dsv'
[2.277s] [34mcolcon.colcon_core.shell[0m [1;30mINFO[0m Creating environment hook '/home/jetson/projects/bishe/edge/install/bishe_camera/share/bishe_camera/hook/cmake_prefix_path.sh'
[2.279s] [34mcolcon.colcon_core.environment[0m [1;30mLevel 1[0m checking '/home/jetson/projects/bishe/edge/install/bishe_camera/lib'
[2.279s] [34mcolcon.colcon_core.shell[0m [1;30mLevel 1[0m create_environment_hook('bishe_camera', 'ld_library_path_lib')
[2.280s] [34mcolcon.colcon_core.shell[0m [1;30mINFO[0m Creating environment hook '/home/jetson/projects/bishe/edge/install/bishe_camera/share/bishe_camera/hook/ld_library_path_lib.ps1'
[2.281s] [34mcolcon.colcon_core.shell[0m [1;30mINFO[0m Creating environment descriptor '/home/jetson/projects/bishe/edge/install/bishe_camera/share/bishe_camera/hook/ld_library_path_lib.dsv'
[2.281s] [34mcolcon.colcon_core.shell[0m [1;30mINFO[0m Creating environment hook '/home/jetson/projects/bishe/edge/install/bishe_camera/share/bishe_camera/hook/ld_library_path_lib.sh'
[2.282s] [34mcolcon.colcon_core.environment[0m [1;30mLevel 1[0m checking '/home/jetson/projects/bishe/edge/install/bishe_camera/bin'
[2.282s] [34mcolcon.colcon_core.environment[0m [1;30mLevel 1[0m checking '/home/jetson/projects/bishe/edge/install/bishe_camera/lib/pkgconfig/bishe_camera.pc'
[2.283s] [34mcolcon.colcon_core.environment[0m [1;30mLevel 1[0m checking '/home/jetson/projects/bishe/edge/install/bishe_camera/lib/python3.10/site-packages'
[2.284s] [34mcolcon.colcon_core.environment[0m [1;30mLevel 1[0m checking '/home/jetson/projects/bishe/edge/install/bishe_camera/bin'
[2.284s] [34mcolcon.colcon_core.shell[0m [1;30mINFO[0m Creating package script '/home/jetson/projects/bishe/edge/install/bishe_camera/share/bishe_camera/package.ps1'
[2.286s] [34mcolcon.colcon_core.shell[0m [1;30mINFO[0m Creating package descriptor '/home/jetson/projects/bishe/edge/install/bishe_camera/share/bishe_camera/package.dsv'
[2.287s] [34mcolcon.colcon_core.shell[0m [1;30mINFO[0m Creating package script '/home/jetson/projects/bishe/edge/install/bishe_camera/share/bishe_camera/package.sh'
[2.288s] [34mcolcon.colcon_core.shell[0m [1;30mINFO[0m Creating package script '/home/jetson/projects/bishe/edge/install/bishe_camera/share/bishe_camera/package.bash'
[2.289s] [34mcolcon.colcon_core.shell[0m [1;30mINFO[0m Creating package script '/home/jetson/projects/bishe/edge/install/bishe_camera/share/bishe_camera/package.zsh'
[2.290s] [34mcolcon.colcon_core.environment[0m [1;30mLevel 1[0m create_file_with_runtime_dependencies(/home/jetson/projects/bishe/edge/install/bishe_camera/share/colcon-core/packages/bishe_camera)
[2.291s] [34mcolcon.colcon_core.environment[0m [1;30mLevel 1[0m create_environment_scripts_only(bishe_camera)
[2.291s] [34mcolcon.colcon_core.environment[0m [1;30mLevel 1[0m checking '/home/jetson/projects/bishe/edge/install/bishe_camera' for CMake module files
[2.292s] [34mcolcon.colcon_core.environment[0m [1;30mLevel 1[0m checking '/home/jetson/projects/bishe/edge/install/bishe_camera' for CMake config files
[2.293s] [34mcolcon.colcon_core.shell[0m [1;30mLevel 1[0m create_environment_hook('bishe_camera', 'cmake_prefix_path')
[2.293s] [34mcolcon.colcon_core.shell[0m [1;30mINFO[0m Creating environment hook '/home/jetson/projects/bishe/edge/install/bishe_camera/share/bishe_camera/hook/cmake_prefix_path.ps1'
[2.295s] [34mcolcon.colcon_core.shell[0m [1;30mINFO[0m Creating environment descriptor '/home/jetson/projects/bishe/edge/install/bishe_camera/share/bishe_camera/hook/cmake_prefix_path.dsv'
[2.296s] [34mcolcon.colcon_core.shell[0m [1;30mINFO[0m Creating environment hook '/home/jetson/projects/bishe/edge/install/bishe_camera/share/bishe_camera/hook/cmake_prefix_path.sh'
[2.297s] [34mcolcon.colcon_core.environment[0m [1;30mLevel 1[0m checking '/home/jetson/projects/bishe/edge/install/bishe_camera/lib'
[2.298s] [34mcolcon.colcon_core.shell[0m [1;30mLevel 1[0m create_environment_hook('bishe_camera', 'ld_library_path_lib')
[2.300s] [34mcolcon.colcon_core.shell[0m [1;30mINFO[0m Creating environment hook '/home/jetson/projects/bishe/edge/install/bishe_camera/share/bishe_camera/hook/ld_library_path_lib.ps1'
[2.301s] [34mcolcon.colcon_core.shell[0m [1;30mINFO[0m Creating environment descriptor '/home/jetson/projects/bishe/edge/install/bishe_camera/share/bishe_camera/hook/ld_library_path_lib.dsv'
[2.303s] [34mcolcon.colcon_core.shell[0m [1;30mINFO[0m Creating environment hook '/home/jetson/projects/bishe/edge/install/bishe_camera/share/bishe_camera/hook/ld_library_path_lib.sh'
[2.304s] [34mcolcon.colcon_core.environment[0m [1;30mLevel 1[0m checking '/home/jetson/projects/bishe/edge/install/bishe_camera/bin'
[2.304s] [34mcolcon.colcon_core.environment[0m [1;30mLevel 1[0m checking '/home/jetson/projects/bishe/edge/install/bishe_camera/lib/pkgconfig/bishe_camera.pc'
[2.305s] [34mcolcon.colcon_core.environment[0m [1;30mLevel 1[0m checking '/home/jetson/projects/bishe/edge/install/bishe_camera/lib/python3.10/site-packages'
[2.306s] [34mcolcon.colcon_core.environment[0m [1;30mLevel 1[0m checking '/home/jetson/projects/bishe/edge/install/bishe_camera/bin'
[2.306s] [34mcolcon.colcon_core.shell[0m [1;30mINFO[0m Creating package script '/home/jetson/projects/bishe/edge/install/bishe_camera/share/bishe_camera/package.ps1'
[2.307s] [34mcolcon.colcon_core.shell[0m [1;30mINFO[0m Creating package descriptor '/home/jetson/projects/bishe/edge/install/bishe_camera/share/bishe_camera/package.dsv'
[2.309s] [34mcolcon.colcon_core.shell[0m [1;30mINFO[0m Creating package script '/home/jetson/projects/bishe/edge/install/bishe_camera/share/bishe_camera/package.sh'
[2.310s] [34mcolcon.colcon_core.shell[0m [1;30mINFO[0m Creating package script '/home/jetson/projects/bishe/edge/install/bishe_camera/share/bishe_camera/package.bash'
[2.311s] [34mcolcon.colcon_core.shell[0m [1;30mINFO[0m Creating package script '/home/jetson/projects/bishe/edge/install/bishe_camera/share/bishe_camera/package.zsh'
[2.311s] [34mcolcon.colcon_core.environment[0m [1;30mLevel 1[0m create_file_with_runtime_dependencies(/home/jetson/projects/bishe/edge/install/bishe_camera/share/colcon-core/packages/bishe_camera)
[2.312s] [34mcolcon.colcon_core.environment[0m [1;30mLevel 1[0m create_environment_scripts_only(bishe_detector)
[2.313s] [34mcolcon.colcon_core.environment[0m [1;30mLevel 1[0m checking '/home/jetson/projects/bishe/edge/install/bishe_detector' for CMake module files
[2.314s] [34mcolcon.colcon_core.event_handler.log_command[0m [1;30mDEBUG[0m [32mInvoked command in '/home/jetson/projects/bishe/edge/build/bishe_detector' returned '0': CMAKE_PREFIX_PATH=/home/jetson/projects/bishe/edge/install/bishe_msgs:/home/jetson/projects/bishe/edge/install/bishe_streamer:/home/jetson/projects/bishe/edge/install/bishe_monitor:/home/jetson/projects/bishe/edge/install/bishe_detector:/home/jetson/projects/bishe/edge/install/bishe_camera:/home/jetson/projects/bishe/edge/install/bishe_mqtt:/home/jetson/projects/bishe/edge/install/bishe_launch:/opt/ros/humble LD_LIBRARY_PATH=/home/jetson/projects/bishe/edge/install/bishe_msgs/lib:/home/jetson/projects/bishe/edge/install/bishe_detector/lib:/home/jetson/projects/bishe/edge/install/bishe_camera/lib:/opt/ros/humble/opt/rviz_ogre_vendor/lib:/opt/ros/humble/lib/aarch64-linux-gnu:/opt/ros/humble/lib:/usr/local/cuda-12.6/lib64 /usr/bin/cmake --install /home/jetson/projects/bishe/edge/build/bishe_detector[0m
[2.315s] [34mcolcon.colcon_core.environment[0m [1;30mLevel 1[0m checking '/home/jetson/projects/bishe/edge/install/bishe_detector' for CMake config files
[2.316s] [34mcolcon.colcon_core.shell[0m [1;30mLevel 1[0m create_environment_hook('bishe_detector', 'cmake_prefix_path')
[2.317s] [34mcolcon.colcon_core.shell[0m [1;30mINFO[0m Creating environment hook '/home/jetson/projects/bishe/edge/install/bishe_detector/share/bishe_detector/hook/cmake_prefix_path.ps1'
[2.317s] [34mcolcon.colcon_core.shell[0m [1;30mINFO[0m Creating environment descriptor '/home/jetson/projects/bishe/edge/install/bishe_detector/share/bishe_detector/hook/cmake_prefix_path.dsv'
[2.318s] [34mcolcon.colcon_core.shell[0m [1;30mINFO[0m Creating environment hook '/home/jetson/projects/bishe/edge/install/bishe_detector/share/bishe_detector/hook/cmake_prefix_path.sh'
[2.319s] [34mcolcon.colcon_core.environment[0m [1;30mLevel 1[0m checking '/home/jetson/projects/bishe/edge/install/bishe_detector/lib'
[2.320s] [34mcolcon.colcon_core.shell[0m [1;30mLevel 1[0m create_environment_hook('bishe_detector', 'ld_library_path_lib')
[2.320s] [34mcolcon.colcon_core.shell[0m [1;30mINFO[0m Creating environment hook '/home/jetson/projects/bishe/edge/install/bishe_detector/share/bishe_detector/hook/ld_library_path_lib.ps1'
[2.321s] [34mcolcon.colcon_core.shell[0m [1;30mINFO[0m Creating environment descriptor '/home/jetson/projects/bishe/edge/install/bishe_detector/share/bishe_detector/hook/ld_library_path_lib.dsv'
[2.322s] [34mcolcon.colcon_core.shell[0m [1;30mINFO[0m Creating environment hook '/home/jetson/projects/bishe/edge/install/bishe_detector/share/bishe_detector/hook/ld_library_path_lib.sh'
[2.323s] [34mcolcon.colcon_core.environment[0m [1;30mLevel 1[0m checking '/home/jetson/projects/bishe/edge/install/bishe_detector/bin'
[2.323s] [34mcolcon.colcon_core.environment[0m [1;30mLevel 1[0m checking '/home/jetson/projects/bishe/edge/install/bishe_detector/lib/pkgconfig/bishe_detector.pc'
[2.323s] [34mcolcon.colcon_core.environment[0m [1;30mLevel 1[0m checking '/home/jetson/projects/bishe/edge/install/bishe_detector/lib/python3.10/site-packages'
[2.324s] [34mcolcon.colcon_core.environment[0m [1;30mLevel 1[0m checking '/home/jetson/projects/bishe/edge/install/bishe_detector/bin'
[2.325s] [34mcolcon.colcon_core.shell[0m [1;30mINFO[0m Creating package script '/home/jetson/projects/bishe/edge/install/bishe_detector/share/bishe_detector/package.ps1'
[2.326s] [34mcolcon.colcon_core.shell[0m [1;30mINFO[0m Creating package descriptor '/home/jetson/projects/bishe/edge/install/bishe_detector/share/bishe_detector/package.dsv'
[2.327s] [34mcolcon.colcon_core.shell[0m [1;30mINFO[0m Creating package script '/home/jetson/projects/bishe/edge/install/bishe_detector/share/bishe_detector/package.sh'
[2.328s] [34mcolcon.colcon_core.shell[0m [1;30mINFO[0m Creating package script '/home/jetson/projects/bishe/edge/install/bishe_detector/share/bishe_detector/package.bash'
[2.329s] [34mcolcon.colcon_core.shell[0m [1;30mINFO[0m Creating package script '/home/jetson/projects/bishe/edge/install/bishe_detector/share/bishe_detector/package.zsh'
[2.330s] [34mcolcon.colcon_core.environment[0m [1;30mLevel 1[0m create_file_with_runtime_dependencies(/home/jetson/projects/bishe/edge/install/bishe_detector/share/colcon-core/packages/bishe_detector)
[2.331s] [34mcolcon.colcon_core.environment[0m [1;30mLevel 1[0m create_environment_scripts_only(bishe_detector)
[2.332s] [34mcolcon.colcon_core.environment[0m [1;30mLevel 1[0m checking '/home/jetson/projects/bishe/edge/install/bishe_detector' for CMake module files
[2.332s] [34mcolcon.colcon_core.environment[0m [1;30mLevel 1[0m checking '/home/jetson/projects/bishe/edge/install/bishe_detector' for CMake config files
[2.333s] [34mcolcon.colcon_core.shell[0m [1;30mLevel 1[0m create_environment_hook('bishe_detector', 'cmake_prefix_path')
[2.333s] [34mcolcon.colcon_core.shell[0m [1;30mINFO[0m Creating environment hook '/home/jetson/projects/bishe/edge/install/bishe_detector/share/bishe_detector/hook/cmake_prefix_path.ps1'
[2.334s] [34mcolcon.colcon_core.shell[0m [1;30mINFO[0m Creating environment descriptor '/home/jetson/projects/bishe/edge/install/bishe_detector/share/bishe_detector/hook/cmake_prefix_path.dsv'
[2.335s] [34mcolcon.colcon_core.shell[0m [1;30mINFO[0m Creating environment hook '/home/jetson/projects/bishe/edge/install/bishe_detector/share/bishe_detector/hook/cmake_prefix_path.sh'
[2.336s] [34mcolcon.colcon_core.environment[0m [1;30mLevel 1[0m checking '/home/jetson/projects/bishe/edge/install/bishe_detector/lib'
[2.336s] [34mcolcon.colcon_core.shell[0m [1;30mLevel 1[0m create_environment_hook('bishe_detector', 'ld_library_path_lib')
[2.337s] [34mcolcon.colcon_core.shell[0m [1;30mINFO[0m Creating environment hook '/home/jetson/projects/bishe/edge/install/bishe_detector/share/bishe_detector/hook/ld_library_path_lib.ps1'
[2.337s] [34mcolcon.colcon_core.shell[0m [1;30mINFO[0m Creating environment descriptor '/home/jetson/projects/bishe/edge/install/bishe_detector/share/bishe_detector/hook/ld_library_path_lib.dsv'
[2.338s] [34mcolcon.colcon_core.shell[0m [1;30mINFO[0m Creating environment hook '/home/jetson/projects/bishe/edge/install/bishe_detector/share/bishe_detector/hook/ld_library_path_lib.sh'
[2.339s] [34mcolcon.colcon_core.environment[0m [1;30mLevel 1[0m checking '/home/jetson/projects/bishe/edge/install/bishe_detector/bin'
[2.339s] [34mcolcon.colcon_core.environment[0m [1;30mLevel 1[0m checking '/home/jetson/projects/bishe/edge/install/bishe_detector/lib/pkgconfig/bishe_detector.pc'
[2.339s] [34mcolcon.colcon_core.environment[0m [1;30mLevel 1[0m checking '/home/jetson/projects/bishe/edge/install/bishe_detector/lib/python3.10/site-packages'
[2.340s] [34mcolcon.colcon_core.environment[0m [1;30mLevel 1[0m checking '/home/jetson/projects/bishe/edge/install/bishe_detector/bin'
[2.341s] [34mcolcon.colcon_core.shell[0m [1;30mINFO[0m Creating package script '/home/jetson/projects/bishe/edge/install/bishe_detector/share/bishe_detector/package.ps1'
[2.342s] [34mcolcon.colcon_core.shell[0m [1;30mINFO[0m Creating package descriptor '/home/jetson/projects/bishe/edge/install/bishe_detector/share/bishe_detector/package.dsv'
[2.343s] [34mcolcon.colcon_core.shell[0m [1;30mINFO[0m Creating package script '/home/jetson/projects/bishe/edge/install/bishe_detector/share/bishe_detector/package.sh'
[2.344s] [34mcolcon.colcon_core.shell[0m [1;30mINFO[0m Creating package script '/home/jetson/projects/bishe/edge/install/bishe_detector/share/bishe_detector/package.bash'
[2.344s] [34mcolcon.colcon_core.shell[0m [1;30mINFO[0m Creating package script '/home/jetson/projects/bishe/edge/install/bishe_detector/share/bishe_detector/package.zsh'
[2.345s] [34mcolcon.colcon_core.environment[0m [1;30mLevel 1[0m create_file_with_runtime_dependencies(/home/jetson/projects/bishe/edge/install/bishe_detector/share/colcon-core/packages/bishe_detector)
[2.347s] [34mcolcon.colcon_ros.task.ament_python.build[0m [1;30mINFO[0m Building ROS package in '/home/jetson/projects/bishe/edge/src/bishe_launch' with build type 'ament_python'
[2.347s] [34mcolcon.colcon_core.shell[0m [1;30mLevel 1[0m create_environment_hook('bishe_launch', 'ament_prefix_path')
[2.348s] [34mcolcon.colcon_core.shell[0m [1;30mINFO[0m Creating environment hook '/home/jetson/projects/bishe/edge/install/bishe_launch/share/bishe_launch/hook/ament_prefix_path.ps1'
[2.348s] [34mcolcon.colcon_core.shell[0m [1;30mINFO[0m Creating environment descriptor '/home/jetson/projects/bishe/edge/install/bishe_launch/share/bishe_launch/hook/ament_prefix_path.dsv'
[2.349s] [34mcolcon.colcon_core.shell[0m [1;30mINFO[0m Creating environment hook '/home/jetson/projects/bishe/edge/install/bishe_launch/share/bishe_launch/hook/ament_prefix_path.sh'
[2.350s] [34mcolcon.colcon_core.shell[0m [1;30mINFO[0m Skip shell extension 'powershell' for command environment: Not usable outside of PowerShell
[2.350s] [34mcolcon.colcon_core.shell[0m [1;30mDEBUG[0m [32mSkip shell extension 'dsv' for command environment[0m
[2.836s] [34mcolcon.colcon_core.task.python.build[0m [1;30mINFO[0m Building Python package in '/home/jetson/projects/bishe/edge/src/bishe_launch'
[2.837s] [34mcolcon.colcon_core.shell[0m [1;30mINFO[0m Skip shell extension 'powershell' for command environment: Not usable outside of PowerShell
[2.837s] [34mcolcon.colcon_core.shell[0m [1;30mDEBUG[0m [32mSkip shell extension 'dsv' for command environment[0m
[3.487s] [34mcolcon.colcon_core.event_handler.log_command[0m [1;30mDEBUG[0m [32mInvoking command in '/home/jetson/projects/bishe/edge/src/bishe_launch': LD_LIBRARY_PATH=/home/jetson/projects/bishe/edge/install/bishe_detector/lib:/home/jetson/projects/bishe/edge/install/bishe_camera/lib:/home/jetson/projects/bishe/edge/install/bishe_msgs/lib:/opt/ros/humble/opt/rviz_ogre_vendor/lib:/opt/ros/humble/lib/aarch64-linux-gnu:/opt/ros/humble/lib:/usr/local/cuda-12.6/lib64 PYTHONPATH=/home/jetson/projects/bishe/edge/build/bishe_launch/prefix_override:/usr/lib/python3/dist-packages/colcon_core/task/python/colcon_distutils_commands:/home/jetson/projects/bishe/edge/install/bishe_launch/lib/python3.10/site-packages:${PYTHONPATH} /usr/bin/python3 -W ignore:setup.py install is deprecated -W ignore:easy_install command is deprecated setup.py egg_info --egg-base ../../build/bishe_launch build --build-base /home/jetson/projects/bishe/edge/build/bishe_launch/build install --record /home/jetson/projects/bishe/edge/build/bishe_launch/install.log --single-version-externally-managed install_data[0m
[4.035s] [34mcolcon.colcon_core.environment[0m [1;30mLevel 1[0m checking '/home/jetson/projects/bishe/edge/install/bishe_launch' for CMake module files
[4.037s] [34mcolcon.colcon_core.event_handler.log_command[0m [1;30mDEBUG[0m [32mInvoked command in '/home/jetson/projects/bishe/edge/src/bishe_launch' returned '0': LD_LIBRARY_PATH=/home/jetson/projects/bishe/edge/install/bishe_detector/lib:/home/jetson/projects/bishe/edge/install/bishe_camera/lib:/home/jetson/projects/bishe/edge/install/bishe_msgs/lib:/opt/ros/humble/opt/rviz_ogre_vendor/lib:/opt/ros/humble/lib/aarch64-linux-gnu:/opt/ros/humble/lib:/usr/local/cuda-12.6/lib64 PYTHONPATH=/home/jetson/projects/bishe/edge/build/bishe_launch/prefix_override:/usr/lib/python3/dist-packages/colcon_core/task/python/colcon_distutils_commands:/home/jetson/projects/bishe/edge/install/bishe_launch/lib/python3.10/site-packages:${PYTHONPATH} /usr/bin/python3 -W ignore:setup.py install is deprecated -W ignore:easy_install command is deprecated setup.py egg_info --egg-base ../../build/bishe_launch build --build-base /home/jetson/projects/bishe/edge/build/bishe_launch/build install --record /home/jetson/projects/bishe/edge/build/bishe_launch/install.log --single-version-externally-managed install_data[0m
[4.038s] [34mcolcon.colcon_core.environment[0m [1;30mLevel 1[0m checking '/home/jetson/projects/bishe/edge/install/bishe_launch' for CMake config files
[4.040s] [34mcolcon.colcon_core.environment[0m [1;30mLevel 1[0m checking '/home/jetson/projects/bishe/edge/install/bishe_launch/lib'
[4.041s] [34mcolcon.colcon_core.environment[0m [1;30mLevel 1[0m checking '/home/jetson/projects/bishe/edge/install/bishe_launch/bin'
[4.041s] [34mcolcon.colcon_core.environment[0m [1;30mLevel 1[0m checking '/home/jetson/projects/bishe/edge/install/bishe_launch/lib/pkgconfig/bishe_launch.pc'
[4.042s] [34mcolcon.colcon_core.environment[0m [1;30mLevel 1[0m checking '/home/jetson/projects/bishe/edge/install/bishe_launch/lib/python3.10/site-packages'
[4.042s] [34mcolcon.colcon_core.shell[0m [1;30mLevel 1[0m create_environment_hook('bishe_launch', 'pythonpath')
[4.043s] [34mcolcon.colcon_core.shell[0m [1;30mINFO[0m Creating environment hook '/home/jetson/projects/bishe/edge/install/bishe_launch/share/bishe_launch/hook/pythonpath.ps1'
[4.045s] [34mcolcon.colcon_core.shell[0m [1;30mINFO[0m Creating environment descriptor '/home/jetson/projects/bishe/edge/install/bishe_launch/share/bishe_launch/hook/pythonpath.dsv'
[4.046s] [34mcolcon.colcon_core.shell[0m [1;30mINFO[0m Creating environment hook '/home/jetson/projects/bishe/edge/install/bishe_launch/share/bishe_launch/hook/pythonpath.sh'
[4.049s] [34mcolcon.colcon_core.environment[0m [1;30mLevel 1[0m checking '/home/jetson/projects/bishe/edge/install/bishe_launch/bin'
[4.049s] [34mcolcon.colcon_core.environment[0m [1;30mLevel 1[0m create_environment_scripts_only(bishe_launch)
[4.051s] [34mcolcon.colcon_core.shell[0m [1;30mINFO[0m Creating package script '/home/jetson/projects/bishe/edge/install/bishe_launch/share/bishe_launch/package.ps1'
[4.053s] [34mcolcon.colcon_core.shell[0m [1;30mINFO[0m Creating package descriptor '/home/jetson/projects/bishe/edge/install/bishe_launch/share/bishe_launch/package.dsv'
[4.054s] [34mcolcon.colcon_core.shell[0m [1;30mINFO[0m Creating package script '/home/jetson/projects/bishe/edge/install/bishe_launch/share/bishe_launch/package.sh'
[4.056s] [34mcolcon.colcon_core.shell[0m [1;30mINFO[0m Creating package script '/home/jetson/projects/bishe/edge/install/bishe_launch/share/bishe_launch/package.bash'
[4.057s] [34mcolcon.colcon_core.shell[0m [1;30mINFO[0m Creating package script '/home/jetson/projects/bishe/edge/install/bishe_launch/share/bishe_launch/package.zsh'
[4.059s] [34mcolcon.colcon_core.environment[0m [1;30mLevel 1[0m create_file_with_runtime_dependencies(/home/jetson/projects/bishe/edge/install/bishe_launch/share/colcon-core/packages/bishe_launch)
[4.060s] [34mcolcon.colcon_parallel_executor.executor.parallel[0m [1;30mDEBUG[0m [32mclosing loop[0m
[4.061s] [34mcolcon.colcon_parallel_executor.executor.parallel[0m [1;30mDEBUG[0m [32mloop closed[0m
[4.061s] [34mcolcon.colcon_parallel_executor.executor.parallel[0m [1;30mDEBUG[0m [32mrun_until_complete finished with '0'[0m
[4.062s] [34mcolcon.colcon_core.event_reactor[0m [1;30mDEBUG[0m [32mjoining thread[0m
[4.082s] [34mcolcon.colcon_core.plugin_system[0m [1;30mINFO[0m Skipping extension 'colcon_notification.desktop_notification.terminal_notifier': Not used on non-Darwin systems
[4.082s] [34mcolcon.colcon_core.plugin_system[0m [1;30mINFO[0m Skipping extension 'colcon_notification.desktop_notification.win32': Not used on non-Windows systems
[4.083s] [34mcolcon.colcon_notification.desktop_notification[0m [1;30mINFO[0m Sending desktop notification using 'notify2'
[4.115s] [34mcolcon.colcon_core.event_reactor[0m [1;30mDEBUG[0m [32mjoined thread[0m
[4.117s] [34mcolcon.colcon_core.shell[0m [1;30mINFO[0m Creating prefix script '/home/jetson/projects/bishe/edge/install/local_setup.ps1'
[4.121s] [34mcolcon.colcon_core.shell[0m [1;30mINFO[0m Creating prefix util module '/home/jetson/projects/bishe/edge/install/_local_setup_util_ps1.py'
[4.126s] [34mcolcon.colcon_core.shell[0m [1;30mINFO[0m Creating prefix chain script '/home/jetson/projects/bishe/edge/install/setup.ps1'
[4.132s] [34mcolcon.colcon_core.shell[0m [1;30mINFO[0m Creating prefix script '/home/jetson/projects/bishe/edge/install/local_setup.sh'
[4.134s] [34mcolcon.colcon_core.shell[0m [1;30mINFO[0m Creating prefix util module '/home/jetson/projects/bishe/edge/install/_local_setup_util_sh.py'
[4.137s] [34mcolcon.colcon_core.shell[0m [1;30mINFO[0m Creating prefix chain script '/home/jetson/projects/bishe/edge/install/setup.sh'
[4.141s] [34mcolcon.colcon_core.shell[0m [1;30mINFO[0m Creating prefix script '/home/jetson/projects/bishe/edge/install/local_setup.bash'
[4.143s] [34mcolcon.colcon_core.shell[0m [1;30mINFO[0m Creating prefix chain script '/home/jetson/projects/bishe/edge/install/setup.bash'
[4.148s] [34mcolcon.colcon_core.shell[0m [1;30mINFO[0m Creating prefix script '/home/jetson/projects/bishe/edge/install/local_setup.zsh'
[4.150s] [34mcolcon.colcon_core.shell[0m [1;30mINFO[0m Creating prefix chain script '/home/jetson/projects/bishe/edge/install/setup.zsh'
